{"level":"info","message":"Server ready on http://localhost:3000","timestamp":"2024-09-30T12:59:59.847Z"}
{"level":"info","message":"New connection: z3eWVAZwNg2ZjxnlAAAB","timestamp":"2024-09-30T13:00:10.864Z"}
{"level":"info","message":"New connection: KJ-oj4dJUcxH1dCVAAAD","timestamp":"2024-09-30T13:00:10.870Z"}
{"level":"info","message":"User aliftan joined room 1ea819dd-1822-49fd-948f-09c290a831fd. Total users: 1","timestamp":"2024-09-30T13:00:15.205Z"}
{"level":"info","message":"User aliftan joined room 1ea819dd-1822-49fd-948f-09c290a831fd. Total users: 1","timestamp":"2024-09-30T13:00:15.209Z"}
{"level":"info","message":"User aliftan left room 1ea819dd-1822-49fd-948f-09c290a831fd. Total users: 0","timestamp":"2024-09-30T13:00:15.217Z"}
{"level":"info","message":"Room 1ea819dd-1822-49fd-948f-09c290a831fd deleted as it's empty","timestamp":"2024-09-30T13:00:15.218Z"}
{"level":"info","message":"User aliftan joined room 1ea819dd-1822-49fd-948f-09c290a831fd. Total users: 1","timestamp":"2024-09-30T13:00:15.219Z"}
{"level":"info","message":"User aliftan joined room 1ea819dd-1822-49fd-948f-09c290a831fd. Total users: 1","timestamp":"2024-09-30T13:00:16.679Z"}
{"level":"info","message":"User aliftan joined room 1ea819dd-1822-49fd-948f-09c290a831fd. Total users: 1","timestamp":"2024-09-30T13:00:16.698Z"}
{"level":"info","message":"New connection: nJyojfASRNfKI5qrAAAF","timestamp":"2024-09-30T13:00:42.003Z"}
{"level":"info","message":"New connection: D8PPjGJbqJjWg5GmAAAH","timestamp":"2024-09-30T13:00:42.015Z"}
{"level":"info","message":"New connection: YRwfN5N178cTgTY8AAAJ","timestamp":"2024-09-30T13:00:45.911Z"}
{"level":"info","message":"User wira joined room 1ea819dd-1822-49fd-948f-09c290a831fd. Total users: 2","timestamp":"2024-09-30T13:00:46.249Z"}
{"level":"info","message":"User wira joined room 1ea819dd-1822-49fd-948f-09c290a831fd. Total users: 2","timestamp":"2024-09-30T13:00:46.251Z"}
{"level":"info","message":"User wira left room 1ea819dd-1822-49fd-948f-09c290a831fd. Total users: 1","timestamp":"2024-09-30T13:00:46.258Z"}
{"level":"info","message":"User wira joined room 1ea819dd-1822-49fd-948f-09c290a831fd. Total users: 2","timestamp":"2024-09-30T13:00:46.260Z"}
{"level":"info","message":"User wira joined room 1ea819dd-1822-49fd-948f-09c290a831fd. Total users: 2","timestamp":"2024-09-30T13:00:49.147Z"}
{"level":"info","message":"User wira joined room 1ea819dd-1822-49fd-948f-09c290a831fd. Total users: 2","timestamp":"2024-09-30T13:00:49.162Z"}
{"level":"info","message":"User wira left room 1ea819dd-1822-49fd-948f-09c290a831fd. Total users: 1","timestamp":"2024-09-30T13:02:55.512Z"}
{"level":"info","message":"User wira joined room 1ea819dd-1822-49fd-948f-09c290a831fd. Total users: 2","timestamp":"2024-09-30T13:02:55.514Z"}
{"level":"info","message":"User aliftan left room 1ea819dd-1822-49fd-948f-09c290a831fd. Total users: 1","timestamp":"2024-09-30T13:02:55.566Z"}
{"level":"info","message":"User aliftan joined room 1ea819dd-1822-49fd-948f-09c290a831fd. Total users: 2","timestamp":"2024-09-30T13:02:55.633Z"}
{"level":"info","message":"User aliftan left room 1ea819dd-1822-49fd-948f-09c290a831fd. Total users: 1","timestamp":"2024-09-30T13:03:04.386Z"}
{"level":"info","message":"User aliftan joined room 1ea819dd-1822-49fd-948f-09c290a831fd. Total users: 2","timestamp":"2024-09-30T13:03:04.387Z"}
{"level":"info","message":"User wira left room 1ea819dd-1822-49fd-948f-09c290a831fd. Total users: 1","timestamp":"2024-09-30T13:03:04.389Z"}
{"level":"info","message":"User wira joined room 1ea819dd-1822-49fd-948f-09c290a831fd. Total users: 2","timestamp":"2024-09-30T13:03:04.390Z"}
{"level":"info","message":"User wira left room 1ea819dd-1822-49fd-948f-09c290a831fd. Total users: 1","timestamp":"2024-09-30T13:03:05.891Z"}
{"level":"info","message":"User wira joined room 1ea819dd-1822-49fd-948f-09c290a831fd. Total users: 2","timestamp":"2024-09-30T13:03:05.892Z"}
{"level":"info","message":"User aliftan left room 1ea819dd-1822-49fd-948f-09c290a831fd. Total users: 1","timestamp":"2024-09-30T13:03:05.893Z"}
{"level":"info","message":"User aliftan joined room 1ea819dd-1822-49fd-948f-09c290a831fd. Total users: 2","timestamp":"2024-09-30T13:03:05.893Z"}
{"level":"info","message":"User aliftan left room 1ea819dd-1822-49fd-948f-09c290a831fd. Total users: 1","timestamp":"2024-09-30T13:03:11.929Z"}
{"level":"info","message":"User wira left room 1ea819dd-1822-49fd-948f-09c290a831fd. Total users: 0","timestamp":"2024-09-30T13:03:11.930Z"}
{"level":"info","message":"Room 1ea819dd-1822-49fd-948f-09c290a831fd deleted as it's empty","timestamp":"2024-09-30T13:03:11.930Z"}
{"level":"info","message":"User aliftan joined room 1ea819dd-1822-49fd-948f-09c290a831fd. Total users: 1","timestamp":"2024-09-30T13:03:11.972Z"}
{"level":"info","message":"User wira joined room 1ea819dd-1822-49fd-948f-09c290a831fd. Total users: 2","timestamp":"2024-09-30T13:03:11.974Z"}
{"level":"info","message":"User wira left room 1ea819dd-1822-49fd-948f-09c290a831fd. Total users: 1","timestamp":"2024-09-30T13:03:22.234Z"}
{"level":"info","message":"User aliftan left room 1ea819dd-1822-49fd-948f-09c290a831fd. Total users: 0","timestamp":"2024-09-30T13:03:22.241Z"}
{"level":"info","message":"Room 1ea819dd-1822-49fd-948f-09c290a831fd deleted as it's empty","timestamp":"2024-09-30T13:03:22.242Z"}
{"level":"info","message":"User wira joined room 1ea819dd-1822-49fd-948f-09c290a831fd. Total users: 1","timestamp":"2024-09-30T13:03:22.265Z"}
{"level":"info","message":"User aliftan joined room 1ea819dd-1822-49fd-948f-09c290a831fd. Total users: 2","timestamp":"2024-09-30T13:03:22.287Z"}
{"level":"info","message":"User aliftan left room 1ea819dd-1822-49fd-948f-09c290a831fd. Total users: 1","timestamp":"2024-09-30T13:03:30.878Z"}
{"level":"info","message":"User aliftan joined room 1ea819dd-1822-49fd-948f-09c290a831fd. Total users: 2","timestamp":"2024-09-30T13:03:30.879Z"}
{"level":"info","message":"User wira left room 1ea819dd-1822-49fd-948f-09c290a831fd. Total users: 1","timestamp":"2024-09-30T13:03:30.880Z"}
{"level":"info","message":"User wira joined room 1ea819dd-1822-49fd-948f-09c290a831fd. Total users: 2","timestamp":"2024-09-30T13:03:30.881Z"}
{"level":"info","message":"User aliftan left room 1ea819dd-1822-49fd-948f-09c290a831fd. Total users: 1","timestamp":"2024-09-30T13:03:36.163Z"}
{"level":"info","message":"User wira left room 1ea819dd-1822-49fd-948f-09c290a831fd. Total users: 0","timestamp":"2024-09-30T13:03:36.163Z"}
{"level":"info","message":"Room 1ea819dd-1822-49fd-948f-09c290a831fd deleted as it's empty","timestamp":"2024-09-30T13:03:36.164Z"}
{"level":"info","message":"User aliftan joined room 1ea819dd-1822-49fd-948f-09c290a831fd. Total users: 1","timestamp":"2024-09-30T13:03:36.191Z"}
{"level":"info","message":"User wira joined room 1ea819dd-1822-49fd-948f-09c290a831fd. Total users: 2","timestamp":"2024-09-30T13:03:36.271Z"}
{"level":"info","message":"User wira left room 1ea819dd-1822-49fd-948f-09c290a831fd. Total users: 1","timestamp":"2024-09-30T13:03:44.953Z"}
{"level":"info","message":"User aliftan left room 1ea819dd-1822-49fd-948f-09c290a831fd. Total users: 0","timestamp":"2024-09-30T13:03:44.962Z"}
{"level":"info","message":"Room 1ea819dd-1822-49fd-948f-09c290a831fd deleted as it's empty","timestamp":"2024-09-30T13:03:44.963Z"}
{"level":"info","message":"User aliftan joined room 1ea819dd-1822-49fd-948f-09c290a831fd. Total users: 1","timestamp":"2024-09-30T13:03:45.000Z"}
{"level":"info","message":"User wira joined room 1ea819dd-1822-49fd-948f-09c290a831fd. Total users: 2","timestamp":"2024-09-30T13:03:45.056Z"}
{"level":"info","message":"User aliftan left room 1ea819dd-1822-49fd-948f-09c290a831fd. Total users: 1","timestamp":"2024-09-30T13:03:46.212Z"}
{"level":"info","message":"User aliftan joined room 1ea819dd-1822-49fd-948f-09c290a831fd. Total users: 2","timestamp":"2024-09-30T13:03:46.213Z"}
{"level":"info","message":"User wira left room 1ea819dd-1822-49fd-948f-09c290a831fd. Total users: 1","timestamp":"2024-09-30T13:03:46.216Z"}
{"level":"info","message":"User wira joined room 1ea819dd-1822-49fd-948f-09c290a831fd. Total users: 2","timestamp":"2024-09-30T13:03:46.269Z"}
{"level":"info","message":"User aliftan left room 1ea819dd-1822-49fd-948f-09c290a831fd. Total users: 1","timestamp":"2024-09-30T13:03:56.797Z"}
{"level":"info","message":"User wira left room 1ea819dd-1822-49fd-948f-09c290a831fd. Total users: 0","timestamp":"2024-09-30T13:03:56.800Z"}
{"level":"info","message":"Room 1ea819dd-1822-49fd-948f-09c290a831fd deleted as it's empty","timestamp":"2024-09-30T13:03:56.801Z"}
{"level":"info","message":"User aliftan joined room 1ea819dd-1822-49fd-948f-09c290a831fd. Total users: 1","timestamp":"2024-09-30T13:03:56.880Z"}
{"level":"info","message":"User wira joined room 1ea819dd-1822-49fd-948f-09c290a831fd. Total users: 2","timestamp":"2024-09-30T13:03:56.881Z"}
{"level":"info","message":"User aliftan left room 1ea819dd-1822-49fd-948f-09c290a831fd. Total users: 1","timestamp":"2024-09-30T13:04:03.145Z"}
{"level":"info","message":"New connection: 66U26GG8O7Sx0kA6AAAL","timestamp":"2024-09-30T13:04:04.018Z"}
{"level":"info","message":"New connection: 0lX2QoAx6V71P-ydAAAN","timestamp":"2024-09-30T13:04:04.058Z"}
{"level":"info","message":"User aliftan joined room 1ea819dd-1822-49fd-948f-09c290a831fd. Total users: 2","timestamp":"2024-09-30T13:04:04.059Z"}
{"level":"info","message":"User aliftan left room 1ea819dd-1822-49fd-948f-09c290a831fd. Total users: 1","timestamp":"2024-09-30T13:04:04.061Z"}
{"level":"info","message":"User aliftan joined room 1ea819dd-1822-49fd-948f-09c290a831fd. Total users: 2","timestamp":"2024-09-30T13:04:04.061Z"}
{"level":"info","message":"User aliftan left room 1ea819dd-1822-49fd-948f-09c290a831fd. Total users: 1","timestamp":"2024-09-30T13:04:04.066Z"}
{"level":"info","message":"New connection: 9GrP7WDO8NxhbgsDAAAQ","timestamp":"2024-09-30T13:04:04.081Z"}
{"level":"info","message":"User aliftan joined room 1ea819dd-1822-49fd-948f-09c290a831fd. Total users: 2","timestamp":"2024-09-30T13:04:04.082Z"}
{"level":"info","message":"User aliftan left room 1ea819dd-1822-49fd-948f-09c290a831fd. Total users: 1","timestamp":"2024-09-30T13:04:04.083Z"}
{"level":"info","message":"User aliftan joined room 1ea819dd-1822-49fd-948f-09c290a831fd. Total users: 2","timestamp":"2024-09-30T13:04:04.084Z"}
{"level":"info","message":"New connection: h0dTkjy2BdqoHM3-AAAR","timestamp":"2024-09-30T13:04:04.085Z"}
{"level":"info","message":"User aliftan left room 1ea819dd-1822-49fd-948f-09c290a831fd. Total users: 1","timestamp":"2024-09-30T13:04:04.087Z"}
{"level":"info","message":"User aliftan joined room 1ea819dd-1822-49fd-948f-09c290a831fd. Total users: 2","timestamp":"2024-09-30T13:04:04.090Z"}
{"level":"info","message":"User aliftan joined room 1ea819dd-1822-49fd-948f-09c290a831fd. Total users: 2","timestamp":"2024-09-30T13:04:04.091Z"}
{"level":"info","message":"User aliftan left room 1ea819dd-1822-49fd-948f-09c290a831fd. Total users: 1","timestamp":"2024-09-30T13:04:04.095Z"}
{"level":"info","message":"New connection: c1deo2uJjuuvHtPVAAAT","timestamp":"2024-09-30T13:04:04.100Z"}
{"level":"info","message":"New connection: jqdxwSTs9AV_FUSlAAAV","timestamp":"2024-09-30T13:04:04.156Z"}
{"level":"info","message":"User aliftan joined room 1ea819dd-1822-49fd-948f-09c290a831fd. Total users: 2","timestamp":"2024-09-30T13:04:04.158Z"}
{"level":"info","message":"User aliftan left room 1ea819dd-1822-49fd-948f-09c290a831fd. Total users: 1","timestamp":"2024-09-30T13:04:04.159Z"}
{"level":"info","message":"User aliftan joined room 1ea819dd-1822-49fd-948f-09c290a831fd. Total users: 2","timestamp":"2024-09-30T13:04:04.160Z"}
{"level":"info","message":"User aliftan left room 1ea819dd-1822-49fd-948f-09c290a831fd. Total users: 1","timestamp":"2024-09-30T13:04:04.163Z"}
{"level":"info","message":"New connection: -lOESZ1x0oFTXl8FAAAY","timestamp":"2024-09-30T13:04:04.270Z"}
{"level":"info","message":"New connection: H4bkr15K5Q9x_y0vAAAZ","timestamp":"2024-09-30T13:04:04.271Z"}
{"level":"info","message":"User aliftan joined room 1ea819dd-1822-49fd-948f-09c290a831fd. Total users: 2","timestamp":"2024-09-30T13:04:04.272Z"}
{"level":"info","message":"User aliftan left room 1ea819dd-1822-49fd-948f-09c290a831fd. Total users: 1","timestamp":"2024-09-30T13:04:04.272Z"}
{"level":"info","message":"User aliftan joined room 1ea819dd-1822-49fd-948f-09c290a831fd. Total users: 2","timestamp":"2024-09-30T13:04:04.273Z"}
{"level":"info","message":"User aliftan left room 1ea819dd-1822-49fd-948f-09c290a831fd. Total users: 1","timestamp":"2024-09-30T13:04:04.274Z"}
{"level":"info","message":"User aliftan joined room 1ea819dd-1822-49fd-948f-09c290a831fd. Total users: 2","timestamp":"2024-09-30T13:04:04.277Z"}
{"level":"info","message":"User aliftan joined room 1ea819dd-1822-49fd-948f-09c290a831fd. Total users: 2","timestamp":"2024-09-30T13:04:04.278Z"}
{"level":"info","message":"User aliftan left room 1ea819dd-1822-49fd-948f-09c290a831fd. Total users: 1","timestamp":"2024-09-30T13:04:04.278Z"}
{"level":"info","message":"New connection: B0umXyXoaB0u0uttAAAb","timestamp":"2024-09-30T13:04:04.285Z"}
{"level":"info","message":"User aliftan joined room 1ea819dd-1822-49fd-948f-09c290a831fd. Total users: 2","timestamp":"2024-09-30T13:04:04.286Z"}
{"level":"info","message":"User aliftan left room 1ea819dd-1822-49fd-948f-09c290a831fd. Total users: 1","timestamp":"2024-09-30T13:04:04.287Z"}
{"level":"info","message":"User aliftan joined room 1ea819dd-1822-49fd-948f-09c290a831fd. Total users: 2","timestamp":"2024-09-30T13:04:04.288Z"}
{"level":"info","message":"User aliftan left room 1ea819dd-1822-49fd-948f-09c290a831fd. Total users: 1","timestamp":"2024-09-30T13:04:04.289Z"}
{"level":"info","message":"New connection: NscrM_MAT2WBgReQAAAd","timestamp":"2024-09-30T13:04:04.299Z"}
{"level":"info","message":"User aliftan joined room 1ea819dd-1822-49fd-948f-09c290a831fd. Total users: 2","timestamp":"2024-09-30T13:04:04.300Z"}
{"level":"info","message":"User aliftan left room 1ea819dd-1822-49fd-948f-09c290a831fd. Total users: 1","timestamp":"2024-09-30T13:04:04.301Z"}
{"level":"info","message":"User aliftan joined room 1ea819dd-1822-49fd-948f-09c290a831fd. Total users: 2","timestamp":"2024-09-30T13:04:04.302Z"}
{"level":"info","message":"User aliftan left room 1ea819dd-1822-49fd-948f-09c290a831fd. Total users: 1","timestamp":"2024-09-30T13:04:04.303Z"}
{"level":"info","message":"New connection: sQ3S8DJwP2Fu6EJMAAAf","timestamp":"2024-09-30T13:04:04.312Z"}
{"level":"info","message":"User aliftan joined room 1ea819dd-1822-49fd-948f-09c290a831fd. Total users: 2","timestamp":"2024-09-30T13:04:04.312Z"}
{"level":"info","message":"User aliftan left room 1ea819dd-1822-49fd-948f-09c290a831fd. Total users: 1","timestamp":"2024-09-30T13:04:04.313Z"}
{"level":"info","message":"User aliftan joined room 1ea819dd-1822-49fd-948f-09c290a831fd. Total users: 2","timestamp":"2024-09-30T13:04:04.313Z"}
{"level":"info","message":"User aliftan left room 1ea819dd-1822-49fd-948f-09c290a831fd. Total users: 1","timestamp":"2024-09-30T13:04:04.314Z"}
{"level":"info","message":"New connection: E95yK6DugnXx-hx-AAAh","timestamp":"2024-09-30T13:04:04.328Z"}
{"level":"info","message":"User aliftan joined room 1ea819dd-1822-49fd-948f-09c290a831fd. Total users: 2","timestamp":"2024-09-30T13:04:04.329Z"}
{"level":"info","message":"User aliftan left room 1ea819dd-1822-49fd-948f-09c290a831fd. Total users: 1","timestamp":"2024-09-30T13:04:04.330Z"}
{"level":"info","message":"User aliftan joined room 1ea819dd-1822-49fd-948f-09c290a831fd. Total users: 2","timestamp":"2024-09-30T13:04:04.331Z"}
{"level":"info","message":"User aliftan left room 1ea819dd-1822-49fd-948f-09c290a831fd. Total users: 1","timestamp":"2024-09-30T13:04:04.332Z"}
{"level":"info","message":"New connection: 1GJWtwTj6mEZ4tl2AAAj","timestamp":"2024-09-30T13:04:04.337Z"}
{"level":"info","message":"User aliftan joined room 1ea819dd-1822-49fd-948f-09c290a831fd. Total users: 2","timestamp":"2024-09-30T13:04:04.338Z"}
{"level":"info","message":"User aliftan left room 1ea819dd-1822-49fd-948f-09c290a831fd. Total users: 1","timestamp":"2024-09-30T13:04:04.338Z"}
{"level":"info","message":"User aliftan joined room 1ea819dd-1822-49fd-948f-09c290a831fd. Total users: 2","timestamp":"2024-09-30T13:04:04.339Z"}
{"level":"info","message":"User aliftan left room 1ea819dd-1822-49fd-948f-09c290a831fd. Total users: 1","timestamp":"2024-09-30T13:04:04.340Z"}
{"level":"info","message":"New connection: OYcDD8kXPuzbTlzpAAAl","timestamp":"2024-09-30T13:04:04.403Z"}
{"level":"info","message":"New connection: gA4LCeJ5A8E1MHZhAAAn","timestamp":"2024-09-30T13:04:04.413Z"}
{"level":"info","message":"User aliftan joined room 1ea819dd-1822-49fd-948f-09c290a831fd. Total users: 2","timestamp":"2024-09-30T13:04:04.414Z"}
{"level":"info","message":"User aliftan left room 1ea819dd-1822-49fd-948f-09c290a831fd. Total users: 1","timestamp":"2024-09-30T13:04:04.415Z"}
{"level":"info","message":"User aliftan joined room 1ea819dd-1822-49fd-948f-09c290a831fd. Total users: 2","timestamp":"2024-09-30T13:04:04.415Z"}
{"level":"info","message":"User aliftan left room 1ea819dd-1822-49fd-948f-09c290a831fd. Total users: 1","timestamp":"2024-09-30T13:04:04.416Z"}
{"level":"info","message":"New connection: lkxY5VMFwD3d8SirAAAp","timestamp":"2024-09-30T13:04:04.447Z"}
{"level":"info","message":"User aliftan joined room 1ea819dd-1822-49fd-948f-09c290a831fd. Total users: 2","timestamp":"2024-09-30T13:04:04.448Z"}
{"level":"info","message":"User aliftan left room 1ea819dd-1822-49fd-948f-09c290a831fd. Total users: 1","timestamp":"2024-09-30T13:04:04.449Z"}
{"level":"info","message":"User aliftan joined room 1ea819dd-1822-49fd-948f-09c290a831fd. Total users: 2","timestamp":"2024-09-30T13:04:04.449Z"}
{"level":"info","message":"User aliftan left room 1ea819dd-1822-49fd-948f-09c290a831fd. Total users: 1","timestamp":"2024-09-30T13:04:04.450Z"}
{"level":"info","message":"New connection: QDtDpLiLGM4nOLLqAAAr","timestamp":"2024-09-30T13:04:04.454Z"}
{"level":"info","message":"User aliftan joined room 1ea819dd-1822-49fd-948f-09c290a831fd. Total users: 2","timestamp":"2024-09-30T13:04:04.455Z"}
{"level":"info","message":"User aliftan left room 1ea819dd-1822-49fd-948f-09c290a831fd. Total users: 1","timestamp":"2024-09-30T13:04:04.456Z"}
{"level":"info","message":"User aliftan joined room 1ea819dd-1822-49fd-948f-09c290a831fd. Total users: 2","timestamp":"2024-09-30T13:04:04.456Z"}
{"level":"info","message":"User aliftan left room 1ea819dd-1822-49fd-948f-09c290a831fd. Total users: 1","timestamp":"2024-09-30T13:04:04.457Z"}
{"level":"info","message":"New connection: YGPw2gKV9W6OO8EYAAAt","timestamp":"2024-09-30T13:04:04.472Z"}
{"level":"info","message":"User aliftan joined room 1ea819dd-1822-49fd-948f-09c290a831fd. Total users: 2","timestamp":"2024-09-30T13:04:04.473Z"}
{"level":"info","message":"User aliftan left room 1ea819dd-1822-49fd-948f-09c290a831fd. Total users: 1","timestamp":"2024-09-30T13:04:04.473Z"}
{"level":"info","message":"User aliftan joined room 1ea819dd-1822-49fd-948f-09c290a831fd. Total users: 2","timestamp":"2024-09-30T13:04:04.474Z"}
{"level":"info","message":"User aliftan left room 1ea819dd-1822-49fd-948f-09c290a831fd. Total users: 1","timestamp":"2024-09-30T13:04:04.474Z"}
{"level":"info","message":"New connection: 7rdDVVxcChGUHv0NAAAv","timestamp":"2024-09-30T13:04:04.487Z"}
{"level":"info","message":"User aliftan joined room 1ea819dd-1822-49fd-948f-09c290a831fd. Total users: 2","timestamp":"2024-09-30T13:04:04.488Z"}
{"level":"info","message":"User aliftan left room 1ea819dd-1822-49fd-948f-09c290a831fd. Total users: 1","timestamp":"2024-09-30T13:04:04.488Z"}
{"level":"info","message":"User aliftan joined room 1ea819dd-1822-49fd-948f-09c290a831fd. Total users: 2","timestamp":"2024-09-30T13:04:04.489Z"}
{"level":"info","message":"User aliftan left room 1ea819dd-1822-49fd-948f-09c290a831fd. Total users: 1","timestamp":"2024-09-30T13:04:04.490Z"}
{"level":"info","message":"New connection: F9xlnVbG7aWbRUluAAAx","timestamp":"2024-09-30T13:04:04.500Z"}
{"level":"info","message":"User aliftan joined room 1ea819dd-1822-49fd-948f-09c290a831fd. Total users: 2","timestamp":"2024-09-30T13:04:04.501Z"}
{"level":"info","message":"User aliftan left room 1ea819dd-1822-49fd-948f-09c290a831fd. Total users: 1","timestamp":"2024-09-30T13:04:04.502Z"}
{"level":"info","message":"User aliftan joined room 1ea819dd-1822-49fd-948f-09c290a831fd. Total users: 2","timestamp":"2024-09-30T13:04:04.502Z"}
{"level":"info","message":"User aliftan left room 1ea819dd-1822-49fd-948f-09c290a831fd. Total users: 1","timestamp":"2024-09-30T13:04:04.504Z"}
{"level":"info","message":"New connection: HSiIghFA3514-g9nAAAz","timestamp":"2024-09-30T13:04:04.568Z"}
{"level":"info","message":"User aliftan joined room 1ea819dd-1822-49fd-948f-09c290a831fd. Total users: 2","timestamp":"2024-09-30T13:04:04.569Z"}
{"level":"info","message":"User aliftan left room 1ea819dd-1822-49fd-948f-09c290a831fd. Total users: 1","timestamp":"2024-09-30T13:04:04.570Z"}
{"level":"info","message":"User aliftan joined room 1ea819dd-1822-49fd-948f-09c290a831fd. Total users: 2","timestamp":"2024-09-30T13:04:04.570Z"}
{"level":"info","message":"User aliftan left room 1ea819dd-1822-49fd-948f-09c290a831fd. Total users: 1","timestamp":"2024-09-30T13:04:04.571Z"}
{"level":"info","message":"New connection: ZEyd6J1C2Zlpz8-ZAAA1","timestamp":"2024-09-30T13:04:04.576Z"}
{"level":"info","message":"User aliftan joined room 1ea819dd-1822-49fd-948f-09c290a831fd. Total users: 2","timestamp":"2024-09-30T13:04:04.577Z"}
{"level":"info","message":"User aliftan left room 1ea819dd-1822-49fd-948f-09c290a831fd. Total users: 1","timestamp":"2024-09-30T13:04:04.578Z"}
{"level":"info","message":"User aliftan joined room 1ea819dd-1822-49fd-948f-09c290a831fd. Total users: 2","timestamp":"2024-09-30T13:04:04.579Z"}
{"level":"info","message":"User aliftan left room 1ea819dd-1822-49fd-948f-09c290a831fd. Total users: 1","timestamp":"2024-09-30T13:04:04.580Z"}
{"level":"info","message":"New connection: ZYySjxaEhs4iKaAfAAA3","timestamp":"2024-09-30T13:04:04.788Z"}
{"level":"info","message":"User aliftan joined room 1ea819dd-1822-49fd-948f-09c290a831fd. Total users: 2","timestamp":"2024-09-30T13:04:04.789Z"}
{"level":"info","message":"User aliftan left room 1ea819dd-1822-49fd-948f-09c290a831fd. Total users: 1","timestamp":"2024-09-30T13:04:04.790Z"}
{"level":"info","message":"User aliftan joined room 1ea819dd-1822-49fd-948f-09c290a831fd. Total users: 2","timestamp":"2024-09-30T13:04:04.790Z"}
{"level":"info","message":"User aliftan joined room 1ea819dd-1822-49fd-948f-09c290a831fd. Total users: 2","timestamp":"2024-09-30T13:04:04.791Z"}
{"level":"info","message":"User aliftan left room 1ea819dd-1822-49fd-948f-09c290a831fd. Total users: 1","timestamp":"2024-09-30T13:04:04.793Z"}
{"level":"info","message":"New connection: Vfg4vNey_MmGyigGAAA5","timestamp":"2024-09-30T13:04:04.796Z"}
{"level":"info","message":"User aliftan joined room 1ea819dd-1822-49fd-948f-09c290a831fd. Total users: 2","timestamp":"2024-09-30T13:04:04.797Z"}
{"level":"info","message":"User aliftan left room 1ea819dd-1822-49fd-948f-09c290a831fd. Total users: 1","timestamp":"2024-09-30T13:04:04.798Z"}
{"level":"info","message":"User aliftan joined room 1ea819dd-1822-49fd-948f-09c290a831fd. Total users: 2","timestamp":"2024-09-30T13:04:04.799Z"}
{"level":"info","message":"User aliftan left room 1ea819dd-1822-49fd-948f-09c290a831fd. Total users: 1","timestamp":"2024-09-30T13:04:04.800Z"}
{"level":"info","message":"New connection: 87Vn6POQ7pLGevdbAAA7","timestamp":"2024-09-30T13:04:04.817Z"}
{"level":"info","message":"User aliftan joined room 1ea819dd-1822-49fd-948f-09c290a831fd. Total users: 2","timestamp":"2024-09-30T13:04:04.817Z"}
{"level":"info","message":"User aliftan left room 1ea819dd-1822-49fd-948f-09c290a831fd. Total users: 1","timestamp":"2024-09-30T13:04:04.818Z"}
{"level":"info","message":"User aliftan joined room 1ea819dd-1822-49fd-948f-09c290a831fd. Total users: 2","timestamp":"2024-09-30T13:04:04.819Z"}
{"level":"info","message":"User aliftan left room 1ea819dd-1822-49fd-948f-09c290a831fd. Total users: 1","timestamp":"2024-09-30T13:04:04.821Z"}
{"level":"info","message":"User wira left room 1ea819dd-1822-49fd-948f-09c290a831fd. Total users: 0","timestamp":"2024-09-30T13:04:04.830Z"}
{"level":"info","message":"Room 1ea819dd-1822-49fd-948f-09c290a831fd deleted as it's empty","timestamp":"2024-09-30T13:04:04.831Z"}
{"level":"info","message":"New connection: ilZ4Cbx9LCWvIoKHAAA-","timestamp":"2024-09-30T13:04:04.853Z"}
{"level":"info","message":"New connection: KbXM0TFWkT0qobqKAAA_","timestamp":"2024-09-30T13:04:04.854Z"}
{"level":"info","message":"User aliftan joined room 1ea819dd-1822-49fd-948f-09c290a831fd. Total users: 1","timestamp":"2024-09-30T13:04:04.854Z"}
{"level":"info","message":"User aliftan left room 1ea819dd-1822-49fd-948f-09c290a831fd. Total users: 0","timestamp":"2024-09-30T13:04:04.855Z"}
{"level":"info","message":"Room 1ea819dd-1822-49fd-948f-09c290a831fd deleted as it's empty","timestamp":"2024-09-30T13:04:04.855Z"}
{"level":"info","message":"User aliftan joined room 1ea819dd-1822-49fd-948f-09c290a831fd. Total users: 1","timestamp":"2024-09-30T13:04:04.856Z"}
{"level":"info","message":"User aliftan left room 1ea819dd-1822-49fd-948f-09c290a831fd. Total users: 0","timestamp":"2024-09-30T13:04:04.857Z"}
{"level":"info","message":"Room 1ea819dd-1822-49fd-948f-09c290a831fd deleted as it's empty","timestamp":"2024-09-30T13:04:04.857Z"}
{"level":"info","message":"User aliftan joined room 1ea819dd-1822-49fd-948f-09c290a831fd. Total users: 1","timestamp":"2024-09-30T13:04:04.859Z"}
{"level":"info","message":"User aliftan joined room 1ea819dd-1822-49fd-948f-09c290a831fd. Total users: 1","timestamp":"2024-09-30T13:04:04.859Z"}
{"level":"info","message":"User aliftan left room 1ea819dd-1822-49fd-948f-09c290a831fd. Total users: 0","timestamp":"2024-09-30T13:04:04.861Z"}
{"level":"info","message":"Room 1ea819dd-1822-49fd-948f-09c290a831fd deleted as it's empty","timestamp":"2024-09-30T13:04:04.861Z"}
{"level":"info","message":"New connection: m7_PKEkZbz7PN6IdAABC","timestamp":"2024-09-30T13:04:04.901Z"}
{"level":"info","message":"User aliftan joined room 1ea819dd-1822-49fd-948f-09c290a831fd. Total users: 1","timestamp":"2024-09-30T13:04:04.903Z"}
{"level":"info","message":"User aliftan left room 1ea819dd-1822-49fd-948f-09c290a831fd. Total users: 0","timestamp":"2024-09-30T13:04:04.903Z"}
{"level":"info","message":"Room 1ea819dd-1822-49fd-948f-09c290a831fd deleted as it's empty","timestamp":"2024-09-30T13:04:04.904Z"}
{"level":"info","message":"User aliftan joined room 1ea819dd-1822-49fd-948f-09c290a831fd. Total users: 1","timestamp":"2024-09-30T13:04:04.904Z"}
{"level":"info","message":"User aliftan left room 1ea819dd-1822-49fd-948f-09c290a831fd. Total users: 0","timestamp":"2024-09-30T13:04:04.905Z"}
{"level":"info","message":"Room 1ea819dd-1822-49fd-948f-09c290a831fd deleted as it's empty","timestamp":"2024-09-30T13:04:04.905Z"}
{"level":"info","message":"New connection: Wg4zKPu-ow7HARSvAABD","timestamp":"2024-09-30T13:04:04.906Z"}
{"level":"info","message":"User aliftan joined room 1ea819dd-1822-49fd-948f-09c290a831fd. Total users: 1","timestamp":"2024-09-30T13:04:04.910Z"}
{"level":"info","message":"User aliftan left room 1ea819dd-1822-49fd-948f-09c290a831fd. Total users: 0","timestamp":"2024-09-30T13:04:04.912Z"}
{"level":"info","message":"Room 1ea819dd-1822-49fd-948f-09c290a831fd deleted as it's empty","timestamp":"2024-09-30T13:04:04.913Z"}
{"level":"info","message":"User aliftan joined room 1ea819dd-1822-49fd-948f-09c290a831fd. Total users: 1","timestamp":"2024-09-30T13:04:04.913Z"}
{"level":"info","message":"User aliftan left room 1ea819dd-1822-49fd-948f-09c290a831fd. Total users: 0","timestamp":"2024-09-30T13:04:04.915Z"}
{"level":"info","message":"Room 1ea819dd-1822-49fd-948f-09c290a831fd deleted as it's empty","timestamp":"2024-09-30T13:04:04.915Z"}
{"level":"info","message":"New connection: -6MuVZgugXY6IOlsAABF","timestamp":"2024-09-30T13:04:04.916Z"}
{"level":"info","message":"User aliftan joined room 1ea819dd-1822-49fd-948f-09c290a831fd. Total users: 1","timestamp":"2024-09-30T13:04:04.917Z"}
{"level":"info","message":"User aliftan left room 1ea819dd-1822-49fd-948f-09c290a831fd. Total users: 0","timestamp":"2024-09-30T13:04:04.918Z"}
{"level":"info","message":"Room 1ea819dd-1822-49fd-948f-09c290a831fd deleted as it's empty","timestamp":"2024-09-30T13:04:04.918Z"}
{"level":"info","message":"User aliftan joined room 1ea819dd-1822-49fd-948f-09c290a831fd. Total users: 1","timestamp":"2024-09-30T13:04:04.919Z"}
{"level":"info","message":"User aliftan left room 1ea819dd-1822-49fd-948f-09c290a831fd. Total users: 0","timestamp":"2024-09-30T13:04:04.920Z"}
{"level":"info","message":"Room 1ea819dd-1822-49fd-948f-09c290a831fd deleted as it's empty","timestamp":"2024-09-30T13:04:04.920Z"}
{"level":"info","message":"New connection: a689_wFL390dr4f8AABH","timestamp":"2024-09-30T13:04:04.928Z"}
{"level":"info","message":"User aliftan joined room 1ea819dd-1822-49fd-948f-09c290a831fd. Total users: 1","timestamp":"2024-09-30T13:04:04.930Z"}
{"level":"info","message":"User aliftan left room 1ea819dd-1822-49fd-948f-09c290a831fd. Total users: 0","timestamp":"2024-09-30T13:04:04.931Z"}
{"level":"info","message":"Room 1ea819dd-1822-49fd-948f-09c290a831fd deleted as it's empty","timestamp":"2024-09-30T13:04:04.931Z"}
{"level":"info","message":"User aliftan joined room 1ea819dd-1822-49fd-948f-09c290a831fd. Total users: 1","timestamp":"2024-09-30T13:04:04.931Z"}
{"level":"info","message":"User aliftan left room 1ea819dd-1822-49fd-948f-09c290a831fd. Total users: 0","timestamp":"2024-09-30T13:04:04.936Z"}
{"level":"info","message":"Room 1ea819dd-1822-49fd-948f-09c290a831fd deleted as it's empty","timestamp":"2024-09-30T13:04:04.936Z"}
{"level":"info","message":"New connection: uRG7FDIPGLpCOG34AABJ","timestamp":"2024-09-30T13:04:04.943Z"}
{"level":"info","message":"User aliftan joined room 1ea819dd-1822-49fd-948f-09c290a831fd. Total users: 1","timestamp":"2024-09-30T13:04:04.945Z"}
{"level":"info","message":"User aliftan left room 1ea819dd-1822-49fd-948f-09c290a831fd. Total users: 0","timestamp":"2024-09-30T13:04:04.946Z"}
{"level":"info","message":"Room 1ea819dd-1822-49fd-948f-09c290a831fd deleted as it's empty","timestamp":"2024-09-30T13:04:04.946Z"}
{"level":"info","message":"User aliftan joined room 1ea819dd-1822-49fd-948f-09c290a831fd. Total users: 1","timestamp":"2024-09-30T13:04:04.947Z"}
{"level":"info","message":"User aliftan left room 1ea819dd-1822-49fd-948f-09c290a831fd. Total users: 0","timestamp":"2024-09-30T13:04:04.947Z"}
{"level":"info","message":"Room 1ea819dd-1822-49fd-948f-09c290a831fd deleted as it's empty","timestamp":"2024-09-30T13:04:04.948Z"}
{"level":"info","message":"New connection: 8EcFsh2kKbV-GG0EAABL","timestamp":"2024-09-30T13:04:04.964Z"}
{"level":"info","message":"User aliftan joined room 1ea819dd-1822-49fd-948f-09c290a831fd. Total users: 1","timestamp":"2024-09-30T13:04:04.965Z"}
{"level":"info","message":"User aliftan left room 1ea819dd-1822-49fd-948f-09c290a831fd. Total users: 0","timestamp":"2024-09-30T13:04:04.966Z"}
{"level":"info","message":"Room 1ea819dd-1822-49fd-948f-09c290a831fd deleted as it's empty","timestamp":"2024-09-30T13:04:04.966Z"}
{"level":"info","message":"User aliftan joined room 1ea819dd-1822-49fd-948f-09c290a831fd. Total users: 1","timestamp":"2024-09-30T13:04:04.966Z"}
{"level":"info","message":"User aliftan left room 1ea819dd-1822-49fd-948f-09c290a831fd. Total users: 0","timestamp":"2024-09-30T13:04:04.967Z"}
{"level":"info","message":"Room 1ea819dd-1822-49fd-948f-09c290a831fd deleted as it's empty","timestamp":"2024-09-30T13:04:04.968Z"}
{"level":"info","message":"New connection: Lt6h2aNxlUIqsUyvAABN","timestamp":"2024-09-30T13:04:04.976Z"}
{"level":"info","message":"User aliftan joined room 1ea819dd-1822-49fd-948f-09c290a831fd. Total users: 1","timestamp":"2024-09-30T13:04:04.978Z"}
{"level":"info","message":"User aliftan left room 1ea819dd-1822-49fd-948f-09c290a831fd. Total users: 0","timestamp":"2024-09-30T13:04:04.979Z"}
{"level":"info","message":"Room 1ea819dd-1822-49fd-948f-09c290a831fd deleted as it's empty","timestamp":"2024-09-30T13:04:04.979Z"}
{"level":"info","message":"User aliftan joined room 1ea819dd-1822-49fd-948f-09c290a831fd. Total users: 1","timestamp":"2024-09-30T13:04:04.980Z"}
{"level":"info","message":"User aliftan left room 1ea819dd-1822-49fd-948f-09c290a831fd. Total users: 0","timestamp":"2024-09-30T13:04:04.980Z"}
{"level":"info","message":"Room 1ea819dd-1822-49fd-948f-09c290a831fd deleted as it's empty","timestamp":"2024-09-30T13:04:04.980Z"}
{"level":"info","message":"New connection: p4MlbGFTRE0V3jyoAABP","timestamp":"2024-09-30T13:04:04.986Z"}
{"level":"info","message":"User aliftan joined room 1ea819dd-1822-49fd-948f-09c290a831fd. Total users: 1","timestamp":"2024-09-30T13:04:05.027Z"}
{"level":"info","message":"User aliftan left room 1ea819dd-1822-49fd-948f-09c290a831fd. Total users: 0","timestamp":"2024-09-30T13:04:05.028Z"}
{"level":"info","message":"Room 1ea819dd-1822-49fd-948f-09c290a831fd deleted as it's empty","timestamp":"2024-09-30T13:04:05.028Z"}
{"level":"info","message":"User aliftan joined room 1ea819dd-1822-49fd-948f-09c290a831fd. Total users: 1","timestamp":"2024-09-30T13:04:05.029Z"}
{"level":"info","message":"User aliftan left room 1ea819dd-1822-49fd-948f-09c290a831fd. Total users: 0","timestamp":"2024-09-30T13:04:05.029Z"}
{"level":"info","message":"Room 1ea819dd-1822-49fd-948f-09c290a831fd deleted as it's empty","timestamp":"2024-09-30T13:04:05.030Z"}
{"level":"info","message":"New connection: DTCCLDsJowMhf3flAABS","timestamp":"2024-09-30T13:04:05.034Z"}
{"level":"info","message":"User aliftan joined room 1ea819dd-1822-49fd-948f-09c290a831fd. Total users: 1","timestamp":"2024-09-30T13:04:05.035Z"}
{"level":"info","message":"User aliftan left room 1ea819dd-1822-49fd-948f-09c290a831fd. Total users: 0","timestamp":"2024-09-30T13:04:05.035Z"}
{"level":"info","message":"Room 1ea819dd-1822-49fd-948f-09c290a831fd deleted as it's empty","timestamp":"2024-09-30T13:04:05.036Z"}
{"level":"info","message":"User aliftan joined room 1ea819dd-1822-49fd-948f-09c290a831fd. Total users: 1","timestamp":"2024-09-30T13:04:05.036Z"}
{"level":"info","message":"New connection: lSlfNXVa-OghegggAABT","timestamp":"2024-09-30T13:04:05.037Z"}
{"level":"info","message":"User aliftan left room 1ea819dd-1822-49fd-948f-09c290a831fd. Total users: 0","timestamp":"2024-09-30T13:04:05.038Z"}
{"level":"info","message":"Room 1ea819dd-1822-49fd-948f-09c290a831fd deleted as it's empty","timestamp":"2024-09-30T13:04:05.038Z"}
{"level":"info","message":"User aliftan joined room 1ea819dd-1822-49fd-948f-09c290a831fd. Total users: 1","timestamp":"2024-09-30T13:04:05.040Z"}
{"level":"info","message":"User aliftan joined room 1ea819dd-1822-49fd-948f-09c290a831fd. Total users: 1","timestamp":"2024-09-30T13:04:05.040Z"}
{"level":"info","message":"User aliftan left room 1ea819dd-1822-49fd-948f-09c290a831fd. Total users: 0","timestamp":"2024-09-30T13:04:05.042Z"}
{"level":"info","message":"Room 1ea819dd-1822-49fd-948f-09c290a831fd deleted as it's empty","timestamp":"2024-09-30T13:04:05.042Z"}
{"level":"info","message":"New connection: ttvgrFVkWK9CHRpIAABV","timestamp":"2024-09-30T13:04:05.047Z"}
{"level":"info","message":"User aliftan joined room 1ea819dd-1822-49fd-948f-09c290a831fd. Total users: 1","timestamp":"2024-09-30T13:04:05.048Z"}
{"level":"info","message":"User aliftan left room 1ea819dd-1822-49fd-948f-09c290a831fd. Total users: 0","timestamp":"2024-09-30T13:04:05.048Z"}
{"level":"info","message":"Room 1ea819dd-1822-49fd-948f-09c290a831fd deleted as it's empty","timestamp":"2024-09-30T13:04:05.049Z"}
{"level":"info","message":"User aliftan joined room 1ea819dd-1822-49fd-948f-09c290a831fd. Total users: 1","timestamp":"2024-09-30T13:04:05.049Z"}
{"level":"info","message":"User aliftan left room 1ea819dd-1822-49fd-948f-09c290a831fd. Total users: 0","timestamp":"2024-09-30T13:04:05.050Z"}
{"level":"info","message":"Room 1ea819dd-1822-49fd-948f-09c290a831fd deleted as it's empty","timestamp":"2024-09-30T13:04:05.050Z"}
{"level":"info","message":"New connection: ESAIdPpDT3GBNM5ZAABX","timestamp":"2024-09-30T13:04:05.058Z"}
{"level":"info","message":"User aliftan joined room 1ea819dd-1822-49fd-948f-09c290a831fd. Total users: 1","timestamp":"2024-09-30T13:04:05.059Z"}
{"level":"info","message":"User aliftan left room 1ea819dd-1822-49fd-948f-09c290a831fd. Total users: 0","timestamp":"2024-09-30T13:04:05.060Z"}
{"level":"info","message":"Room 1ea819dd-1822-49fd-948f-09c290a831fd deleted as it's empty","timestamp":"2024-09-30T13:04:05.060Z"}
{"level":"info","message":"User aliftan joined room 1ea819dd-1822-49fd-948f-09c290a831fd. Total users: 1","timestamp":"2024-09-30T13:04:05.060Z"}
{"level":"info","message":"User aliftan left room 1ea819dd-1822-49fd-948f-09c290a831fd. Total users: 0","timestamp":"2024-09-30T13:04:05.061Z"}
{"level":"info","message":"Room 1ea819dd-1822-49fd-948f-09c290a831fd deleted as it's empty","timestamp":"2024-09-30T13:04:05.062Z"}
{"level":"info","message":"New connection: R9iMTGWLYokiV-AhAABZ","timestamp":"2024-09-30T13:04:05.070Z"}
{"level":"info","message":"User aliftan joined room 1ea819dd-1822-49fd-948f-09c290a831fd. Total users: 1","timestamp":"2024-09-30T13:04:05.071Z"}
{"level":"info","message":"User aliftan left room 1ea819dd-1822-49fd-948f-09c290a831fd. Total users: 0","timestamp":"2024-09-30T13:04:05.071Z"}
{"level":"info","message":"Room 1ea819dd-1822-49fd-948f-09c290a831fd deleted as it's empty","timestamp":"2024-09-30T13:04:05.071Z"}
{"level":"info","message":"User aliftan joined room 1ea819dd-1822-49fd-948f-09c290a831fd. Total users: 1","timestamp":"2024-09-30T13:04:05.071Z"}
{"level":"info","message":"User aliftan left room 1ea819dd-1822-49fd-948f-09c290a831fd. Total users: 0","timestamp":"2024-09-30T13:04:05.072Z"}
{"level":"info","message":"Room 1ea819dd-1822-49fd-948f-09c290a831fd deleted as it's empty","timestamp":"2024-09-30T13:04:05.072Z"}
{"level":"info","message":"New connection: zbvRAMoxMoFcnopuAABb","timestamp":"2024-09-30T13:04:05.084Z"}
{"level":"info","message":"User aliftan joined room 1ea819dd-1822-49fd-948f-09c290a831fd. Total users: 1","timestamp":"2024-09-30T13:04:05.085Z"}
{"level":"info","message":"User aliftan left room 1ea819dd-1822-49fd-948f-09c290a831fd. Total users: 0","timestamp":"2024-09-30T13:04:05.086Z"}
{"level":"info","message":"Room 1ea819dd-1822-49fd-948f-09c290a831fd deleted as it's empty","timestamp":"2024-09-30T13:04:05.086Z"}
{"level":"info","message":"User aliftan joined room 1ea819dd-1822-49fd-948f-09c290a831fd. Total users: 1","timestamp":"2024-09-30T13:04:05.086Z"}
{"level":"info","message":"User aliftan left room 1ea819dd-1822-49fd-948f-09c290a831fd. Total users: 0","timestamp":"2024-09-30T13:04:05.087Z"}
{"level":"info","message":"Room 1ea819dd-1822-49fd-948f-09c290a831fd deleted as it's empty","timestamp":"2024-09-30T13:04:05.088Z"}
{"level":"info","message":"New connection: XlMLSdL545eC2Ur5AABd","timestamp":"2024-09-30T13:04:05.097Z"}
{"level":"info","message":"User aliftan joined room 1ea819dd-1822-49fd-948f-09c290a831fd. Total users: 1","timestamp":"2024-09-30T13:04:05.098Z"}
{"level":"info","message":"User aliftan left room 1ea819dd-1822-49fd-948f-09c290a831fd. Total users: 0","timestamp":"2024-09-30T13:04:05.098Z"}
{"level":"info","message":"Room 1ea819dd-1822-49fd-948f-09c290a831fd deleted as it's empty","timestamp":"2024-09-30T13:04:05.099Z"}
{"level":"info","message":"User aliftan joined room 1ea819dd-1822-49fd-948f-09c290a831fd. Total users: 1","timestamp":"2024-09-30T13:04:05.099Z"}
{"level":"info","message":"User aliftan left room 1ea819dd-1822-49fd-948f-09c290a831fd. Total users: 0","timestamp":"2024-09-30T13:04:05.100Z"}
{"level":"info","message":"Room 1ea819dd-1822-49fd-948f-09c290a831fd deleted as it's empty","timestamp":"2024-09-30T13:04:05.100Z"}
{"level":"info","message":"New connection: -pBZs488SqNjkqDMAABf","timestamp":"2024-09-30T13:04:05.109Z"}
{"level":"info","message":"User aliftan joined room 1ea819dd-1822-49fd-948f-09c290a831fd. Total users: 1","timestamp":"2024-09-30T13:04:05.110Z"}
{"level":"info","message":"User aliftan left room 1ea819dd-1822-49fd-948f-09c290a831fd. Total users: 0","timestamp":"2024-09-30T13:04:05.111Z"}
{"level":"info","message":"Room 1ea819dd-1822-49fd-948f-09c290a831fd deleted as it's empty","timestamp":"2024-09-30T13:04:05.111Z"}
{"level":"info","message":"User aliftan joined room 1ea819dd-1822-49fd-948f-09c290a831fd. Total users: 1","timestamp":"2024-09-30T13:04:05.111Z"}
{"level":"info","message":"User aliftan left room 1ea819dd-1822-49fd-948f-09c290a831fd. Total users: 0","timestamp":"2024-09-30T13:04:05.112Z"}
{"level":"info","message":"Room 1ea819dd-1822-49fd-948f-09c290a831fd deleted as it's empty","timestamp":"2024-09-30T13:04:05.112Z"}
{"level":"info","message":"New connection: z8_4eRHxAJFcXdh2AABi","timestamp":"2024-09-30T13:04:05.163Z"}
{"level":"info","message":"User aliftan joined room 1ea819dd-1822-49fd-948f-09c290a831fd. Total users: 1","timestamp":"2024-09-30T13:04:05.163Z"}
{"level":"info","message":"User aliftan left room 1ea819dd-1822-49fd-948f-09c290a831fd. Total users: 0","timestamp":"2024-09-30T13:04:05.164Z"}
{"level":"info","message":"Room 1ea819dd-1822-49fd-948f-09c290a831fd deleted as it's empty","timestamp":"2024-09-30T13:04:05.164Z"}
{"level":"info","message":"User aliftan joined room 1ea819dd-1822-49fd-948f-09c290a831fd. Total users: 1","timestamp":"2024-09-30T13:04:05.165Z"}
{"level":"info","message":"User aliftan left room 1ea819dd-1822-49fd-948f-09c290a831fd. Total users: 0","timestamp":"2024-09-30T13:04:05.165Z"}
{"level":"info","message":"Room 1ea819dd-1822-49fd-948f-09c290a831fd deleted as it's empty","timestamp":"2024-09-30T13:04:05.165Z"}
{"level":"info","message":"New connection: BD__uSX3bNMMopJ0AABj","timestamp":"2024-09-30T13:04:05.167Z"}
{"level":"info","message":"User aliftan joined room 1ea819dd-1822-49fd-948f-09c290a831fd. Total users: 1","timestamp":"2024-09-30T13:04:05.170Z"}
{"level":"info","message":"User aliftan left room 1ea819dd-1822-49fd-948f-09c290a831fd. Total users: 0","timestamp":"2024-09-30T13:04:05.172Z"}
{"level":"info","message":"Room 1ea819dd-1822-49fd-948f-09c290a831fd deleted as it's empty","timestamp":"2024-09-30T13:04:05.172Z"}
{"level":"info","message":"User aliftan joined room 1ea819dd-1822-49fd-948f-09c290a831fd. Total users: 1","timestamp":"2024-09-30T13:04:05.172Z"}
{"level":"info","message":"User aliftan left room 1ea819dd-1822-49fd-948f-09c290a831fd. Total users: 0","timestamp":"2024-09-30T13:04:05.175Z"}
{"level":"info","message":"Room 1ea819dd-1822-49fd-948f-09c290a831fd deleted as it's empty","timestamp":"2024-09-30T13:04:05.175Z"}
{"level":"info","message":"New connection: y6GTWrCYGUIP6ZNdAABl","timestamp":"2024-09-30T13:04:05.180Z"}
{"level":"info","message":"User aliftan joined room 1ea819dd-1822-49fd-948f-09c290a831fd. Total users: 1","timestamp":"2024-09-30T13:04:05.181Z"}
{"level":"info","message":"User aliftan left room 1ea819dd-1822-49fd-948f-09c290a831fd. Total users: 0","timestamp":"2024-09-30T13:04:05.182Z"}
{"level":"info","message":"Room 1ea819dd-1822-49fd-948f-09c290a831fd deleted as it's empty","timestamp":"2024-09-30T13:04:05.183Z"}
{"level":"info","message":"User aliftan joined room 1ea819dd-1822-49fd-948f-09c290a831fd. Total users: 1","timestamp":"2024-09-30T13:04:05.183Z"}
{"level":"info","message":"User aliftan left room 1ea819dd-1822-49fd-948f-09c290a831fd. Total users: 0","timestamp":"2024-09-30T13:04:05.184Z"}
{"level":"info","message":"Room 1ea819dd-1822-49fd-948f-09c290a831fd deleted as it's empty","timestamp":"2024-09-30T13:04:05.185Z"}
{"level":"info","message":"New connection: MnAZFI34EGxUH0XpAABn","timestamp":"2024-09-30T13:04:05.189Z"}
{"level":"info","message":"User aliftan joined room 1ea819dd-1822-49fd-948f-09c290a831fd. Total users: 1","timestamp":"2024-09-30T13:04:05.190Z"}
{"level":"info","message":"User aliftan left room 1ea819dd-1822-49fd-948f-09c290a831fd. Total users: 0","timestamp":"2024-09-30T13:04:05.191Z"}
{"level":"info","message":"Room 1ea819dd-1822-49fd-948f-09c290a831fd deleted as it's empty","timestamp":"2024-09-30T13:04:05.191Z"}
{"level":"info","message":"User aliftan joined room 1ea819dd-1822-49fd-948f-09c290a831fd. Total users: 1","timestamp":"2024-09-30T13:04:05.191Z"}
{"level":"info","message":"User aliftan left room 1ea819dd-1822-49fd-948f-09c290a831fd. Total users: 0","timestamp":"2024-09-30T13:04:05.192Z"}
{"level":"info","message":"Room 1ea819dd-1822-49fd-948f-09c290a831fd deleted as it's empty","timestamp":"2024-09-30T13:04:05.192Z"}
{"level":"info","message":"New connection: 9xGi_3zyX4a5Ac8pAABp","timestamp":"2024-09-30T13:04:05.210Z"}
{"level":"info","message":"User aliftan joined room 1ea819dd-1822-49fd-948f-09c290a831fd. Total users: 1","timestamp":"2024-09-30T13:04:05.211Z"}
{"level":"info","message":"User aliftan left room 1ea819dd-1822-49fd-948f-09c290a831fd. Total users: 0","timestamp":"2024-09-30T13:04:05.211Z"}
{"level":"info","message":"Room 1ea819dd-1822-49fd-948f-09c290a831fd deleted as it's empty","timestamp":"2024-09-30T13:04:05.211Z"}
{"level":"info","message":"User aliftan joined room 1ea819dd-1822-49fd-948f-09c290a831fd. Total users: 1","timestamp":"2024-09-30T13:04:05.212Z"}
{"level":"info","message":"User aliftan left room 1ea819dd-1822-49fd-948f-09c290a831fd. Total users: 0","timestamp":"2024-09-30T13:04:05.212Z"}
{"level":"info","message":"Room 1ea819dd-1822-49fd-948f-09c290a831fd deleted as it's empty","timestamp":"2024-09-30T13:04:05.213Z"}
{"level":"info","message":"New connection: GXOMUHwmCv2OLcwEAABs","timestamp":"2024-09-30T13:04:05.249Z"}
{"level":"info","message":"User aliftan joined room 1ea819dd-1822-49fd-948f-09c290a831fd. Total users: 1","timestamp":"2024-09-30T13:04:05.250Z"}
{"level":"info","message":"User aliftan left room 1ea819dd-1822-49fd-948f-09c290a831fd. Total users: 0","timestamp":"2024-09-30T13:04:05.250Z"}
{"level":"info","message":"Room 1ea819dd-1822-49fd-948f-09c290a831fd deleted as it's empty","timestamp":"2024-09-30T13:04:05.251Z"}
{"level":"info","message":"User aliftan joined room 1ea819dd-1822-49fd-948f-09c290a831fd. Total users: 1","timestamp":"2024-09-30T13:04:05.251Z"}
{"level":"info","message":"User aliftan left room 1ea819dd-1822-49fd-948f-09c290a831fd. Total users: 0","timestamp":"2024-09-30T13:04:05.252Z"}
{"level":"info","message":"Room 1ea819dd-1822-49fd-948f-09c290a831fd deleted as it's empty","timestamp":"2024-09-30T13:04:05.253Z"}
{"level":"info","message":"New connection: 8ram3218-6vocZQ-AABt","timestamp":"2024-09-30T13:04:05.254Z"}
{"level":"info","message":"User aliftan joined room 1ea819dd-1822-49fd-948f-09c290a831fd. Total users: 1","timestamp":"2024-09-30T13:04:05.256Z"}
{"level":"info","message":"User aliftan left room 1ea819dd-1822-49fd-948f-09c290a831fd. Total users: 0","timestamp":"2024-09-30T13:04:05.257Z"}
{"level":"info","message":"Room 1ea819dd-1822-49fd-948f-09c290a831fd deleted as it's empty","timestamp":"2024-09-30T13:04:05.258Z"}
{"level":"info","message":"User aliftan joined room 1ea819dd-1822-49fd-948f-09c290a831fd. Total users: 1","timestamp":"2024-09-30T13:04:05.258Z"}
{"level":"info","message":"User aliftan left room 1ea819dd-1822-49fd-948f-09c290a831fd. Total users: 0","timestamp":"2024-09-30T13:04:05.261Z"}
{"level":"info","message":"Room 1ea819dd-1822-49fd-948f-09c290a831fd deleted as it's empty","timestamp":"2024-09-30T13:04:05.261Z"}
{"level":"info","message":"New connection: bLRWMUB7p-yP0eVcAABv","timestamp":"2024-09-30T13:04:05.263Z"}
{"level":"info","message":"User aliftan joined room 1ea819dd-1822-49fd-948f-09c290a831fd. Total users: 1","timestamp":"2024-09-30T13:04:05.263Z"}
{"level":"info","message":"User aliftan left room 1ea819dd-1822-49fd-948f-09c290a831fd. Total users: 0","timestamp":"2024-09-30T13:04:05.264Z"}
{"level":"info","message":"Room 1ea819dd-1822-49fd-948f-09c290a831fd deleted as it's empty","timestamp":"2024-09-30T13:04:05.264Z"}
{"level":"info","message":"User aliftan joined room 1ea819dd-1822-49fd-948f-09c290a831fd. Total users: 1","timestamp":"2024-09-30T13:04:05.265Z"}
{"level":"info","message":"User aliftan left room 1ea819dd-1822-49fd-948f-09c290a831fd. Total users: 0","timestamp":"2024-09-30T13:04:05.265Z"}
{"level":"info","message":"Room 1ea819dd-1822-49fd-948f-09c290a831fd deleted as it's empty","timestamp":"2024-09-30T13:04:05.266Z"}
{"level":"info","message":"New connection: TwjFbyeVsoSMVNZnAABx","timestamp":"2024-09-30T13:04:05.285Z"}
{"level":"info","message":"User aliftan joined room 1ea819dd-1822-49fd-948f-09c290a831fd. Total users: 1","timestamp":"2024-09-30T13:04:05.286Z"}
{"level":"info","message":"User aliftan left room 1ea819dd-1822-49fd-948f-09c290a831fd. Total users: 0","timestamp":"2024-09-30T13:04:05.286Z"}
{"level":"info","message":"Room 1ea819dd-1822-49fd-948f-09c290a831fd deleted as it's empty","timestamp":"2024-09-30T13:04:05.287Z"}
{"level":"info","message":"User aliftan joined room 1ea819dd-1822-49fd-948f-09c290a831fd. Total users: 1","timestamp":"2024-09-30T13:04:05.287Z"}
{"level":"info","message":"User aliftan left room 1ea819dd-1822-49fd-948f-09c290a831fd. Total users: 0","timestamp":"2024-09-30T13:04:05.288Z"}
{"level":"info","message":"Room 1ea819dd-1822-49fd-948f-09c290a831fd deleted as it's empty","timestamp":"2024-09-30T13:04:05.288Z"}
{"level":"info","message":"New connection: Q49s37qHanbMNOuGAABz","timestamp":"2024-09-30T13:04:05.301Z"}
{"level":"info","message":"User aliftan joined room 1ea819dd-1822-49fd-948f-09c290a831fd. Total users: 1","timestamp":"2024-09-30T13:04:05.302Z"}
{"level":"info","message":"User aliftan left room 1ea819dd-1822-49fd-948f-09c290a831fd. Total users: 0","timestamp":"2024-09-30T13:04:05.302Z"}
{"level":"info","message":"Room 1ea819dd-1822-49fd-948f-09c290a831fd deleted as it's empty","timestamp":"2024-09-30T13:04:05.303Z"}
{"level":"info","message":"User aliftan joined room 1ea819dd-1822-49fd-948f-09c290a831fd. Total users: 1","timestamp":"2024-09-30T13:04:05.303Z"}
{"level":"info","message":"User aliftan left room 1ea819dd-1822-49fd-948f-09c290a831fd. Total users: 0","timestamp":"2024-09-30T13:04:05.304Z"}
{"level":"info","message":"Room 1ea819dd-1822-49fd-948f-09c290a831fd deleted as it's empty","timestamp":"2024-09-30T13:04:05.304Z"}
{"level":"info","message":"New connection: vTpFieJKqryZfP8nAAB1","timestamp":"2024-09-30T13:04:05.322Z"}
{"level":"info","message":"User aliftan joined room 1ea819dd-1822-49fd-948f-09c290a831fd. Total users: 1","timestamp":"2024-09-30T13:04:05.323Z"}
{"level":"info","message":"User aliftan left room 1ea819dd-1822-49fd-948f-09c290a831fd. Total users: 0","timestamp":"2024-09-30T13:04:05.323Z"}
{"level":"info","message":"Room 1ea819dd-1822-49fd-948f-09c290a831fd deleted as it's empty","timestamp":"2024-09-30T13:04:05.324Z"}
{"level":"info","message":"User aliftan joined room 1ea819dd-1822-49fd-948f-09c290a831fd. Total users: 1","timestamp":"2024-09-30T13:04:05.324Z"}
{"level":"info","message":"User aliftan left room 1ea819dd-1822-49fd-948f-09c290a831fd. Total users: 0","timestamp":"2024-09-30T13:04:05.325Z"}
{"level":"info","message":"Room 1ea819dd-1822-49fd-948f-09c290a831fd deleted as it's empty","timestamp":"2024-09-30T13:04:05.325Z"}
{"level":"info","message":"New connection: -NyYwO0igpnmSbahAAB3","timestamp":"2024-09-30T13:04:05.349Z"}
{"level":"info","message":"User aliftan joined room 1ea819dd-1822-49fd-948f-09c290a831fd. Total users: 1","timestamp":"2024-09-30T13:04:05.350Z"}
{"level":"info","message":"User aliftan left room 1ea819dd-1822-49fd-948f-09c290a831fd. Total users: 0","timestamp":"2024-09-30T13:04:05.350Z"}
{"level":"info","message":"Room 1ea819dd-1822-49fd-948f-09c290a831fd deleted as it's empty","timestamp":"2024-09-30T13:04:05.351Z"}
{"level":"info","message":"User aliftan joined room 1ea819dd-1822-49fd-948f-09c290a831fd. Total users: 1","timestamp":"2024-09-30T13:04:05.351Z"}
{"level":"info","message":"User aliftan left room 1ea819dd-1822-49fd-948f-09c290a831fd. Total users: 0","timestamp":"2024-09-30T13:04:05.352Z"}
{"level":"info","message":"Room 1ea819dd-1822-49fd-948f-09c290a831fd deleted as it's empty","timestamp":"2024-09-30T13:04:05.352Z"}
{"level":"info","message":"New connection: dFIeav2-x7mDq10jAAB5","timestamp":"2024-09-30T13:04:05.364Z"}
{"level":"info","message":"User aliftan joined room 1ea819dd-1822-49fd-948f-09c290a831fd. Total users: 1","timestamp":"2024-09-30T13:04:05.365Z"}
{"level":"info","message":"User aliftan left room 1ea819dd-1822-49fd-948f-09c290a831fd. Total users: 0","timestamp":"2024-09-30T13:04:05.366Z"}
{"level":"info","message":"Room 1ea819dd-1822-49fd-948f-09c290a831fd deleted as it's empty","timestamp":"2024-09-30T13:04:05.366Z"}
{"level":"info","message":"User aliftan joined room 1ea819dd-1822-49fd-948f-09c290a831fd. Total users: 1","timestamp":"2024-09-30T13:04:05.366Z"}
{"level":"info","message":"User aliftan left room 1ea819dd-1822-49fd-948f-09c290a831fd. Total users: 0","timestamp":"2024-09-30T13:04:05.367Z"}
{"level":"info","message":"Room 1ea819dd-1822-49fd-948f-09c290a831fd deleted as it's empty","timestamp":"2024-09-30T13:04:05.368Z"}
{"level":"info","message":"New connection: ALFifYxh4XuUbnjvAAB7","timestamp":"2024-09-30T13:04:05.380Z"}
{"level":"info","message":"User aliftan joined room 1ea819dd-1822-49fd-948f-09c290a831fd. Total users: 1","timestamp":"2024-09-30T13:04:05.381Z"}
{"level":"info","message":"User aliftan left room 1ea819dd-1822-49fd-948f-09c290a831fd. Total users: 0","timestamp":"2024-09-30T13:04:05.381Z"}
{"level":"info","message":"Room 1ea819dd-1822-49fd-948f-09c290a831fd deleted as it's empty","timestamp":"2024-09-30T13:04:05.381Z"}
{"level":"info","message":"User aliftan joined room 1ea819dd-1822-49fd-948f-09c290a831fd. Total users: 1","timestamp":"2024-09-30T13:04:05.382Z"}
{"level":"info","message":"User aliftan left room 1ea819dd-1822-49fd-948f-09c290a831fd. Total users: 0","timestamp":"2024-09-30T13:04:05.382Z"}
{"level":"info","message":"Room 1ea819dd-1822-49fd-948f-09c290a831fd deleted as it's empty","timestamp":"2024-09-30T13:04:05.383Z"}
{"level":"info","message":"New connection: zY4__gDX3mypSiFfAAB9","timestamp":"2024-09-30T13:04:05.396Z"}
{"level":"info","message":"User aliftan joined room 1ea819dd-1822-49fd-948f-09c290a831fd. Total users: 1","timestamp":"2024-09-30T13:04:05.397Z"}
{"level":"info","message":"User aliftan left room 1ea819dd-1822-49fd-948f-09c290a831fd. Total users: 0","timestamp":"2024-09-30T13:04:05.397Z"}
{"level":"info","message":"Room 1ea819dd-1822-49fd-948f-09c290a831fd deleted as it's empty","timestamp":"2024-09-30T13:04:05.398Z"}
{"level":"info","message":"User aliftan joined room 1ea819dd-1822-49fd-948f-09c290a831fd. Total users: 1","timestamp":"2024-09-30T13:04:05.398Z"}
{"level":"info","message":"User aliftan left room 1ea819dd-1822-49fd-948f-09c290a831fd. Total users: 0","timestamp":"2024-09-30T13:04:05.399Z"}
{"level":"info","message":"Room 1ea819dd-1822-49fd-948f-09c290a831fd deleted as it's empty","timestamp":"2024-09-30T13:04:05.399Z"}
{"level":"info","message":"New connection: ZNdaSElSv_euXOooAAB_","timestamp":"2024-09-30T13:04:05.411Z"}
{"level":"info","message":"User aliftan joined room 1ea819dd-1822-49fd-948f-09c290a831fd. Total users: 1","timestamp":"2024-09-30T13:04:05.411Z"}
{"level":"info","message":"User aliftan left room 1ea819dd-1822-49fd-948f-09c290a831fd. Total users: 0","timestamp":"2024-09-30T13:04:05.412Z"}
{"level":"info","message":"Room 1ea819dd-1822-49fd-948f-09c290a831fd deleted as it's empty","timestamp":"2024-09-30T13:04:05.412Z"}
{"level":"info","message":"User aliftan joined room 1ea819dd-1822-49fd-948f-09c290a831fd. Total users: 1","timestamp":"2024-09-30T13:04:05.413Z"}
{"level":"info","message":"User aliftan left room 1ea819dd-1822-49fd-948f-09c290a831fd. Total users: 0","timestamp":"2024-09-30T13:04:05.413Z"}
{"level":"info","message":"Room 1ea819dd-1822-49fd-948f-09c290a831fd deleted as it's empty","timestamp":"2024-09-30T13:04:05.413Z"}
{"level":"info","message":"New connection: uq7Z01bvHNmB8meCAACB","timestamp":"2024-09-30T13:04:05.427Z"}
{"level":"info","message":"User aliftan joined room 1ea819dd-1822-49fd-948f-09c290a831fd. Total users: 1","timestamp":"2024-09-30T13:04:05.428Z"}
{"level":"info","message":"User aliftan left room 1ea819dd-1822-49fd-948f-09c290a831fd. Total users: 0","timestamp":"2024-09-30T13:04:05.428Z"}
{"level":"info","message":"Room 1ea819dd-1822-49fd-948f-09c290a831fd deleted as it's empty","timestamp":"2024-09-30T13:04:05.429Z"}
{"level":"info","message":"User aliftan joined room 1ea819dd-1822-49fd-948f-09c290a831fd. Total users: 1","timestamp":"2024-09-30T13:04:05.429Z"}
{"level":"info","message":"User aliftan left room 1ea819dd-1822-49fd-948f-09c290a831fd. Total users: 0","timestamp":"2024-09-30T13:04:05.430Z"}
{"level":"info","message":"Room 1ea819dd-1822-49fd-948f-09c290a831fd deleted as it's empty","timestamp":"2024-09-30T13:04:05.430Z"}
{"level":"info","message":"New connection: zQsVfER8l_CrK20AAACD","timestamp":"2024-09-30T13:04:05.442Z"}
{"level":"info","message":"User aliftan joined room 1ea819dd-1822-49fd-948f-09c290a831fd. Total users: 1","timestamp":"2024-09-30T13:04:05.443Z"}
{"level":"info","message":"User aliftan left room 1ea819dd-1822-49fd-948f-09c290a831fd. Total users: 0","timestamp":"2024-09-30T13:04:05.443Z"}
{"level":"info","message":"Room 1ea819dd-1822-49fd-948f-09c290a831fd deleted as it's empty","timestamp":"2024-09-30T13:04:05.444Z"}
{"level":"info","message":"User aliftan joined room 1ea819dd-1822-49fd-948f-09c290a831fd. Total users: 1","timestamp":"2024-09-30T13:04:05.444Z"}
{"level":"info","message":"User aliftan left room 1ea819dd-1822-49fd-948f-09c290a831fd. Total users: 0","timestamp":"2024-09-30T13:04:05.444Z"}
{"level":"info","message":"Room 1ea819dd-1822-49fd-948f-09c290a831fd deleted as it's empty","timestamp":"2024-09-30T13:04:05.445Z"}
{"level":"info","message":"New connection: lCLKrPcj47uLIwHDAACF","timestamp":"2024-09-30T13:04:05.457Z"}
{"level":"info","message":"User aliftan joined room 1ea819dd-1822-49fd-948f-09c290a831fd. Total users: 1","timestamp":"2024-09-30T13:04:05.458Z"}
{"level":"info","message":"User aliftan left room 1ea819dd-1822-49fd-948f-09c290a831fd. Total users: 0","timestamp":"2024-09-30T13:04:05.458Z"}
{"level":"info","message":"Room 1ea819dd-1822-49fd-948f-09c290a831fd deleted as it's empty","timestamp":"2024-09-30T13:04:05.458Z"}
{"level":"info","message":"User aliftan joined room 1ea819dd-1822-49fd-948f-09c290a831fd. Total users: 1","timestamp":"2024-09-30T13:04:05.458Z"}
{"level":"info","message":"User aliftan left room 1ea819dd-1822-49fd-948f-09c290a831fd. Total users: 0","timestamp":"2024-09-30T13:04:05.459Z"}
{"level":"info","message":"Room 1ea819dd-1822-49fd-948f-09c290a831fd deleted as it's empty","timestamp":"2024-09-30T13:04:05.459Z"}
{"level":"info","message":"New connection: aEACOe2IDYSdu9kpAACH","timestamp":"2024-09-30T13:04:05.473Z"}
{"level":"info","message":"User aliftan joined room 1ea819dd-1822-49fd-948f-09c290a831fd. Total users: 1","timestamp":"2024-09-30T13:04:05.473Z"}
{"level":"info","message":"User aliftan left room 1ea819dd-1822-49fd-948f-09c290a831fd. Total users: 0","timestamp":"2024-09-30T13:04:05.474Z"}
{"level":"info","message":"Room 1ea819dd-1822-49fd-948f-09c290a831fd deleted as it's empty","timestamp":"2024-09-30T13:04:05.474Z"}
{"level":"info","message":"User aliftan joined room 1ea819dd-1822-49fd-948f-09c290a831fd. Total users: 1","timestamp":"2024-09-30T13:04:05.474Z"}
{"level":"info","message":"User aliftan left room 1ea819dd-1822-49fd-948f-09c290a831fd. Total users: 0","timestamp":"2024-09-30T13:04:05.475Z"}
{"level":"info","message":"Room 1ea819dd-1822-49fd-948f-09c290a831fd deleted as it's empty","timestamp":"2024-09-30T13:04:05.475Z"}
{"level":"info","message":"New connection: -Lsi17BDjSy_Izl2AACJ","timestamp":"2024-09-30T13:04:05.489Z"}
{"level":"info","message":"User aliftan joined room 1ea819dd-1822-49fd-948f-09c290a831fd. Total users: 1","timestamp":"2024-09-30T13:04:05.489Z"}
{"level":"info","message":"User aliftan left room 1ea819dd-1822-49fd-948f-09c290a831fd. Total users: 0","timestamp":"2024-09-30T13:04:05.490Z"}
{"level":"info","message":"Room 1ea819dd-1822-49fd-948f-09c290a831fd deleted as it's empty","timestamp":"2024-09-30T13:04:05.490Z"}
{"level":"info","message":"User aliftan joined room 1ea819dd-1822-49fd-948f-09c290a831fd. Total users: 1","timestamp":"2024-09-30T13:04:05.491Z"}
{"level":"info","message":"User aliftan left room 1ea819dd-1822-49fd-948f-09c290a831fd. Total users: 0","timestamp":"2024-09-30T13:04:05.491Z"}
{"level":"info","message":"Room 1ea819dd-1822-49fd-948f-09c290a831fd deleted as it's empty","timestamp":"2024-09-30T13:04:05.492Z"}
{"level":"info","message":"New connection: KjdRYrS6gkPixBCbAACL","timestamp":"2024-09-30T13:04:05.509Z"}
{"level":"info","message":"User aliftan joined room 1ea819dd-1822-49fd-948f-09c290a831fd. Total users: 1","timestamp":"2024-09-30T13:04:05.512Z"}
{"level":"info","message":"User aliftan left room 1ea819dd-1822-49fd-948f-09c290a831fd. Total users: 0","timestamp":"2024-09-30T13:04:05.512Z"}
{"level":"info","message":"Room 1ea819dd-1822-49fd-948f-09c290a831fd deleted as it's empty","timestamp":"2024-09-30T13:04:05.513Z"}
{"level":"info","message":"User aliftan joined room 1ea819dd-1822-49fd-948f-09c290a831fd. Total users: 1","timestamp":"2024-09-30T13:04:05.513Z"}
{"level":"info","message":"User aliftan left room 1ea819dd-1822-49fd-948f-09c290a831fd. Total users: 0","timestamp":"2024-09-30T13:04:05.514Z"}
{"level":"info","message":"Room 1ea819dd-1822-49fd-948f-09c290a831fd deleted as it's empty","timestamp":"2024-09-30T13:04:05.515Z"}
{"level":"info","message":"New connection: z0gg4Y0Q8lvYrz2SAACN","timestamp":"2024-09-30T13:04:05.519Z"}
{"level":"info","message":"User aliftan joined room 1ea819dd-1822-49fd-948f-09c290a831fd. Total users: 1","timestamp":"2024-09-30T13:04:05.520Z"}
{"level":"info","message":"User aliftan left room 1ea819dd-1822-49fd-948f-09c290a831fd. Total users: 0","timestamp":"2024-09-30T13:04:05.520Z"}
{"level":"info","message":"Room 1ea819dd-1822-49fd-948f-09c290a831fd deleted as it's empty","timestamp":"2024-09-30T13:04:05.520Z"}
{"level":"info","message":"User aliftan joined room 1ea819dd-1822-49fd-948f-09c290a831fd. Total users: 1","timestamp":"2024-09-30T13:04:05.521Z"}
{"level":"info","message":"User aliftan left room 1ea819dd-1822-49fd-948f-09c290a831fd. Total users: 0","timestamp":"2024-09-30T13:04:05.522Z"}
{"level":"info","message":"Room 1ea819dd-1822-49fd-948f-09c290a831fd deleted as it's empty","timestamp":"2024-09-30T13:04:05.522Z"}
{"level":"info","message":"New connection: qNY9qZiTNBWJ-mArAACP","timestamp":"2024-09-30T13:04:05.534Z"}
{"level":"info","message":"User aliftan joined room 1ea819dd-1822-49fd-948f-09c290a831fd. Total users: 1","timestamp":"2024-09-30T13:04:05.534Z"}
{"level":"info","message":"User aliftan left room 1ea819dd-1822-49fd-948f-09c290a831fd. Total users: 0","timestamp":"2024-09-30T13:04:05.535Z"}
{"level":"info","message":"Room 1ea819dd-1822-49fd-948f-09c290a831fd deleted as it's empty","timestamp":"2024-09-30T13:04:05.535Z"}
{"level":"info","message":"User aliftan joined room 1ea819dd-1822-49fd-948f-09c290a831fd. Total users: 1","timestamp":"2024-09-30T13:04:05.536Z"}
{"level":"info","message":"User aliftan left room 1ea819dd-1822-49fd-948f-09c290a831fd. Total users: 0","timestamp":"2024-09-30T13:04:05.536Z"}
{"level":"info","message":"Room 1ea819dd-1822-49fd-948f-09c290a831fd deleted as it's empty","timestamp":"2024-09-30T13:04:05.537Z"}
{"level":"info","message":"New connection: 7A5JZC--nI_NawgoAACR","timestamp":"2024-09-30T13:04:05.549Z"}
{"level":"info","message":"User aliftan joined room 1ea819dd-1822-49fd-948f-09c290a831fd. Total users: 1","timestamp":"2024-09-30T13:04:05.550Z"}
{"level":"info","message":"User aliftan left room 1ea819dd-1822-49fd-948f-09c290a831fd. Total users: 0","timestamp":"2024-09-30T13:04:05.550Z"}
{"level":"info","message":"Room 1ea819dd-1822-49fd-948f-09c290a831fd deleted as it's empty","timestamp":"2024-09-30T13:04:05.551Z"}
{"level":"info","message":"User aliftan joined room 1ea819dd-1822-49fd-948f-09c290a831fd. Total users: 1","timestamp":"2024-09-30T13:04:05.552Z"}
{"level":"info","message":"User aliftan left room 1ea819dd-1822-49fd-948f-09c290a831fd. Total users: 0","timestamp":"2024-09-30T13:04:05.552Z"}
{"level":"info","message":"Room 1ea819dd-1822-49fd-948f-09c290a831fd deleted as it's empty","timestamp":"2024-09-30T13:04:05.553Z"}
{"level":"info","message":"New connection: uDPsHM9gXVtiBELbAACU","timestamp":"2024-09-30T13:04:05.568Z"}
{"level":"info","message":"User aliftan joined room 1ea819dd-1822-49fd-948f-09c290a831fd. Total users: 1","timestamp":"2024-09-30T13:04:05.569Z"}
{"level":"info","message":"User aliftan left room 1ea819dd-1822-49fd-948f-09c290a831fd. Total users: 0","timestamp":"2024-09-30T13:04:05.570Z"}
{"level":"info","message":"Room 1ea819dd-1822-49fd-948f-09c290a831fd deleted as it's empty","timestamp":"2024-09-30T13:04:05.570Z"}
{"level":"info","message":"User aliftan joined room 1ea819dd-1822-49fd-948f-09c290a831fd. Total users: 1","timestamp":"2024-09-30T13:04:05.571Z"}
{"level":"info","message":"User aliftan left room 1ea819dd-1822-49fd-948f-09c290a831fd. Total users: 0","timestamp":"2024-09-30T13:04:05.572Z"}
{"level":"info","message":"Room 1ea819dd-1822-49fd-948f-09c290a831fd deleted as it's empty","timestamp":"2024-09-30T13:04:05.572Z"}
{"level":"info","message":"New connection: qpwhtaebjI-jMbjtAACV","timestamp":"2024-09-30T13:04:05.574Z"}
{"level":"info","message":"New connection: IhRSOJY1nsJQoWy9AACX","timestamp":"2024-09-30T13:04:05.582Z"}
{"level":"info","message":"User aliftan joined room 1ea819dd-1822-49fd-948f-09c290a831fd. Total users: 1","timestamp":"2024-09-30T13:04:05.583Z"}
{"level":"info","message":"User aliftan left room 1ea819dd-1822-49fd-948f-09c290a831fd. Total users: 0","timestamp":"2024-09-30T13:04:05.584Z"}
{"level":"info","message":"Room 1ea819dd-1822-49fd-948f-09c290a831fd deleted as it's empty","timestamp":"2024-09-30T13:04:05.584Z"}
{"level":"info","message":"User aliftan joined room 1ea819dd-1822-49fd-948f-09c290a831fd. Total users: 1","timestamp":"2024-09-30T13:04:05.584Z"}
{"level":"info","message":"User aliftan left room 1ea819dd-1822-49fd-948f-09c290a831fd. Total users: 0","timestamp":"2024-09-30T13:04:05.585Z"}
{"level":"info","message":"Room 1ea819dd-1822-49fd-948f-09c290a831fd deleted as it's empty","timestamp":"2024-09-30T13:04:05.586Z"}
{"level":"info","message":"New connection: UR7X794ATaWxxqbtAACa","timestamp":"2024-09-30T13:04:05.593Z"}
{"level":"info","message":"User aliftan joined room 1ea819dd-1822-49fd-948f-09c290a831fd. Total users: 1","timestamp":"2024-09-30T13:04:05.594Z"}
{"level":"info","message":"User aliftan left room 1ea819dd-1822-49fd-948f-09c290a831fd. Total users: 0","timestamp":"2024-09-30T13:04:05.595Z"}
{"level":"info","message":"Room 1ea819dd-1822-49fd-948f-09c290a831fd deleted as it's empty","timestamp":"2024-09-30T13:04:05.595Z"}
{"level":"info","message":"User aliftan joined room 1ea819dd-1822-49fd-948f-09c290a831fd. Total users: 1","timestamp":"2024-09-30T13:04:05.595Z"}
{"level":"info","message":"User aliftan left room 1ea819dd-1822-49fd-948f-09c290a831fd. Total users: 0","timestamp":"2024-09-30T13:04:05.596Z"}
{"level":"info","message":"Room 1ea819dd-1822-49fd-948f-09c290a831fd deleted as it's empty","timestamp":"2024-09-30T13:04:05.596Z"}
{"level":"info","message":"New connection: ls9sqvdK6y4gQv96AACb","timestamp":"2024-09-30T13:04:05.597Z"}
{"level":"info","message":"User wira joined room 1ea819dd-1822-49fd-948f-09c290a831fd. Total users: 1","timestamp":"2024-09-30T13:04:05.598Z"}
{"level":"info","message":"User wira left room 1ea819dd-1822-49fd-948f-09c290a831fd. Total users: 0","timestamp":"2024-09-30T13:04:05.599Z"}
{"level":"info","message":"Room 1ea819dd-1822-49fd-948f-09c290a831fd deleted as it's empty","timestamp":"2024-09-30T13:04:05.600Z"}
{"level":"info","message":"User wira joined room 1ea819dd-1822-49fd-948f-09c290a831fd. Total users: 1","timestamp":"2024-09-30T13:04:05.600Z"}
{"level":"info","message":"User wira left room 1ea819dd-1822-49fd-948f-09c290a831fd. Total users: 0","timestamp":"2024-09-30T13:04:05.602Z"}
{"level":"info","message":"Room 1ea819dd-1822-49fd-948f-09c290a831fd deleted as it's empty","timestamp":"2024-09-30T13:04:05.603Z"}
{"level":"info","message":"New connection: 85KWZCfuvXCya0w6AACe","timestamp":"2024-09-30T13:04:05.608Z"}
{"level":"info","message":"User aliftan joined room 1ea819dd-1822-49fd-948f-09c290a831fd. Total users: 1","timestamp":"2024-09-30T13:04:05.609Z"}
{"level":"info","message":"User aliftan left room 1ea819dd-1822-49fd-948f-09c290a831fd. Total users: 0","timestamp":"2024-09-30T13:04:05.610Z"}
{"level":"info","message":"Room 1ea819dd-1822-49fd-948f-09c290a831fd deleted as it's empty","timestamp":"2024-09-30T13:04:05.610Z"}
{"level":"info","message":"User aliftan joined room 1ea819dd-1822-49fd-948f-09c290a831fd. Total users: 1","timestamp":"2024-09-30T13:04:05.611Z"}
{"level":"info","message":"User aliftan left room 1ea819dd-1822-49fd-948f-09c290a831fd. Total users: 0","timestamp":"2024-09-30T13:04:05.611Z"}
{"level":"info","message":"Room 1ea819dd-1822-49fd-948f-09c290a831fd deleted as it's empty","timestamp":"2024-09-30T13:04:05.612Z"}
{"level":"info","message":"New connection: DFRBM6VG750X4jI5AACf","timestamp":"2024-09-30T13:04:05.612Z"}
{"level":"info","message":"User wira joined room 1ea819dd-1822-49fd-948f-09c290a831fd. Total users: 1","timestamp":"2024-09-30T13:04:05.614Z"}
{"level":"info","message":"User wira left room 1ea819dd-1822-49fd-948f-09c290a831fd. Total users: 0","timestamp":"2024-09-30T13:04:05.615Z"}
{"level":"info","message":"Room 1ea819dd-1822-49fd-948f-09c290a831fd deleted as it's empty","timestamp":"2024-09-30T13:04:05.616Z"}
{"level":"info","message":"User wira joined room 1ea819dd-1822-49fd-948f-09c290a831fd. Total users: 1","timestamp":"2024-09-30T13:04:05.616Z"}
{"level":"info","message":"User wira left room 1ea819dd-1822-49fd-948f-09c290a831fd. Total users: 0","timestamp":"2024-09-30T13:04:05.617Z"}
{"level":"info","message":"Room 1ea819dd-1822-49fd-948f-09c290a831fd deleted as it's empty","timestamp":"2024-09-30T13:04:05.617Z"}
{"level":"info","message":"New connection: JG66murqxr5cn8FuAACi","timestamp":"2024-09-30T13:04:05.622Z"}
{"level":"info","message":"User aliftan joined room 1ea819dd-1822-49fd-948f-09c290a831fd. Total users: 1","timestamp":"2024-09-30T13:04:05.624Z"}
{"level":"info","message":"User aliftan left room 1ea819dd-1822-49fd-948f-09c290a831fd. Total users: 0","timestamp":"2024-09-30T13:04:05.624Z"}
{"level":"info","message":"Room 1ea819dd-1822-49fd-948f-09c290a831fd deleted as it's empty","timestamp":"2024-09-30T13:04:05.625Z"}
{"level":"info","message":"User aliftan joined room 1ea819dd-1822-49fd-948f-09c290a831fd. Total users: 1","timestamp":"2024-09-30T13:04:05.626Z"}
{"level":"info","message":"User aliftan left room 1ea819dd-1822-49fd-948f-09c290a831fd. Total users: 0","timestamp":"2024-09-30T13:04:05.627Z"}
{"level":"info","message":"Room 1ea819dd-1822-49fd-948f-09c290a831fd deleted as it's empty","timestamp":"2024-09-30T13:04:05.627Z"}
{"level":"info","message":"New connection: Ujxu7SD_L-ONmfmuAACj","timestamp":"2024-09-30T13:04:05.629Z"}
{"level":"info","message":"User wira joined room 1ea819dd-1822-49fd-948f-09c290a831fd. Total users: 1","timestamp":"2024-09-30T13:04:05.630Z"}
{"level":"info","message":"User wira left room 1ea819dd-1822-49fd-948f-09c290a831fd. Total users: 0","timestamp":"2024-09-30T13:04:05.631Z"}
{"level":"info","message":"Room 1ea819dd-1822-49fd-948f-09c290a831fd deleted as it's empty","timestamp":"2024-09-30T13:04:05.631Z"}
{"level":"info","message":"User wira joined room 1ea819dd-1822-49fd-948f-09c290a831fd. Total users: 1","timestamp":"2024-09-30T13:04:05.632Z"}
{"level":"info","message":"User wira left room 1ea819dd-1822-49fd-948f-09c290a831fd. Total users: 0","timestamp":"2024-09-30T13:04:05.635Z"}
{"level":"info","message":"Room 1ea819dd-1822-49fd-948f-09c290a831fd deleted as it's empty","timestamp":"2024-09-30T13:04:05.636Z"}
{"level":"info","message":"New connection: DSfJXvS5TLHqnPtCAACm","timestamp":"2024-09-30T13:04:05.640Z"}
{"level":"info","message":"User aliftan joined room 1ea819dd-1822-49fd-948f-09c290a831fd. Total users: 1","timestamp":"2024-09-30T13:04:05.641Z"}
{"level":"info","message":"User aliftan left room 1ea819dd-1822-49fd-948f-09c290a831fd. Total users: 0","timestamp":"2024-09-30T13:04:05.643Z"}
{"level":"info","message":"Room 1ea819dd-1822-49fd-948f-09c290a831fd deleted as it's empty","timestamp":"2024-09-30T13:04:05.643Z"}
{"level":"info","message":"User aliftan joined room 1ea819dd-1822-49fd-948f-09c290a831fd. Total users: 1","timestamp":"2024-09-30T13:04:05.644Z"}
{"level":"info","message":"User aliftan left room 1ea819dd-1822-49fd-948f-09c290a831fd. Total users: 0","timestamp":"2024-09-30T13:04:05.645Z"}
{"level":"info","message":"Room 1ea819dd-1822-49fd-948f-09c290a831fd deleted as it's empty","timestamp":"2024-09-30T13:04:05.645Z"}
{"level":"info","message":"New connection: _b2CL1Is3-O5nj19AACn","timestamp":"2024-09-30T13:04:05.647Z"}
{"level":"info","message":"User wira joined room 1ea819dd-1822-49fd-948f-09c290a831fd. Total users: 1","timestamp":"2024-09-30T13:04:05.647Z"}
{"level":"info","message":"User wira left room 1ea819dd-1822-49fd-948f-09c290a831fd. Total users: 0","timestamp":"2024-09-30T13:04:05.649Z"}
{"level":"info","message":"Room 1ea819dd-1822-49fd-948f-09c290a831fd deleted as it's empty","timestamp":"2024-09-30T13:04:05.649Z"}
{"level":"info","message":"User wira joined room 1ea819dd-1822-49fd-948f-09c290a831fd. Total users: 1","timestamp":"2024-09-30T13:04:05.650Z"}
{"level":"info","message":"User wira left room 1ea819dd-1822-49fd-948f-09c290a831fd. Total users: 0","timestamp":"2024-09-30T13:04:05.653Z"}
{"level":"info","message":"Room 1ea819dd-1822-49fd-948f-09c290a831fd deleted as it's empty","timestamp":"2024-09-30T13:04:05.654Z"}
{"level":"info","message":"New connection: RfJBSaaTvNXhCnA6AACq","timestamp":"2024-09-30T13:04:05.655Z"}
{"level":"info","message":"User aliftan joined room 1ea819dd-1822-49fd-948f-09c290a831fd. Total users: 1","timestamp":"2024-09-30T13:04:05.655Z"}
{"level":"info","message":"User aliftan left room 1ea819dd-1822-49fd-948f-09c290a831fd. Total users: 0","timestamp":"2024-09-30T13:04:05.656Z"}
{"level":"info","message":"Room 1ea819dd-1822-49fd-948f-09c290a831fd deleted as it's empty","timestamp":"2024-09-30T13:04:05.656Z"}
{"level":"info","message":"User aliftan joined room 1ea819dd-1822-49fd-948f-09c290a831fd. Total users: 1","timestamp":"2024-09-30T13:04:05.657Z"}
{"level":"info","message":"User aliftan left room 1ea819dd-1822-49fd-948f-09c290a831fd. Total users: 0","timestamp":"2024-09-30T13:04:05.658Z"}
{"level":"info","message":"Room 1ea819dd-1822-49fd-948f-09c290a831fd deleted as it's empty","timestamp":"2024-09-30T13:04:05.658Z"}
{"level":"info","message":"New connection: 7mAiuAHlx8cSoRVYAACr","timestamp":"2024-09-30T13:04:05.660Z"}
{"level":"info","message":"User wira joined room 1ea819dd-1822-49fd-948f-09c290a831fd. Total users: 1","timestamp":"2024-09-30T13:04:05.660Z"}
{"level":"info","message":"User wira left room 1ea819dd-1822-49fd-948f-09c290a831fd. Total users: 0","timestamp":"2024-09-30T13:04:05.661Z"}
{"level":"info","message":"Room 1ea819dd-1822-49fd-948f-09c290a831fd deleted as it's empty","timestamp":"2024-09-30T13:04:05.661Z"}
{"level":"info","message":"User wira joined room 1ea819dd-1822-49fd-948f-09c290a831fd. Total users: 1","timestamp":"2024-09-30T13:04:05.662Z"}
{"level":"info","message":"User wira left room 1ea819dd-1822-49fd-948f-09c290a831fd. Total users: 0","timestamp":"2024-09-30T13:04:05.663Z"}
{"level":"info","message":"Room 1ea819dd-1822-49fd-948f-09c290a831fd deleted as it's empty","timestamp":"2024-09-30T13:04:05.663Z"}
{"level":"info","message":"New connection: d5JCVDRxqKtZtjehAACu","timestamp":"2024-09-30T13:04:05.667Z"}
{"level":"info","message":"User aliftan joined room 1ea819dd-1822-49fd-948f-09c290a831fd. Total users: 1","timestamp":"2024-09-30T13:04:05.668Z"}
{"level":"info","message":"User aliftan left room 1ea819dd-1822-49fd-948f-09c290a831fd. Total users: 0","timestamp":"2024-09-30T13:04:05.668Z"}
{"level":"info","message":"Room 1ea819dd-1822-49fd-948f-09c290a831fd deleted as it's empty","timestamp":"2024-09-30T13:04:05.669Z"}
{"level":"info","message":"User aliftan joined room 1ea819dd-1822-49fd-948f-09c290a831fd. Total users: 1","timestamp":"2024-09-30T13:04:05.669Z"}
{"level":"info","message":"User aliftan left room 1ea819dd-1822-49fd-948f-09c290a831fd. Total users: 0","timestamp":"2024-09-30T13:04:05.670Z"}
{"level":"info","message":"Room 1ea819dd-1822-49fd-948f-09c290a831fd deleted as it's empty","timestamp":"2024-09-30T13:04:05.670Z"}
{"level":"info","message":"New connection: QWZlHMAPvxyjkxSXAACv","timestamp":"2024-09-30T13:04:05.672Z"}
{"level":"info","message":"User wira joined room 1ea819dd-1822-49fd-948f-09c290a831fd. Total users: 1","timestamp":"2024-09-30T13:04:05.672Z"}
{"level":"info","message":"User wira left room 1ea819dd-1822-49fd-948f-09c290a831fd. Total users: 0","timestamp":"2024-09-30T13:04:05.673Z"}
{"level":"info","message":"Room 1ea819dd-1822-49fd-948f-09c290a831fd deleted as it's empty","timestamp":"2024-09-30T13:04:05.673Z"}
{"level":"info","message":"User wira joined room 1ea819dd-1822-49fd-948f-09c290a831fd. Total users: 1","timestamp":"2024-09-30T13:04:05.674Z"}
{"level":"info","message":"User wira left room 1ea819dd-1822-49fd-948f-09c290a831fd. Total users: 0","timestamp":"2024-09-30T13:04:05.674Z"}
{"level":"info","message":"Room 1ea819dd-1822-49fd-948f-09c290a831fd deleted as it's empty","timestamp":"2024-09-30T13:04:05.674Z"}
{"level":"info","message":"New connection: eZ-sVVlthmYylJ6BAACy","timestamp":"2024-09-30T13:04:05.679Z"}
{"level":"info","message":"User aliftan joined room 1ea819dd-1822-49fd-948f-09c290a831fd. Total users: 1","timestamp":"2024-09-30T13:04:05.680Z"}
{"level":"info","message":"User aliftan left room 1ea819dd-1822-49fd-948f-09c290a831fd. Total users: 0","timestamp":"2024-09-30T13:04:05.681Z"}
{"level":"info","message":"Room 1ea819dd-1822-49fd-948f-09c290a831fd deleted as it's empty","timestamp":"2024-09-30T13:04:05.681Z"}
{"level":"info","message":"User aliftan joined room 1ea819dd-1822-49fd-948f-09c290a831fd. Total users: 1","timestamp":"2024-09-30T13:04:05.681Z"}
{"level":"info","message":"User aliftan left room 1ea819dd-1822-49fd-948f-09c290a831fd. Total users: 0","timestamp":"2024-09-30T13:04:05.681Z"}
{"level":"info","message":"Room 1ea819dd-1822-49fd-948f-09c290a831fd deleted as it's empty","timestamp":"2024-09-30T13:04:05.682Z"}
{"level":"info","message":"New connection: mlglxGeALpOPIpftAACz","timestamp":"2024-09-30T13:04:05.682Z"}
{"level":"info","message":"User wira joined room 1ea819dd-1822-49fd-948f-09c290a831fd. Total users: 1","timestamp":"2024-09-30T13:04:05.683Z"}
{"level":"info","message":"User wira left room 1ea819dd-1822-49fd-948f-09c290a831fd. Total users: 0","timestamp":"2024-09-30T13:04:05.684Z"}
{"level":"info","message":"Room 1ea819dd-1822-49fd-948f-09c290a831fd deleted as it's empty","timestamp":"2024-09-30T13:04:05.684Z"}
{"level":"info","message":"User wira joined room 1ea819dd-1822-49fd-948f-09c290a831fd. Total users: 1","timestamp":"2024-09-30T13:04:05.685Z"}
{"level":"info","message":"User wira left room 1ea819dd-1822-49fd-948f-09c290a831fd. Total users: 0","timestamp":"2024-09-30T13:04:05.685Z"}
{"level":"info","message":"Room 1ea819dd-1822-49fd-948f-09c290a831fd deleted as it's empty","timestamp":"2024-09-30T13:04:05.686Z"}
{"level":"info","message":"New connection: 5DGYJMC85mn7_pBIAAC2","timestamp":"2024-09-30T13:04:05.692Z"}
{"level":"info","message":"User aliftan joined room 1ea819dd-1822-49fd-948f-09c290a831fd. Total users: 1","timestamp":"2024-09-30T13:04:05.693Z"}
{"level":"info","message":"User aliftan left room 1ea819dd-1822-49fd-948f-09c290a831fd. Total users: 0","timestamp":"2024-09-30T13:04:05.693Z"}
{"level":"info","message":"Room 1ea819dd-1822-49fd-948f-09c290a831fd deleted as it's empty","timestamp":"2024-09-30T13:04:05.694Z"}
{"level":"info","message":"User aliftan joined room 1ea819dd-1822-49fd-948f-09c290a831fd. Total users: 1","timestamp":"2024-09-30T13:04:05.694Z"}
{"level":"info","message":"User aliftan left room 1ea819dd-1822-49fd-948f-09c290a831fd. Total users: 0","timestamp":"2024-09-30T13:04:05.695Z"}
{"level":"info","message":"Room 1ea819dd-1822-49fd-948f-09c290a831fd deleted as it's empty","timestamp":"2024-09-30T13:04:05.696Z"}
{"level":"info","message":"New connection: lLTtPFGvOfM1RqvHAAC3","timestamp":"2024-09-30T13:04:05.698Z"}
{"level":"info","message":"User wira joined room 1ea819dd-1822-49fd-948f-09c290a831fd. Total users: 1","timestamp":"2024-09-30T13:04:05.698Z"}
{"level":"info","message":"User wira left room 1ea819dd-1822-49fd-948f-09c290a831fd. Total users: 0","timestamp":"2024-09-30T13:04:05.699Z"}
{"level":"info","message":"Room 1ea819dd-1822-49fd-948f-09c290a831fd deleted as it's empty","timestamp":"2024-09-30T13:04:05.700Z"}
{"level":"info","message":"User wira joined room 1ea819dd-1822-49fd-948f-09c290a831fd. Total users: 1","timestamp":"2024-09-30T13:04:05.700Z"}
{"level":"info","message":"User wira left room 1ea819dd-1822-49fd-948f-09c290a831fd. Total users: 0","timestamp":"2024-09-30T13:04:05.701Z"}
{"level":"info","message":"Room 1ea819dd-1822-49fd-948f-09c290a831fd deleted as it's empty","timestamp":"2024-09-30T13:04:05.702Z"}
{"level":"info","message":"New connection: ipvzcAIwSBAHX0wJAAC6","timestamp":"2024-09-30T13:04:05.706Z"}
{"level":"info","message":"User aliftan joined room 1ea819dd-1822-49fd-948f-09c290a831fd. Total users: 1","timestamp":"2024-09-30T13:04:05.707Z"}
{"level":"info","message":"User aliftan left room 1ea819dd-1822-49fd-948f-09c290a831fd. Total users: 0","timestamp":"2024-09-30T13:04:05.707Z"}
{"level":"info","message":"Room 1ea819dd-1822-49fd-948f-09c290a831fd deleted as it's empty","timestamp":"2024-09-30T13:04:05.708Z"}
{"level":"info","message":"User aliftan joined room 1ea819dd-1822-49fd-948f-09c290a831fd. Total users: 1","timestamp":"2024-09-30T13:04:05.708Z"}
{"level":"info","message":"User aliftan left room 1ea819dd-1822-49fd-948f-09c290a831fd. Total users: 0","timestamp":"2024-09-30T13:04:05.709Z"}
{"level":"info","message":"Room 1ea819dd-1822-49fd-948f-09c290a831fd deleted as it's empty","timestamp":"2024-09-30T13:04:05.709Z"}
{"level":"info","message":"New connection: 829xkctfOF27pEGIAAC7","timestamp":"2024-09-30T13:04:05.710Z"}
{"level":"info","message":"User wira joined room 1ea819dd-1822-49fd-948f-09c290a831fd. Total users: 1","timestamp":"2024-09-30T13:04:05.711Z"}
{"level":"info","message":"User wira left room 1ea819dd-1822-49fd-948f-09c290a831fd. Total users: 0","timestamp":"2024-09-30T13:04:05.712Z"}
{"level":"info","message":"Room 1ea819dd-1822-49fd-948f-09c290a831fd deleted as it's empty","timestamp":"2024-09-30T13:04:05.712Z"}
{"level":"info","message":"User wira joined room 1ea819dd-1822-49fd-948f-09c290a831fd. Total users: 1","timestamp":"2024-09-30T13:04:05.712Z"}
{"level":"info","message":"User wira left room 1ea819dd-1822-49fd-948f-09c290a831fd. Total users: 0","timestamp":"2024-09-30T13:04:05.713Z"}
{"level":"info","message":"Room 1ea819dd-1822-49fd-948f-09c290a831fd deleted as it's empty","timestamp":"2024-09-30T13:04:05.714Z"}
{"level":"info","message":"New connection: Z3lYFQv1KDMc7SYFAAC-","timestamp":"2024-09-30T13:04:05.720Z"}
{"level":"info","message":"User aliftan joined room 1ea819dd-1822-49fd-948f-09c290a831fd. Total users: 1","timestamp":"2024-09-30T13:04:05.721Z"}
{"level":"info","message":"User aliftan left room 1ea819dd-1822-49fd-948f-09c290a831fd. Total users: 0","timestamp":"2024-09-30T13:04:05.721Z"}
{"level":"info","message":"Room 1ea819dd-1822-49fd-948f-09c290a831fd deleted as it's empty","timestamp":"2024-09-30T13:04:05.722Z"}
{"level":"info","message":"User aliftan joined room 1ea819dd-1822-49fd-948f-09c290a831fd. Total users: 1","timestamp":"2024-09-30T13:04:05.722Z"}
{"level":"info","message":"User aliftan left room 1ea819dd-1822-49fd-948f-09c290a831fd. Total users: 0","timestamp":"2024-09-30T13:04:05.723Z"}
{"level":"info","message":"Room 1ea819dd-1822-49fd-948f-09c290a831fd deleted as it's empty","timestamp":"2024-09-30T13:04:05.723Z"}
{"level":"info","message":"New connection: t6Rdhi5x3R-QP_rDAAC_","timestamp":"2024-09-30T13:04:05.724Z"}
{"level":"info","message":"User wira joined room 1ea819dd-1822-49fd-948f-09c290a831fd. Total users: 1","timestamp":"2024-09-30T13:04:05.725Z"}
{"level":"info","message":"User wira left room 1ea819dd-1822-49fd-948f-09c290a831fd. Total users: 0","timestamp":"2024-09-30T13:04:05.726Z"}
{"level":"info","message":"Room 1ea819dd-1822-49fd-948f-09c290a831fd deleted as it's empty","timestamp":"2024-09-30T13:04:05.726Z"}
{"level":"info","message":"User wira joined room 1ea819dd-1822-49fd-948f-09c290a831fd. Total users: 1","timestamp":"2024-09-30T13:04:05.727Z"}
{"level":"info","message":"User wira left room 1ea819dd-1822-49fd-948f-09c290a831fd. Total users: 0","timestamp":"2024-09-30T13:04:05.727Z"}
{"level":"info","message":"Room 1ea819dd-1822-49fd-948f-09c290a831fd deleted as it's empty","timestamp":"2024-09-30T13:04:05.728Z"}
{"level":"info","message":"New connection: 1D1hrGDuZ9q-zQeAAADC","timestamp":"2024-09-30T13:04:05.733Z"}
{"level":"info","message":"User aliftan joined room 1ea819dd-1822-49fd-948f-09c290a831fd. Total users: 1","timestamp":"2024-09-30T13:04:05.734Z"}
{"level":"info","message":"User aliftan left room 1ea819dd-1822-49fd-948f-09c290a831fd. Total users: 0","timestamp":"2024-09-30T13:04:05.734Z"}
{"level":"info","message":"Room 1ea819dd-1822-49fd-948f-09c290a831fd deleted as it's empty","timestamp":"2024-09-30T13:04:05.735Z"}
{"level":"info","message":"User aliftan joined room 1ea819dd-1822-49fd-948f-09c290a831fd. Total users: 1","timestamp":"2024-09-30T13:04:05.735Z"}
{"level":"info","message":"User aliftan left room 1ea819dd-1822-49fd-948f-09c290a831fd. Total users: 0","timestamp":"2024-09-30T13:04:05.735Z"}
{"level":"info","message":"Room 1ea819dd-1822-49fd-948f-09c290a831fd deleted as it's empty","timestamp":"2024-09-30T13:04:05.736Z"}
{"level":"info","message":"New connection: IVDd3G5mU8EV0OX6AADD","timestamp":"2024-09-30T13:04:05.737Z"}
{"level":"info","message":"User wira joined room 1ea819dd-1822-49fd-948f-09c290a831fd. Total users: 1","timestamp":"2024-09-30T13:04:05.737Z"}
{"level":"info","message":"User wira left room 1ea819dd-1822-49fd-948f-09c290a831fd. Total users: 0","timestamp":"2024-09-30T13:04:05.738Z"}
{"level":"info","message":"Room 1ea819dd-1822-49fd-948f-09c290a831fd deleted as it's empty","timestamp":"2024-09-30T13:04:05.738Z"}
{"level":"info","message":"User wira joined room 1ea819dd-1822-49fd-948f-09c290a831fd. Total users: 1","timestamp":"2024-09-30T13:04:05.738Z"}
{"level":"info","message":"User wira left room 1ea819dd-1822-49fd-948f-09c290a831fd. Total users: 0","timestamp":"2024-09-30T13:04:05.739Z"}
{"level":"info","message":"Room 1ea819dd-1822-49fd-948f-09c290a831fd deleted as it's empty","timestamp":"2024-09-30T13:04:05.739Z"}
{"level":"info","message":"New connection: u9mFdMg2fFLuGT5YAADG","timestamp":"2024-09-30T13:04:05.745Z"}
{"level":"info","message":"User aliftan joined room 1ea819dd-1822-49fd-948f-09c290a831fd. Total users: 1","timestamp":"2024-09-30T13:04:05.746Z"}
{"level":"info","message":"User aliftan left room 1ea819dd-1822-49fd-948f-09c290a831fd. Total users: 0","timestamp":"2024-09-30T13:04:05.746Z"}
{"level":"info","message":"Room 1ea819dd-1822-49fd-948f-09c290a831fd deleted as it's empty","timestamp":"2024-09-30T13:04:05.746Z"}
{"level":"info","message":"User aliftan joined room 1ea819dd-1822-49fd-948f-09c290a831fd. Total users: 1","timestamp":"2024-09-30T13:04:05.747Z"}
{"level":"info","message":"User aliftan left room 1ea819dd-1822-49fd-948f-09c290a831fd. Total users: 0","timestamp":"2024-09-30T13:04:05.748Z"}
{"level":"info","message":"Room 1ea819dd-1822-49fd-948f-09c290a831fd deleted as it's empty","timestamp":"2024-09-30T13:04:05.748Z"}
{"level":"info","message":"New connection: XxyRf8E5UqnilwsEAADH","timestamp":"2024-09-30T13:04:05.749Z"}
{"level":"info","message":"User wira joined room 1ea819dd-1822-49fd-948f-09c290a831fd. Total users: 1","timestamp":"2024-09-30T13:04:05.750Z"}
{"level":"info","message":"User wira left room 1ea819dd-1822-49fd-948f-09c290a831fd. Total users: 0","timestamp":"2024-09-30T13:04:05.751Z"}
{"level":"info","message":"Room 1ea819dd-1822-49fd-948f-09c290a831fd deleted as it's empty","timestamp":"2024-09-30T13:04:05.751Z"}
{"level":"info","message":"User wira joined room 1ea819dd-1822-49fd-948f-09c290a831fd. Total users: 1","timestamp":"2024-09-30T13:04:05.751Z"}
{"level":"info","message":"User wira left room 1ea819dd-1822-49fd-948f-09c290a831fd. Total users: 0","timestamp":"2024-09-30T13:04:05.752Z"}
{"level":"info","message":"Room 1ea819dd-1822-49fd-948f-09c290a831fd deleted as it's empty","timestamp":"2024-09-30T13:04:05.752Z"}
{"level":"info","message":"New connection: yCDSeOCUykwDvrYUAADK","timestamp":"2024-09-30T13:04:05.757Z"}
{"level":"info","message":"User aliftan joined room 1ea819dd-1822-49fd-948f-09c290a831fd. Total users: 1","timestamp":"2024-09-30T13:04:05.758Z"}
{"level":"info","message":"User aliftan left room 1ea819dd-1822-49fd-948f-09c290a831fd. Total users: 0","timestamp":"2024-09-30T13:04:05.758Z"}
{"level":"info","message":"Room 1ea819dd-1822-49fd-948f-09c290a831fd deleted as it's empty","timestamp":"2024-09-30T13:04:05.758Z"}
{"level":"info","message":"User aliftan joined room 1ea819dd-1822-49fd-948f-09c290a831fd. Total users: 1","timestamp":"2024-09-30T13:04:05.759Z"}
{"level":"info","message":"User aliftan left room 1ea819dd-1822-49fd-948f-09c290a831fd. Total users: 0","timestamp":"2024-09-30T13:04:05.759Z"}
{"level":"info","message":"Room 1ea819dd-1822-49fd-948f-09c290a831fd deleted as it's empty","timestamp":"2024-09-30T13:04:05.759Z"}
{"level":"info","message":"New connection: ncgTEfnXnwxjC1bBAADL","timestamp":"2024-09-30T13:04:05.760Z"}
{"level":"info","message":"User wira joined room 1ea819dd-1822-49fd-948f-09c290a831fd. Total users: 1","timestamp":"2024-09-30T13:04:05.762Z"}
{"level":"info","message":"User wira left room 1ea819dd-1822-49fd-948f-09c290a831fd. Total users: 0","timestamp":"2024-09-30T13:04:05.763Z"}
{"level":"info","message":"Room 1ea819dd-1822-49fd-948f-09c290a831fd deleted as it's empty","timestamp":"2024-09-30T13:04:05.763Z"}
{"level":"info","message":"User wira joined room 1ea819dd-1822-49fd-948f-09c290a831fd. Total users: 1","timestamp":"2024-09-30T13:04:05.763Z"}
{"level":"info","message":"User wira left room 1ea819dd-1822-49fd-948f-09c290a831fd. Total users: 0","timestamp":"2024-09-30T13:04:05.764Z"}
{"level":"info","message":"Room 1ea819dd-1822-49fd-948f-09c290a831fd deleted as it's empty","timestamp":"2024-09-30T13:04:05.764Z"}
{"level":"info","message":"New connection: TC6QQ3dhf-za50tiAADO","timestamp":"2024-09-30T13:04:05.769Z"}
{"level":"info","message":"User aliftan joined room 1ea819dd-1822-49fd-948f-09c290a831fd. Total users: 1","timestamp":"2024-09-30T13:04:05.770Z"}
{"level":"info","message":"User aliftan left room 1ea819dd-1822-49fd-948f-09c290a831fd. Total users: 0","timestamp":"2024-09-30T13:04:05.770Z"}
{"level":"info","message":"Room 1ea819dd-1822-49fd-948f-09c290a831fd deleted as it's empty","timestamp":"2024-09-30T13:04:05.771Z"}
{"level":"info","message":"User aliftan joined room 1ea819dd-1822-49fd-948f-09c290a831fd. Total users: 1","timestamp":"2024-09-30T13:04:05.771Z"}
{"level":"info","message":"User aliftan left room 1ea819dd-1822-49fd-948f-09c290a831fd. Total users: 0","timestamp":"2024-09-30T13:04:05.771Z"}
{"level":"info","message":"Room 1ea819dd-1822-49fd-948f-09c290a831fd deleted as it's empty","timestamp":"2024-09-30T13:04:05.772Z"}
{"level":"info","message":"New connection: K7RHFduI7Fi8JwdYAADP","timestamp":"2024-09-30T13:04:05.772Z"}
{"level":"info","message":"User wira joined room 1ea819dd-1822-49fd-948f-09c290a831fd. Total users: 1","timestamp":"2024-09-30T13:04:05.774Z"}
{"level":"info","message":"User wira left room 1ea819dd-1822-49fd-948f-09c290a831fd. Total users: 0","timestamp":"2024-09-30T13:04:05.774Z"}
{"level":"info","message":"Room 1ea819dd-1822-49fd-948f-09c290a831fd deleted as it's empty","timestamp":"2024-09-30T13:04:05.775Z"}
{"level":"info","message":"User wira joined room 1ea819dd-1822-49fd-948f-09c290a831fd. Total users: 1","timestamp":"2024-09-30T13:04:05.775Z"}
{"level":"info","message":"User wira left room 1ea819dd-1822-49fd-948f-09c290a831fd. Total users: 0","timestamp":"2024-09-30T13:04:05.776Z"}
{"level":"info","message":"Room 1ea819dd-1822-49fd-948f-09c290a831fd deleted as it's empty","timestamp":"2024-09-30T13:04:05.776Z"}
{"level":"info","message":"New connection: 0Fg1wr1xtLw8ZdCeAADS","timestamp":"2024-09-30T13:04:05.784Z"}
{"level":"info","message":"User wira joined room 1ea819dd-1822-49fd-948f-09c290a831fd. Total users: 1","timestamp":"2024-09-30T13:04:05.785Z"}
{"level":"info","message":"User wira left room 1ea819dd-1822-49fd-948f-09c290a831fd. Total users: 0","timestamp":"2024-09-30T13:04:05.787Z"}
{"level":"info","message":"Room 1ea819dd-1822-49fd-948f-09c290a831fd deleted as it's empty","timestamp":"2024-09-30T13:04:05.787Z"}
{"level":"info","message":"User wira joined room 1ea819dd-1822-49fd-948f-09c290a831fd. Total users: 1","timestamp":"2024-09-30T13:04:05.788Z"}
{"level":"info","message":"User wira left room 1ea819dd-1822-49fd-948f-09c290a831fd. Total users: 0","timestamp":"2024-09-30T13:04:05.788Z"}
{"level":"info","message":"Room 1ea819dd-1822-49fd-948f-09c290a831fd deleted as it's empty","timestamp":"2024-09-30T13:04:05.789Z"}
{"level":"info","message":"New connection: SxpKLsqt6kKcUawEAADT","timestamp":"2024-09-30T13:04:05.790Z"}
{"level":"info","message":"User aliftan joined room 1ea819dd-1822-49fd-948f-09c290a831fd. Total users: 1","timestamp":"2024-09-30T13:04:05.791Z"}
{"level":"info","message":"User aliftan left room 1ea819dd-1822-49fd-948f-09c290a831fd. Total users: 0","timestamp":"2024-09-30T13:04:05.792Z"}
{"level":"info","message":"Room 1ea819dd-1822-49fd-948f-09c290a831fd deleted as it's empty","timestamp":"2024-09-30T13:04:05.792Z"}
{"level":"info","message":"User aliftan joined room 1ea819dd-1822-49fd-948f-09c290a831fd. Total users: 1","timestamp":"2024-09-30T13:04:05.793Z"}
{"level":"info","message":"New connection: dz5CdSmZVDrzkYflAADW","timestamp":"2024-09-30T13:04:05.800Z"}
{"level":"info","message":"User wira joined room 1ea819dd-1822-49fd-948f-09c290a831fd. Total users: 2","timestamp":"2024-09-30T13:04:05.801Z"}
{"level":"info","message":"User wira left room 1ea819dd-1822-49fd-948f-09c290a831fd. Total users: 1","timestamp":"2024-09-30T13:04:05.801Z"}
{"level":"info","message":"User wira joined room 1ea819dd-1822-49fd-948f-09c290a831fd. Total users: 2","timestamp":"2024-09-30T13:04:05.802Z"}
{"level":"info","message":"User wira left room 1ea819dd-1822-49fd-948f-09c290a831fd. Total users: 1","timestamp":"2024-09-30T13:04:05.803Z"}
{"level":"info","message":"New connection: qUEZI_PrAOGOpzn5AADY","timestamp":"2024-09-30T13:04:05.816Z"}
{"level":"info","message":"User wira joined room 1ea819dd-1822-49fd-948f-09c290a831fd. Total users: 2","timestamp":"2024-09-30T13:04:05.817Z"}
{"level":"info","message":"User wira left room 1ea819dd-1822-49fd-948f-09c290a831fd. Total users: 1","timestamp":"2024-09-30T13:04:05.818Z"}
{"level":"info","message":"User wira joined room 1ea819dd-1822-49fd-948f-09c290a831fd. Total users: 2","timestamp":"2024-09-30T13:04:05.818Z"}
{"level":"info","message":"User wira left room 1ea819dd-1822-49fd-948f-09c290a831fd. Total users: 1","timestamp":"2024-09-30T13:04:05.819Z"}
{"level":"info","message":"User aliftan left room 1ea819dd-1822-49fd-948f-09c290a831fd. Total users: 0","timestamp":"2024-09-30T13:04:05.829Z"}
{"level":"info","message":"Room 1ea819dd-1822-49fd-948f-09c290a831fd deleted as it's empty","timestamp":"2024-09-30T13:04:05.830Z"}
{"level":"info","message":"New connection: ovNfWE0Pq1YdQIeSAADb","timestamp":"2024-09-30T13:04:05.833Z"}
{"level":"info","message":"New connection: gI3fg9pygh_thpWUAADc","timestamp":"2024-09-30T13:04:05.834Z"}
{"level":"info","message":"User wira joined room 1ea819dd-1822-49fd-948f-09c290a831fd. Total users: 1","timestamp":"2024-09-30T13:04:05.835Z"}
{"level":"info","message":"User wira left room 1ea819dd-1822-49fd-948f-09c290a831fd. Total users: 0","timestamp":"2024-09-30T13:04:05.835Z"}
{"level":"info","message":"Room 1ea819dd-1822-49fd-948f-09c290a831fd deleted as it's empty","timestamp":"2024-09-30T13:04:05.836Z"}
{"level":"info","message":"User wira joined room 1ea819dd-1822-49fd-948f-09c290a831fd. Total users: 1","timestamp":"2024-09-30T13:04:05.836Z"}
{"level":"info","message":"User aliftan joined room 1ea819dd-1822-49fd-948f-09c290a831fd. Total users: 2","timestamp":"2024-09-30T13:04:05.837Z"}
{"level":"info","message":"User aliftan left room 1ea819dd-1822-49fd-948f-09c290a831fd. Total users: 1","timestamp":"2024-09-30T13:04:05.838Z"}
{"level":"info","message":"User aliftan joined room 1ea819dd-1822-49fd-948f-09c290a831fd. Total users: 2","timestamp":"2024-09-30T13:04:05.838Z"}
{"level":"info","message":"User aliftan left room 1ea819dd-1822-49fd-948f-09c290a831fd. Total users: 1","timestamp":"2024-09-30T13:04:05.838Z"}
{"level":"info","message":"User wira left room 1ea819dd-1822-49fd-948f-09c290a831fd. Total users: 0","timestamp":"2024-09-30T13:04:05.840Z"}
{"level":"info","message":"Room 1ea819dd-1822-49fd-948f-09c290a831fd deleted as it's empty","timestamp":"2024-09-30T13:04:05.840Z"}
{"level":"info","message":"New connection: fHJMbdfK6BxqTBbwAADd","timestamp":"2024-09-30T13:04:05.842Z"}
{"level":"info","message":"New connection: dRiPcMWTtgD21xTUAADg","timestamp":"2024-09-30T13:04:05.850Z"}
{"level":"info","message":"New connection: u6SElWr6lJeuZjTRAADh","timestamp":"2024-09-30T13:04:05.851Z"}
{"level":"info","message":"User wira joined room 1ea819dd-1822-49fd-948f-09c290a831fd. Total users: 1","timestamp":"2024-09-30T13:04:05.852Z"}
{"level":"info","message":"User wira left room 1ea819dd-1822-49fd-948f-09c290a831fd. Total users: 0","timestamp":"2024-09-30T13:04:05.853Z"}
{"level":"info","message":"Room 1ea819dd-1822-49fd-948f-09c290a831fd deleted as it's empty","timestamp":"2024-09-30T13:04:05.853Z"}
{"level":"info","message":"User wira joined room 1ea819dd-1822-49fd-948f-09c290a831fd. Total users: 1","timestamp":"2024-09-30T13:04:05.854Z"}
{"level":"info","message":"User wira left room 1ea819dd-1822-49fd-948f-09c290a831fd. Total users: 0","timestamp":"2024-09-30T13:04:05.855Z"}
{"level":"info","message":"Room 1ea819dd-1822-49fd-948f-09c290a831fd deleted as it's empty","timestamp":"2024-09-30T13:04:05.855Z"}
{"level":"info","message":"New connection: 1y73-G-mF_HqIYyrAADk","timestamp":"2024-09-30T13:04:05.862Z"}
{"level":"info","message":"User aliftan joined room 1ea819dd-1822-49fd-948f-09c290a831fd. Total users: 1","timestamp":"2024-09-30T13:04:05.864Z"}
{"level":"info","message":"User aliftan left room 1ea819dd-1822-49fd-948f-09c290a831fd. Total users: 0","timestamp":"2024-09-30T13:04:05.864Z"}
{"level":"info","message":"Room 1ea819dd-1822-49fd-948f-09c290a831fd deleted as it's empty","timestamp":"2024-09-30T13:04:05.865Z"}
{"level":"info","message":"User aliftan joined room 1ea819dd-1822-49fd-948f-09c290a831fd. Total users: 1","timestamp":"2024-09-30T13:04:05.865Z"}
{"level":"info","message":"User aliftan left room 1ea819dd-1822-49fd-948f-09c290a831fd. Total users: 0","timestamp":"2024-09-30T13:04:05.867Z"}
{"level":"info","message":"Room 1ea819dd-1822-49fd-948f-09c290a831fd deleted as it's empty","timestamp":"2024-09-30T13:04:05.867Z"}
{"level":"info","message":"New connection: UbR2CkAXYzVfokLnAADl","timestamp":"2024-09-30T13:04:05.868Z"}
{"level":"info","message":"User wira joined room 1ea819dd-1822-49fd-948f-09c290a831fd. Total users: 1","timestamp":"2024-09-30T13:04:05.869Z"}
{"level":"info","message":"User wira left room 1ea819dd-1822-49fd-948f-09c290a831fd. Total users: 0","timestamp":"2024-09-30T13:04:05.869Z"}
{"level":"info","message":"Room 1ea819dd-1822-49fd-948f-09c290a831fd deleted as it's empty","timestamp":"2024-09-30T13:04:05.869Z"}
{"level":"info","message":"User wira joined room 1ea819dd-1822-49fd-948f-09c290a831fd. Total users: 1","timestamp":"2024-09-30T13:04:05.870Z"}
{"level":"info","message":"User wira left room 1ea819dd-1822-49fd-948f-09c290a831fd. Total users: 0","timestamp":"2024-09-30T13:04:05.870Z"}
{"level":"info","message":"Room 1ea819dd-1822-49fd-948f-09c290a831fd deleted as it's empty","timestamp":"2024-09-30T13:04:05.870Z"}
{"level":"info","message":"New connection: 6f5FtRQEU-BC57wYAADo","timestamp":"2024-09-30T13:04:05.875Z"}
{"level":"info","message":"User aliftan joined room 1ea819dd-1822-49fd-948f-09c290a831fd. Total users: 1","timestamp":"2024-09-30T13:04:05.876Z"}
{"level":"info","message":"User aliftan left room 1ea819dd-1822-49fd-948f-09c290a831fd. Total users: 0","timestamp":"2024-09-30T13:04:05.877Z"}
{"level":"info","message":"Room 1ea819dd-1822-49fd-948f-09c290a831fd deleted as it's empty","timestamp":"2024-09-30T13:04:05.877Z"}
{"level":"info","message":"User aliftan joined room 1ea819dd-1822-49fd-948f-09c290a831fd. Total users: 1","timestamp":"2024-09-30T13:04:05.877Z"}
{"level":"info","message":"User aliftan left room 1ea819dd-1822-49fd-948f-09c290a831fd. Total users: 0","timestamp":"2024-09-30T13:04:05.878Z"}
{"level":"info","message":"Room 1ea819dd-1822-49fd-948f-09c290a831fd deleted as it's empty","timestamp":"2024-09-30T13:04:05.879Z"}
{"level":"info","message":"New connection: e-pvtLMElyDB_wXNAADp","timestamp":"2024-09-30T13:04:05.880Z"}
{"level":"info","message":"User wira joined room 1ea819dd-1822-49fd-948f-09c290a831fd. Total users: 1","timestamp":"2024-09-30T13:04:05.880Z"}
{"level":"info","message":"User wira left room 1ea819dd-1822-49fd-948f-09c290a831fd. Total users: 0","timestamp":"2024-09-30T13:04:05.881Z"}
{"level":"info","message":"Room 1ea819dd-1822-49fd-948f-09c290a831fd deleted as it's empty","timestamp":"2024-09-30T13:04:05.882Z"}
{"level":"info","message":"User wira joined room 1ea819dd-1822-49fd-948f-09c290a831fd. Total users: 1","timestamp":"2024-09-30T13:04:05.882Z"}
{"level":"info","message":"User wira left room 1ea819dd-1822-49fd-948f-09c290a831fd. Total users: 0","timestamp":"2024-09-30T13:04:05.884Z"}
{"level":"info","message":"Room 1ea819dd-1822-49fd-948f-09c290a831fd deleted as it's empty","timestamp":"2024-09-30T13:04:05.884Z"}
{"level":"info","message":"New connection: 5_fwW-hUWtFmdWVvAADs","timestamp":"2024-09-30T13:04:05.889Z"}
{"level":"info","message":"User aliftan joined room 1ea819dd-1822-49fd-948f-09c290a831fd. Total users: 1","timestamp":"2024-09-30T13:04:05.890Z"}
{"level":"info","message":"User aliftan left room 1ea819dd-1822-49fd-948f-09c290a831fd. Total users: 0","timestamp":"2024-09-30T13:04:05.890Z"}
{"level":"info","message":"Room 1ea819dd-1822-49fd-948f-09c290a831fd deleted as it's empty","timestamp":"2024-09-30T13:04:05.891Z"}
{"level":"info","message":"User aliftan joined room 1ea819dd-1822-49fd-948f-09c290a831fd. Total users: 1","timestamp":"2024-09-30T13:04:05.891Z"}
{"level":"info","message":"User aliftan left room 1ea819dd-1822-49fd-948f-09c290a831fd. Total users: 0","timestamp":"2024-09-30T13:04:05.892Z"}
{"level":"info","message":"Room 1ea819dd-1822-49fd-948f-09c290a831fd deleted as it's empty","timestamp":"2024-09-30T13:04:05.893Z"}
{"level":"info","message":"New connection: ylCY0CKNI6eVfBB3AADt","timestamp":"2024-09-30T13:04:05.895Z"}
{"level":"info","message":"User wira joined room 1ea819dd-1822-49fd-948f-09c290a831fd. Total users: 1","timestamp":"2024-09-30T13:04:05.898Z"}
{"level":"info","message":"User wira left room 1ea819dd-1822-49fd-948f-09c290a831fd. Total users: 0","timestamp":"2024-09-30T13:04:05.899Z"}
{"level":"info","message":"Room 1ea819dd-1822-49fd-948f-09c290a831fd deleted as it's empty","timestamp":"2024-09-30T13:04:05.900Z"}
{"level":"info","message":"User wira joined room 1ea819dd-1822-49fd-948f-09c290a831fd. Total users: 1","timestamp":"2024-09-30T13:04:05.900Z"}
{"level":"info","message":"User wira left room 1ea819dd-1822-49fd-948f-09c290a831fd. Total users: 0","timestamp":"2024-09-30T13:04:05.901Z"}
{"level":"info","message":"Room 1ea819dd-1822-49fd-948f-09c290a831fd deleted as it's empty","timestamp":"2024-09-30T13:04:05.901Z"}
{"level":"info","message":"New connection: 7RJZGY7w9DevrWIbAADw","timestamp":"2024-09-30T13:04:05.907Z"}
{"level":"info","message":"User aliftan joined room 1ea819dd-1822-49fd-948f-09c290a831fd. Total users: 1","timestamp":"2024-09-30T13:04:05.908Z"}
{"level":"info","message":"User aliftan left room 1ea819dd-1822-49fd-948f-09c290a831fd. Total users: 0","timestamp":"2024-09-30T13:04:05.909Z"}
{"level":"info","message":"Room 1ea819dd-1822-49fd-948f-09c290a831fd deleted as it's empty","timestamp":"2024-09-30T13:04:05.909Z"}
{"level":"info","message":"User aliftan joined room 1ea819dd-1822-49fd-948f-09c290a831fd. Total users: 1","timestamp":"2024-09-30T13:04:05.910Z"}
{"level":"info","message":"User aliftan left room 1ea819dd-1822-49fd-948f-09c290a831fd. Total users: 0","timestamp":"2024-09-30T13:04:05.911Z"}
{"level":"info","message":"Room 1ea819dd-1822-49fd-948f-09c290a831fd deleted as it's empty","timestamp":"2024-09-30T13:04:05.911Z"}
{"level":"info","message":"New connection: AV7GoOOaToqUQ-w5AADx","timestamp":"2024-09-30T13:04:05.913Z"}
{"level":"info","message":"User wira joined room 1ea819dd-1822-49fd-948f-09c290a831fd. Total users: 1","timestamp":"2024-09-30T13:04:05.919Z"}
{"level":"info","message":"User wira left room 1ea819dd-1822-49fd-948f-09c290a831fd. Total users: 0","timestamp":"2024-09-30T13:04:05.920Z"}
{"level":"info","message":"Room 1ea819dd-1822-49fd-948f-09c290a831fd deleted as it's empty","timestamp":"2024-09-30T13:04:05.920Z"}
{"level":"info","message":"User wira joined room 1ea819dd-1822-49fd-948f-09c290a831fd. Total users: 1","timestamp":"2024-09-30T13:04:05.921Z"}
{"level":"info","message":"User wira left room 1ea819dd-1822-49fd-948f-09c290a831fd. Total users: 0","timestamp":"2024-09-30T13:04:05.921Z"}
{"level":"info","message":"Room 1ea819dd-1822-49fd-948f-09c290a831fd deleted as it's empty","timestamp":"2024-09-30T13:04:05.922Z"}
{"level":"info","message":"New connection: qD9_R4gHnoOV-PrZAAD0","timestamp":"2024-09-30T13:04:05.923Z"}
{"level":"info","message":"User aliftan joined room 1ea819dd-1822-49fd-948f-09c290a831fd. Total users: 1","timestamp":"2024-09-30T13:04:05.925Z"}
{"level":"info","message":"User aliftan left room 1ea819dd-1822-49fd-948f-09c290a831fd. Total users: 0","timestamp":"2024-09-30T13:04:05.926Z"}
{"level":"info","message":"Room 1ea819dd-1822-49fd-948f-09c290a831fd deleted as it's empty","timestamp":"2024-09-30T13:04:05.926Z"}
{"level":"info","message":"User aliftan joined room 1ea819dd-1822-49fd-948f-09c290a831fd. Total users: 1","timestamp":"2024-09-30T13:04:05.927Z"}
{"level":"info","message":"User aliftan left room 1ea819dd-1822-49fd-948f-09c290a831fd. Total users: 0","timestamp":"2024-09-30T13:04:05.928Z"}
{"level":"info","message":"Room 1ea819dd-1822-49fd-948f-09c290a831fd deleted as it's empty","timestamp":"2024-09-30T13:04:05.928Z"}
{"level":"info","message":"New connection: s0ic1er-6l7hdhqyAAD3","timestamp":"2024-09-30T13:04:05.934Z"}
{"level":"info","message":"New connection: mlTI8zwe2IIfKLnlAAD4","timestamp":"2024-09-30T13:04:05.937Z"}
{"level":"info","message":"User aliftan joined room 1ea819dd-1822-49fd-948f-09c290a831fd. Total users: 1","timestamp":"2024-09-30T13:04:05.938Z"}
{"level":"info","message":"User aliftan left room 1ea819dd-1822-49fd-948f-09c290a831fd. Total users: 0","timestamp":"2024-09-30T13:04:05.938Z"}
{"level":"info","message":"Room 1ea819dd-1822-49fd-948f-09c290a831fd deleted as it's empty","timestamp":"2024-09-30T13:04:05.939Z"}
{"level":"info","message":"User aliftan joined room 1ea819dd-1822-49fd-948f-09c290a831fd. Total users: 1","timestamp":"2024-09-30T13:04:05.939Z"}
{"level":"info","message":"User aliftan left room 1ea819dd-1822-49fd-948f-09c290a831fd. Total users: 0","timestamp":"2024-09-30T13:04:05.940Z"}
{"level":"info","message":"Room 1ea819dd-1822-49fd-948f-09c290a831fd deleted as it's empty","timestamp":"2024-09-30T13:04:05.940Z"}
{"level":"info","message":"New connection: Mip9iY9f7yA_1gA1AAD5","timestamp":"2024-09-30T13:04:05.942Z"}
{"level":"info","message":"User wira joined room 1ea819dd-1822-49fd-948f-09c290a831fd. Total users: 1","timestamp":"2024-09-30T13:04:05.943Z"}
{"level":"info","message":"User wira left room 1ea819dd-1822-49fd-948f-09c290a831fd. Total users: 0","timestamp":"2024-09-30T13:04:05.943Z"}
{"level":"info","message":"Room 1ea819dd-1822-49fd-948f-09c290a831fd deleted as it's empty","timestamp":"2024-09-30T13:04:05.944Z"}
{"level":"info","message":"User wira joined room 1ea819dd-1822-49fd-948f-09c290a831fd. Total users: 1","timestamp":"2024-09-30T13:04:05.944Z"}
{"level":"info","message":"User wira left room 1ea819dd-1822-49fd-948f-09c290a831fd. Total users: 0","timestamp":"2024-09-30T13:04:05.944Z"}
{"level":"info","message":"Room 1ea819dd-1822-49fd-948f-09c290a831fd deleted as it's empty","timestamp":"2024-09-30T13:04:05.945Z"}
{"level":"info","message":"User wira joined room 1ea819dd-1822-49fd-948f-09c290a831fd. Total users: 1","timestamp":"2024-09-30T13:04:05.952Z"}
{"level":"info","message":"User wira joined room 1ea819dd-1822-49fd-948f-09c290a831fd. Total users: 1","timestamp":"2024-09-30T13:04:05.952Z"}
{"level":"info","message":"User wira left room 1ea819dd-1822-49fd-948f-09c290a831fd. Total users: 0","timestamp":"2024-09-30T13:04:05.953Z"}
{"level":"info","message":"Room 1ea819dd-1822-49fd-948f-09c290a831fd deleted as it's empty","timestamp":"2024-09-30T13:04:05.953Z"}
{"level":"info","message":"New connection: 0U_vfKFHjIGkLOxoAAD8","timestamp":"2024-09-30T13:04:05.954Z"}
{"level":"info","message":"User aliftan joined room 1ea819dd-1822-49fd-948f-09c290a831fd. Total users: 1","timestamp":"2024-09-30T13:04:05.955Z"}
{"level":"info","message":"User aliftan left room 1ea819dd-1822-49fd-948f-09c290a831fd. Total users: 0","timestamp":"2024-09-30T13:04:05.955Z"}
{"level":"info","message":"Room 1ea819dd-1822-49fd-948f-09c290a831fd deleted as it's empty","timestamp":"2024-09-30T13:04:05.956Z"}
{"level":"info","message":"User aliftan joined room 1ea819dd-1822-49fd-948f-09c290a831fd. Total users: 1","timestamp":"2024-09-30T13:04:05.956Z"}
{"level":"info","message":"User aliftan left room 1ea819dd-1822-49fd-948f-09c290a831fd. Total users: 0","timestamp":"2024-09-30T13:04:05.957Z"}
{"level":"info","message":"Room 1ea819dd-1822-49fd-948f-09c290a831fd deleted as it's empty","timestamp":"2024-09-30T13:04:05.957Z"}
{"level":"info","message":"New connection: 6J4Sw2eQQIeJIU3ZAAD-","timestamp":"2024-09-30T13:04:05.963Z"}
{"level":"info","message":"User wira joined room 1ea819dd-1822-49fd-948f-09c290a831fd. Total users: 1","timestamp":"2024-09-30T13:04:05.964Z"}
{"level":"info","message":"User wira left room 1ea819dd-1822-49fd-948f-09c290a831fd. Total users: 0","timestamp":"2024-09-30T13:04:05.966Z"}
{"level":"info","message":"Room 1ea819dd-1822-49fd-948f-09c290a831fd deleted as it's empty","timestamp":"2024-09-30T13:04:05.966Z"}
{"level":"info","message":"User wira joined room 1ea819dd-1822-49fd-948f-09c290a831fd. Total users: 1","timestamp":"2024-09-30T13:04:05.966Z"}
{"level":"info","message":"User wira left room 1ea819dd-1822-49fd-948f-09c290a831fd. Total users: 0","timestamp":"2024-09-30T13:04:05.967Z"}
{"level":"info","message":"Room 1ea819dd-1822-49fd-948f-09c290a831fd deleted as it's empty","timestamp":"2024-09-30T13:04:05.968Z"}
{"level":"info","message":"New connection: XwmQqSYUfNLDFlNKAAD_","timestamp":"2024-09-30T13:04:05.969Z"}
{"level":"info","message":"User aliftan joined room 1ea819dd-1822-49fd-948f-09c290a831fd. Total users: 1","timestamp":"2024-09-30T13:04:05.971Z"}
{"level":"info","message":"User aliftan left room 1ea819dd-1822-49fd-948f-09c290a831fd. Total users: 0","timestamp":"2024-09-30T13:04:05.971Z"}
{"level":"info","message":"Room 1ea819dd-1822-49fd-948f-09c290a831fd deleted as it's empty","timestamp":"2024-09-30T13:04:05.971Z"}
{"level":"info","message":"User aliftan joined room 1ea819dd-1822-49fd-948f-09c290a831fd. Total users: 1","timestamp":"2024-09-30T13:04:05.972Z"}
{"level":"info","message":"User aliftan left room 1ea819dd-1822-49fd-948f-09c290a831fd. Total users: 0","timestamp":"2024-09-30T13:04:05.972Z"}
{"level":"info","message":"Room 1ea819dd-1822-49fd-948f-09c290a831fd deleted as it's empty","timestamp":"2024-09-30T13:04:05.972Z"}
{"level":"info","message":"New connection: L2uJ6p8v4bGsJudhAAEC","timestamp":"2024-09-30T13:04:05.978Z"}
{"level":"info","message":"User wira joined room 1ea819dd-1822-49fd-948f-09c290a831fd. Total users: 1","timestamp":"2024-09-30T13:04:05.979Z"}
{"level":"info","message":"User wira left room 1ea819dd-1822-49fd-948f-09c290a831fd. Total users: 0","timestamp":"2024-09-30T13:04:05.980Z"}
{"level":"info","message":"Room 1ea819dd-1822-49fd-948f-09c290a831fd deleted as it's empty","timestamp":"2024-09-30T13:04:05.981Z"}
{"level":"info","message":"User wira joined room 1ea819dd-1822-49fd-948f-09c290a831fd. Total users: 1","timestamp":"2024-09-30T13:04:05.981Z"}
{"level":"info","message":"User wira left room 1ea819dd-1822-49fd-948f-09c290a831fd. Total users: 0","timestamp":"2024-09-30T13:04:05.982Z"}
{"level":"info","message":"Room 1ea819dd-1822-49fd-948f-09c290a831fd deleted as it's empty","timestamp":"2024-09-30T13:04:05.983Z"}
{"level":"info","message":"New connection: 2d5yAVF6sqiu10wBAAED","timestamp":"2024-09-30T13:04:05.984Z"}
{"level":"info","message":"User aliftan joined room 1ea819dd-1822-49fd-948f-09c290a831fd. Total users: 1","timestamp":"2024-09-30T13:04:05.986Z"}
{"level":"info","message":"User aliftan left room 1ea819dd-1822-49fd-948f-09c290a831fd. Total users: 0","timestamp":"2024-09-30T13:04:05.987Z"}
{"level":"info","message":"Room 1ea819dd-1822-49fd-948f-09c290a831fd deleted as it's empty","timestamp":"2024-09-30T13:04:05.987Z"}
{"level":"info","message":"User aliftan joined room 1ea819dd-1822-49fd-948f-09c290a831fd. Total users: 1","timestamp":"2024-09-30T13:04:05.988Z"}
{"level":"info","message":"User aliftan left room 1ea819dd-1822-49fd-948f-09c290a831fd. Total users: 0","timestamp":"2024-09-30T13:04:05.990Z"}
{"level":"info","message":"Room 1ea819dd-1822-49fd-948f-09c290a831fd deleted as it's empty","timestamp":"2024-09-30T13:04:05.991Z"}
{"level":"info","message":"New connection: Qjfi8YUtoZRh9pmYAAEG","timestamp":"2024-09-30T13:04:05.993Z"}
{"level":"info","message":"User wira joined room 1ea819dd-1822-49fd-948f-09c290a831fd. Total users: 1","timestamp":"2024-09-30T13:04:05.994Z"}
{"level":"info","message":"User wira left room 1ea819dd-1822-49fd-948f-09c290a831fd. Total users: 0","timestamp":"2024-09-30T13:04:05.995Z"}
{"level":"info","message":"Room 1ea819dd-1822-49fd-948f-09c290a831fd deleted as it's empty","timestamp":"2024-09-30T13:04:05.995Z"}
{"level":"info","message":"User wira joined room 1ea819dd-1822-49fd-948f-09c290a831fd. Total users: 1","timestamp":"2024-09-30T13:04:05.995Z"}
{"level":"info","message":"User wira left room 1ea819dd-1822-49fd-948f-09c290a831fd. Total users: 0","timestamp":"2024-09-30T13:04:05.996Z"}
{"level":"info","message":"Room 1ea819dd-1822-49fd-948f-09c290a831fd deleted as it's empty","timestamp":"2024-09-30T13:04:05.996Z"}
{"level":"info","message":"New connection: JABpQFkUa9mssUq8AAEH","timestamp":"2024-09-30T13:04:05.997Z"}
{"level":"info","message":"User aliftan joined room 1ea819dd-1822-49fd-948f-09c290a831fd. Total users: 1","timestamp":"2024-09-30T13:04:05.997Z"}
{"level":"info","message":"User aliftan left room 1ea819dd-1822-49fd-948f-09c290a831fd. Total users: 0","timestamp":"2024-09-30T13:04:05.998Z"}
{"level":"info","message":"Room 1ea819dd-1822-49fd-948f-09c290a831fd deleted as it's empty","timestamp":"2024-09-30T13:04:05.998Z"}
{"level":"info","message":"User aliftan joined room 1ea819dd-1822-49fd-948f-09c290a831fd. Total users: 1","timestamp":"2024-09-30T13:04:05.999Z"}
{"level":"info","message":"User aliftan left room 1ea819dd-1822-49fd-948f-09c290a831fd. Total users: 0","timestamp":"2024-09-30T13:04:06.000Z"}
{"level":"info","message":"Room 1ea819dd-1822-49fd-948f-09c290a831fd deleted as it's empty","timestamp":"2024-09-30T13:04:06.000Z"}
{"level":"info","message":"New connection: H2PGsX8epoyqOwo3AAEK","timestamp":"2024-09-30T13:04:06.006Z"}
{"level":"info","message":"User wira joined room 1ea819dd-1822-49fd-948f-09c290a831fd. Total users: 1","timestamp":"2024-09-30T13:04:06.006Z"}
{"level":"info","message":"User wira left room 1ea819dd-1822-49fd-948f-09c290a831fd. Total users: 0","timestamp":"2024-09-30T13:04:06.007Z"}
{"level":"info","message":"Room 1ea819dd-1822-49fd-948f-09c290a831fd deleted as it's empty","timestamp":"2024-09-30T13:04:06.007Z"}
{"level":"info","message":"User wira joined room 1ea819dd-1822-49fd-948f-09c290a831fd. Total users: 1","timestamp":"2024-09-30T13:04:06.008Z"}
{"level":"info","message":"User wira left room 1ea819dd-1822-49fd-948f-09c290a831fd. Total users: 0","timestamp":"2024-09-30T13:04:06.008Z"}
{"level":"info","message":"Room 1ea819dd-1822-49fd-948f-09c290a831fd deleted as it's empty","timestamp":"2024-09-30T13:04:06.009Z"}
{"level":"info","message":"New connection: QtErASmkpABccVA2AAEL","timestamp":"2024-09-30T13:04:06.009Z"}
{"level":"info","message":"User aliftan joined room 1ea819dd-1822-49fd-948f-09c290a831fd. Total users: 1","timestamp":"2024-09-30T13:04:06.010Z"}
{"level":"info","message":"User aliftan left room 1ea819dd-1822-49fd-948f-09c290a831fd. Total users: 0","timestamp":"2024-09-30T13:04:06.010Z"}
{"level":"info","message":"Room 1ea819dd-1822-49fd-948f-09c290a831fd deleted as it's empty","timestamp":"2024-09-30T13:04:06.011Z"}
{"level":"info","message":"User aliftan joined room 1ea819dd-1822-49fd-948f-09c290a831fd. Total users: 1","timestamp":"2024-09-30T13:04:06.011Z"}
{"level":"info","message":"User aliftan left room 1ea819dd-1822-49fd-948f-09c290a831fd. Total users: 0","timestamp":"2024-09-30T13:04:06.012Z"}
{"level":"info","message":"Room 1ea819dd-1822-49fd-948f-09c290a831fd deleted as it's empty","timestamp":"2024-09-30T13:04:06.012Z"}
{"level":"info","message":"New connection: Hhbeluq6YC4dA0fgAAEO","timestamp":"2024-09-30T13:04:06.018Z"}
{"level":"info","message":"New connection: MrqShWFMQQ96KM8bAAEP","timestamp":"2024-09-30T13:04:06.019Z"}
{"level":"info","message":"User aliftan joined room 1ea819dd-1822-49fd-948f-09c290a831fd. Total users: 1","timestamp":"2024-09-30T13:04:06.020Z"}
{"level":"info","message":"User aliftan left room 1ea819dd-1822-49fd-948f-09c290a831fd. Total users: 0","timestamp":"2024-09-30T13:04:06.021Z"}
{"level":"info","message":"Room 1ea819dd-1822-49fd-948f-09c290a831fd deleted as it's empty","timestamp":"2024-09-30T13:04:06.021Z"}
{"level":"info","message":"User aliftan joined room 1ea819dd-1822-49fd-948f-09c290a831fd. Total users: 1","timestamp":"2024-09-30T13:04:06.021Z"}
{"level":"info","message":"User aliftan left room 1ea819dd-1822-49fd-948f-09c290a831fd. Total users: 0","timestamp":"2024-09-30T13:04:06.022Z"}
{"level":"info","message":"Room 1ea819dd-1822-49fd-948f-09c290a831fd deleted as it's empty","timestamp":"2024-09-30T13:04:06.022Z"}
{"level":"info","message":"User wira joined room 1ea819dd-1822-49fd-948f-09c290a831fd. Total users: 1","timestamp":"2024-09-30T13:04:06.024Z"}
{"level":"info","message":"User wira left room 1ea819dd-1822-49fd-948f-09c290a831fd. Total users: 0","timestamp":"2024-09-30T13:04:06.025Z"}
{"level":"info","message":"Room 1ea819dd-1822-49fd-948f-09c290a831fd deleted as it's empty","timestamp":"2024-09-30T13:04:06.025Z"}
{"level":"info","message":"User wira joined room 1ea819dd-1822-49fd-948f-09c290a831fd. Total users: 1","timestamp":"2024-09-30T13:04:06.026Z"}
{"level":"info","message":"User wira left room 1ea819dd-1822-49fd-948f-09c290a831fd. Total users: 0","timestamp":"2024-09-30T13:04:06.026Z"}
{"level":"info","message":"Room 1ea819dd-1822-49fd-948f-09c290a831fd deleted as it's empty","timestamp":"2024-09-30T13:04:06.026Z"}
{"level":"info","message":"New connection: jh0myg1mjDGGdhpbAAES","timestamp":"2024-09-30T13:04:06.035Z"}
{"level":"info","message":"User wira joined room 1ea819dd-1822-49fd-948f-09c290a831fd. Total users: 1","timestamp":"2024-09-30T13:04:06.035Z"}
{"level":"info","message":"User wira left room 1ea819dd-1822-49fd-948f-09c290a831fd. Total users: 0","timestamp":"2024-09-30T13:04:06.036Z"}
{"level":"info","message":"Room 1ea819dd-1822-49fd-948f-09c290a831fd deleted as it's empty","timestamp":"2024-09-30T13:04:06.037Z"}
{"level":"info","message":"User wira joined room 1ea819dd-1822-49fd-948f-09c290a831fd. Total users: 1","timestamp":"2024-09-30T13:04:06.037Z"}
{"level":"info","message":"User wira left room 1ea819dd-1822-49fd-948f-09c290a831fd. Total users: 0","timestamp":"2024-09-30T13:04:06.037Z"}
{"level":"info","message":"Room 1ea819dd-1822-49fd-948f-09c290a831fd deleted as it's empty","timestamp":"2024-09-30T13:04:06.038Z"}
{"level":"info","message":"New connection: hNOK-imtqYezzMzyAAEU","timestamp":"2024-09-30T13:04:06.043Z"}
{"level":"info","message":"User wira joined room 1ea819dd-1822-49fd-948f-09c290a831fd. Total users: 1","timestamp":"2024-09-30T13:04:06.043Z"}
{"level":"info","message":"User wira left room 1ea819dd-1822-49fd-948f-09c290a831fd. Total users: 0","timestamp":"2024-09-30T13:04:06.044Z"}
{"level":"info","message":"Room 1ea819dd-1822-49fd-948f-09c290a831fd deleted as it's empty","timestamp":"2024-09-30T13:04:06.045Z"}
{"level":"info","message":"User wira joined room 1ea819dd-1822-49fd-948f-09c290a831fd. Total users: 1","timestamp":"2024-09-30T13:04:06.045Z"}
{"level":"info","message":"User wira left room 1ea819dd-1822-49fd-948f-09c290a831fd. Total users: 0","timestamp":"2024-09-30T13:04:06.046Z"}
{"level":"info","message":"Room 1ea819dd-1822-49fd-948f-09c290a831fd deleted as it's empty","timestamp":"2024-09-30T13:04:06.046Z"}
{"level":"info","message":"New connection: RCIsMSl_SaD44bR0AAEX","timestamp":"2024-09-30T13:04:06.054Z"}
{"level":"info","message":"User wira joined room 1ea819dd-1822-49fd-948f-09c290a831fd. Total users: 1","timestamp":"2024-09-30T13:04:06.055Z"}
{"level":"info","message":"User wira left room 1ea819dd-1822-49fd-948f-09c290a831fd. Total users: 0","timestamp":"2024-09-30T13:04:06.056Z"}
{"level":"info","message":"Room 1ea819dd-1822-49fd-948f-09c290a831fd deleted as it's empty","timestamp":"2024-09-30T13:04:06.056Z"}
{"level":"info","message":"User wira joined room 1ea819dd-1822-49fd-948f-09c290a831fd. Total users: 1","timestamp":"2024-09-30T13:04:06.056Z"}
{"level":"info","message":"User wira left room 1ea819dd-1822-49fd-948f-09c290a831fd. Total users: 0","timestamp":"2024-09-30T13:04:06.057Z"}
{"level":"info","message":"Room 1ea819dd-1822-49fd-948f-09c290a831fd deleted as it's empty","timestamp":"2024-09-30T13:04:06.057Z"}
{"level":"info","message":"New connection: gTGerdcy29T6TMy0AAEZ","timestamp":"2024-09-30T13:04:06.071Z"}
{"level":"info","message":"User wira joined room 1ea819dd-1822-49fd-948f-09c290a831fd. Total users: 1","timestamp":"2024-09-30T13:04:06.072Z"}
{"level":"info","message":"User wira left room 1ea819dd-1822-49fd-948f-09c290a831fd. Total users: 0","timestamp":"2024-09-30T13:04:06.073Z"}
{"level":"info","message":"Room 1ea819dd-1822-49fd-948f-09c290a831fd deleted as it's empty","timestamp":"2024-09-30T13:04:06.073Z"}
{"level":"info","message":"User wira joined room 1ea819dd-1822-49fd-948f-09c290a831fd. Total users: 1","timestamp":"2024-09-30T13:04:06.073Z"}
{"level":"info","message":"User wira left room 1ea819dd-1822-49fd-948f-09c290a831fd. Total users: 0","timestamp":"2024-09-30T13:04:06.074Z"}
{"level":"info","message":"Room 1ea819dd-1822-49fd-948f-09c290a831fd deleted as it's empty","timestamp":"2024-09-30T13:04:06.074Z"}
{"level":"info","message":"New connection: 9gFsZtC6pUPc6VwkAAEa","timestamp":"2024-09-30T13:04:06.075Z"}
{"level":"info","message":"New connection: --5otFZWobVOFnjqAAEb","timestamp":"2024-09-30T13:04:06.076Z"}
{"level":"info","message":"User aliftan joined room 1ea819dd-1822-49fd-948f-09c290a831fd. Total users: 1","timestamp":"2024-09-30T13:04:06.076Z"}
{"level":"info","message":"User aliftan joined room 1ea819dd-1822-49fd-948f-09c290a831fd. Total users: 1","timestamp":"2024-09-30T13:04:06.077Z"}
{"level":"info","message":"User aliftan joined room 1ea819dd-1822-49fd-948f-09c290a831fd. Total users: 1","timestamp":"2024-09-30T13:04:06.077Z"}
{"level":"info","message":"User aliftan joined room 1ea819dd-1822-49fd-948f-09c290a831fd. Total users: 1","timestamp":"2024-09-30T13:04:06.078Z"}
{"level":"info","message":"New connection: _EZDvoJSQDmvgQ9XAAEd","timestamp":"2024-09-30T13:04:06.084Z"}
{"level":"info","message":"User wira joined room 1ea819dd-1822-49fd-948f-09c290a831fd. Total users: 2","timestamp":"2024-09-30T13:04:06.085Z"}
{"level":"info","message":"User wira left room 1ea819dd-1822-49fd-948f-09c290a831fd. Total users: 1","timestamp":"2024-09-30T13:04:06.086Z"}
{"level":"info","message":"User wira joined room 1ea819dd-1822-49fd-948f-09c290a831fd. Total users: 2","timestamp":"2024-09-30T13:04:06.086Z"}
{"level":"info","message":"User wira left room 1ea819dd-1822-49fd-948f-09c290a831fd. Total users: 1","timestamp":"2024-09-30T13:04:06.087Z"}
{"level":"info","message":"New connection: piFcIvh1p2vIJvQSAAEf","timestamp":"2024-09-30T13:04:06.098Z"}
{"level":"info","message":"User wira joined room 1ea819dd-1822-49fd-948f-09c290a831fd. Total users: 2","timestamp":"2024-09-30T13:04:06.098Z"}
{"level":"info","message":"User wira left room 1ea819dd-1822-49fd-948f-09c290a831fd. Total users: 1","timestamp":"2024-09-30T13:04:06.099Z"}
{"level":"info","message":"User wira joined room 1ea819dd-1822-49fd-948f-09c290a831fd. Total users: 2","timestamp":"2024-09-30T13:04:06.099Z"}
{"level":"info","message":"User wira left room 1ea819dd-1822-49fd-948f-09c290a831fd. Total users: 1","timestamp":"2024-09-30T13:04:06.101Z"}
{"level":"info","message":"New connection: 5bExobmZjlAIW4uwAAEh","timestamp":"2024-09-30T13:04:06.112Z"}
{"level":"info","message":"User wira joined room 1ea819dd-1822-49fd-948f-09c290a831fd. Total users: 2","timestamp":"2024-09-30T13:04:06.112Z"}
{"level":"info","message":"User wira left room 1ea819dd-1822-49fd-948f-09c290a831fd. Total users: 1","timestamp":"2024-09-30T13:04:06.113Z"}
{"level":"info","message":"User wira joined room 1ea819dd-1822-49fd-948f-09c290a831fd. Total users: 2","timestamp":"2024-09-30T13:04:06.114Z"}
{"level":"info","message":"User wira left room 1ea819dd-1822-49fd-948f-09c290a831fd. Total users: 1","timestamp":"2024-09-30T13:04:06.115Z"}
{"level":"info","message":"New connection: i6uxZg98stF7rADwAAEj","timestamp":"2024-09-30T13:04:06.127Z"}
{"level":"info","message":"User wira joined room 1ea819dd-1822-49fd-948f-09c290a831fd. Total users: 2","timestamp":"2024-09-30T13:04:06.128Z"}
{"level":"info","message":"User wira left room 1ea819dd-1822-49fd-948f-09c290a831fd. Total users: 1","timestamp":"2024-09-30T13:04:06.128Z"}
{"level":"info","message":"User wira joined room 1ea819dd-1822-49fd-948f-09c290a831fd. Total users: 2","timestamp":"2024-09-30T13:04:06.129Z"}
{"level":"info","message":"User wira left room 1ea819dd-1822-49fd-948f-09c290a831fd. Total users: 1","timestamp":"2024-09-30T13:04:06.129Z"}
{"level":"info","message":"New connection: sPx1L5YtxpO-yU8xAAEl","timestamp":"2024-09-30T13:04:06.144Z"}
{"level":"info","message":"User wira joined room 1ea819dd-1822-49fd-948f-09c290a831fd. Total users: 2","timestamp":"2024-09-30T13:04:06.145Z"}
{"level":"info","message":"User wira left room 1ea819dd-1822-49fd-948f-09c290a831fd. Total users: 1","timestamp":"2024-09-30T13:04:06.146Z"}
{"level":"info","message":"User wira joined room 1ea819dd-1822-49fd-948f-09c290a831fd. Total users: 2","timestamp":"2024-09-30T13:04:06.146Z"}
{"level":"info","message":"User wira left room 1ea819dd-1822-49fd-948f-09c290a831fd. Total users: 1","timestamp":"2024-09-30T13:04:06.148Z"}
{"level":"info","message":"New connection: uJu63Uur7GRXxHcXAAEn","timestamp":"2024-09-30T13:04:06.159Z"}
{"level":"info","message":"User wira joined room 1ea819dd-1822-49fd-948f-09c290a831fd. Total users: 2","timestamp":"2024-09-30T13:04:06.160Z"}
{"level":"info","message":"User wira left room 1ea819dd-1822-49fd-948f-09c290a831fd. Total users: 1","timestamp":"2024-09-30T13:04:06.160Z"}
{"level":"info","message":"User wira joined room 1ea819dd-1822-49fd-948f-09c290a831fd. Total users: 2","timestamp":"2024-09-30T13:04:06.161Z"}
{"level":"info","message":"User wira left room 1ea819dd-1822-49fd-948f-09c290a831fd. Total users: 1","timestamp":"2024-09-30T13:04:06.162Z"}
{"level":"info","message":"New connection: MZOm4t-X4pPF9eBHAAEp","timestamp":"2024-09-30T13:04:06.175Z"}
{"level":"info","message":"User wira joined room 1ea819dd-1822-49fd-948f-09c290a831fd. Total users: 2","timestamp":"2024-09-30T13:04:06.176Z"}
{"level":"info","message":"User wira left room 1ea819dd-1822-49fd-948f-09c290a831fd. Total users: 1","timestamp":"2024-09-30T13:04:06.177Z"}
{"level":"info","message":"User wira joined room 1ea819dd-1822-49fd-948f-09c290a831fd. Total users: 2","timestamp":"2024-09-30T13:04:06.178Z"}
{"level":"info","message":"User wira left room 1ea819dd-1822-49fd-948f-09c290a831fd. Total users: 1","timestamp":"2024-09-30T13:04:06.179Z"}
{"level":"info","message":"New connection: xmBh6pBdwUeyRcMjAAEr","timestamp":"2024-09-30T13:04:06.190Z"}
{"level":"info","message":"User wira joined room 1ea819dd-1822-49fd-948f-09c290a831fd. Total users: 2","timestamp":"2024-09-30T13:04:06.190Z"}
{"level":"info","message":"User wira left room 1ea819dd-1822-49fd-948f-09c290a831fd. Total users: 1","timestamp":"2024-09-30T13:04:06.192Z"}
{"level":"info","message":"User wira joined room 1ea819dd-1822-49fd-948f-09c290a831fd. Total users: 2","timestamp":"2024-09-30T13:04:06.192Z"}
{"level":"info","message":"User wira left room 1ea819dd-1822-49fd-948f-09c290a831fd. Total users: 1","timestamp":"2024-09-30T13:04:06.193Z"}
{"level":"info","message":"New connection: E05vkVH-mxIuFUjEAAEt","timestamp":"2024-09-30T13:04:06.206Z"}
{"level":"info","message":"User wira joined room 1ea819dd-1822-49fd-948f-09c290a831fd. Total users: 2","timestamp":"2024-09-30T13:04:06.207Z"}
{"level":"info","message":"User wira left room 1ea819dd-1822-49fd-948f-09c290a831fd. Total users: 1","timestamp":"2024-09-30T13:04:06.207Z"}
{"level":"info","message":"User wira joined room 1ea819dd-1822-49fd-948f-09c290a831fd. Total users: 2","timestamp":"2024-09-30T13:04:06.208Z"}
{"level":"info","message":"User wira left room 1ea819dd-1822-49fd-948f-09c290a831fd. Total users: 1","timestamp":"2024-09-30T13:04:06.260Z"}
{"level":"info","message":"New connection: 01rfDMFoKfq21r0KAAEw","timestamp":"2024-09-30T13:04:06.269Z"}
{"level":"info","message":"User wira joined room 1ea819dd-1822-49fd-948f-09c290a831fd. Total users: 2","timestamp":"2024-09-30T13:04:06.270Z"}
{"level":"info","message":"User wira left room 1ea819dd-1822-49fd-948f-09c290a831fd. Total users: 1","timestamp":"2024-09-30T13:04:06.271Z"}
{"level":"info","message":"User wira joined room 1ea819dd-1822-49fd-948f-09c290a831fd. Total users: 2","timestamp":"2024-09-30T13:04:06.271Z"}
{"level":"info","message":"User wira left room 1ea819dd-1822-49fd-948f-09c290a831fd. Total users: 1","timestamp":"2024-09-30T13:04:06.272Z"}
{"level":"info","message":"New connection: 5_Z_S80VZM3RvJhnAAEx","timestamp":"2024-09-30T13:04:06.273Z"}
{"level":"info","message":"User wira joined room 1ea819dd-1822-49fd-948f-09c290a831fd. Total users: 2","timestamp":"2024-09-30T13:04:06.275Z"}
{"level":"info","message":"User wira joined room 1ea819dd-1822-49fd-948f-09c290a831fd. Total users: 2","timestamp":"2024-09-30T13:04:06.276Z"}
{"level":"info","message":"User wira left room 1ea819dd-1822-49fd-948f-09c290a831fd. Total users: 1","timestamp":"2024-09-30T13:04:06.278Z"}
{"level":"info","message":"New connection: JXBrJN-TPjHu1K_IAAEz","timestamp":"2024-09-30T13:04:06.285Z"}
{"level":"info","message":"User wira joined room 1ea819dd-1822-49fd-948f-09c290a831fd. Total users: 2","timestamp":"2024-09-30T13:04:06.286Z"}
{"level":"info","message":"User wira left room 1ea819dd-1822-49fd-948f-09c290a831fd. Total users: 1","timestamp":"2024-09-30T13:04:06.287Z"}
{"level":"info","message":"User wira joined room 1ea819dd-1822-49fd-948f-09c290a831fd. Total users: 2","timestamp":"2024-09-30T13:04:06.288Z"}
{"level":"info","message":"User wira left room 1ea819dd-1822-49fd-948f-09c290a831fd. Total users: 1","timestamp":"2024-09-30T13:04:06.288Z"}
{"level":"info","message":"New connection: VlUiE_6MPTNZJEfzAAE1","timestamp":"2024-09-30T13:04:06.297Z"}
{"level":"info","message":"User wira joined room 1ea819dd-1822-49fd-948f-09c290a831fd. Total users: 2","timestamp":"2024-09-30T13:04:06.297Z"}
{"level":"info","message":"User wira left room 1ea819dd-1822-49fd-948f-09c290a831fd. Total users: 1","timestamp":"2024-09-30T13:04:06.298Z"}
{"level":"info","message":"User wira joined room 1ea819dd-1822-49fd-948f-09c290a831fd. Total users: 2","timestamp":"2024-09-30T13:04:06.298Z"}
{"level":"info","message":"User wira left room 1ea819dd-1822-49fd-948f-09c290a831fd. Total users: 1","timestamp":"2024-09-30T13:04:06.299Z"}
{"level":"info","message":"New connection: luJtGf77nuHcbcyuAAE3","timestamp":"2024-09-30T13:04:06.306Z"}
{"level":"info","message":"User wira joined room 1ea819dd-1822-49fd-948f-09c290a831fd. Total users: 2","timestamp":"2024-09-30T13:04:06.307Z"}
{"level":"info","message":"User wira left room 1ea819dd-1822-49fd-948f-09c290a831fd. Total users: 1","timestamp":"2024-09-30T13:04:06.307Z"}
{"level":"info","message":"User wira joined room 1ea819dd-1822-49fd-948f-09c290a831fd. Total users: 2","timestamp":"2024-09-30T13:04:06.308Z"}
{"level":"info","message":"User wira left room 1ea819dd-1822-49fd-948f-09c290a831fd. Total users: 1","timestamp":"2024-09-30T13:04:06.309Z"}
{"level":"info","message":"New connection: rS20plNf5X6Sm5yIAAE5","timestamp":"2024-09-30T13:04:06.330Z"}
{"level":"info","message":"User wira joined room 1ea819dd-1822-49fd-948f-09c290a831fd. Total users: 2","timestamp":"2024-09-30T13:04:06.331Z"}
{"level":"info","message":"User wira left room 1ea819dd-1822-49fd-948f-09c290a831fd. Total users: 1","timestamp":"2024-09-30T13:04:06.331Z"}
{"level":"info","message":"User wira joined room 1ea819dd-1822-49fd-948f-09c290a831fd. Total users: 2","timestamp":"2024-09-30T13:04:06.332Z"}
{"level":"info","message":"User wira left room 1ea819dd-1822-49fd-948f-09c290a831fd. Total users: 1","timestamp":"2024-09-30T13:04:06.332Z"}
{"level":"info","message":"New connection: 7wyrXtRiuGUWrhC1AAE7","timestamp":"2024-09-30T13:04:06.341Z"}
{"level":"info","message":"User wira joined room 1ea819dd-1822-49fd-948f-09c290a831fd. Total users: 2","timestamp":"2024-09-30T13:04:06.342Z"}
{"level":"info","message":"User wira left room 1ea819dd-1822-49fd-948f-09c290a831fd. Total users: 1","timestamp":"2024-09-30T13:04:06.342Z"}
{"level":"info","message":"User wira joined room 1ea819dd-1822-49fd-948f-09c290a831fd. Total users: 2","timestamp":"2024-09-30T13:04:06.343Z"}
{"level":"info","message":"User wira left room 1ea819dd-1822-49fd-948f-09c290a831fd. Total users: 1","timestamp":"2024-09-30T13:04:06.344Z"}
{"level":"info","message":"New connection: MQ52JmrczLX2xNi8AAE-","timestamp":"2024-09-30T13:04:06.405Z"}
{"level":"info","message":"User wira joined room 1ea819dd-1822-49fd-948f-09c290a831fd. Total users: 2","timestamp":"2024-09-30T13:04:06.406Z"}
{"level":"info","message":"User wira left room 1ea819dd-1822-49fd-948f-09c290a831fd. Total users: 1","timestamp":"2024-09-30T13:04:06.406Z"}
{"level":"info","message":"User wira joined room 1ea819dd-1822-49fd-948f-09c290a831fd. Total users: 2","timestamp":"2024-09-30T13:04:06.407Z"}
{"level":"info","message":"User wira left room 1ea819dd-1822-49fd-948f-09c290a831fd. Total users: 1","timestamp":"2024-09-30T13:04:06.408Z"}
{"level":"info","message":"New connection: IzVbITIW5gcmyh9SAAE_","timestamp":"2024-09-30T13:04:06.409Z"}
{"level":"info","message":"User wira joined room 1ea819dd-1822-49fd-948f-09c290a831fd. Total users: 2","timestamp":"2024-09-30T13:04:06.412Z"}
{"level":"info","message":"User wira joined room 1ea819dd-1822-49fd-948f-09c290a831fd. Total users: 2","timestamp":"2024-09-30T13:04:06.413Z"}
{"level":"info","message":"User wira left room 1ea819dd-1822-49fd-948f-09c290a831fd. Total users: 1","timestamp":"2024-09-30T13:04:06.414Z"}
{"level":"info","message":"New connection: HuY63BbZPj77s8sUAAFB","timestamp":"2024-09-30T13:04:06.422Z"}
{"level":"info","message":"User wira joined room 1ea819dd-1822-49fd-948f-09c290a831fd. Total users: 2","timestamp":"2024-09-30T13:04:06.423Z"}
{"level":"info","message":"User wira left room 1ea819dd-1822-49fd-948f-09c290a831fd. Total users: 1","timestamp":"2024-09-30T13:04:06.424Z"}
{"level":"info","message":"User wira joined room 1ea819dd-1822-49fd-948f-09c290a831fd. Total users: 2","timestamp":"2024-09-30T13:04:06.424Z"}
{"level":"info","message":"User wira left room 1ea819dd-1822-49fd-948f-09c290a831fd. Total users: 1","timestamp":"2024-09-30T13:04:06.425Z"}
{"level":"info","message":"New connection: bGhO5jvg3W3HQHQKAAFD","timestamp":"2024-09-30T13:04:06.431Z"}
{"level":"info","message":"User wira joined room 1ea819dd-1822-49fd-948f-09c290a831fd. Total users: 2","timestamp":"2024-09-30T13:04:06.432Z"}
{"level":"info","message":"User wira left room 1ea819dd-1822-49fd-948f-09c290a831fd. Total users: 1","timestamp":"2024-09-30T13:04:06.432Z"}
{"level":"info","message":"User wira joined room 1ea819dd-1822-49fd-948f-09c290a831fd. Total users: 2","timestamp":"2024-09-30T13:04:06.433Z"}
{"level":"info","message":"User wira left room 1ea819dd-1822-49fd-948f-09c290a831fd. Total users: 1","timestamp":"2024-09-30T13:04:06.434Z"}
{"level":"info","message":"New connection: psbrE0hfzvnM6GOLAAFF","timestamp":"2024-09-30T13:04:06.451Z"}
{"level":"info","message":"User wira joined room 1ea819dd-1822-49fd-948f-09c290a831fd. Total users: 2","timestamp":"2024-09-30T13:04:06.452Z"}
{"level":"info","message":"User wira left room 1ea819dd-1822-49fd-948f-09c290a831fd. Total users: 1","timestamp":"2024-09-30T13:04:06.452Z"}
{"level":"info","message":"User wira joined room 1ea819dd-1822-49fd-948f-09c290a831fd. Total users: 2","timestamp":"2024-09-30T13:04:06.452Z"}
{"level":"info","message":"User wira left room 1ea819dd-1822-49fd-948f-09c290a831fd. Total users: 1","timestamp":"2024-09-30T13:04:06.453Z"}
{"level":"info","message":"New connection: _6ZoGre8Xk6eP9-VAAFH","timestamp":"2024-09-30T13:04:06.467Z"}
{"level":"info","message":"User wira joined room 1ea819dd-1822-49fd-948f-09c290a831fd. Total users: 2","timestamp":"2024-09-30T13:04:06.468Z"}
{"level":"info","message":"User wira left room 1ea819dd-1822-49fd-948f-09c290a831fd. Total users: 1","timestamp":"2024-09-30T13:04:06.468Z"}
{"level":"info","message":"User wira joined room 1ea819dd-1822-49fd-948f-09c290a831fd. Total users: 2","timestamp":"2024-09-30T13:04:06.469Z"}
{"level":"info","message":"User wira left room 1ea819dd-1822-49fd-948f-09c290a831fd. Total users: 1","timestamp":"2024-09-30T13:04:06.470Z"}
{"level":"info","message":"New connection: 3ugwThvmQU7-VfSBAAFJ","timestamp":"2024-09-30T13:04:06.482Z"}
{"level":"info","message":"User wira joined room 1ea819dd-1822-49fd-948f-09c290a831fd. Total users: 2","timestamp":"2024-09-30T13:04:06.483Z"}
{"level":"info","message":"User wira left room 1ea819dd-1822-49fd-948f-09c290a831fd. Total users: 1","timestamp":"2024-09-30T13:04:06.483Z"}
{"level":"info","message":"User wira joined room 1ea819dd-1822-49fd-948f-09c290a831fd. Total users: 2","timestamp":"2024-09-30T13:04:06.484Z"}
{"level":"info","message":"User wira left room 1ea819dd-1822-49fd-948f-09c290a831fd. Total users: 1","timestamp":"2024-09-30T13:04:06.484Z"}
{"level":"info","message":"New connection: eiMnKaDU5AcROgKeAAFL","timestamp":"2024-09-30T13:04:06.498Z"}
{"level":"info","message":"User wira joined room 1ea819dd-1822-49fd-948f-09c290a831fd. Total users: 2","timestamp":"2024-09-30T13:04:06.498Z"}
{"level":"info","message":"User wira left room 1ea819dd-1822-49fd-948f-09c290a831fd. Total users: 1","timestamp":"2024-09-30T13:04:06.499Z"}
{"level":"info","message":"User wira joined room 1ea819dd-1822-49fd-948f-09c290a831fd. Total users: 2","timestamp":"2024-09-30T13:04:06.499Z"}
{"level":"info","message":"User wira left room 1ea819dd-1822-49fd-948f-09c290a831fd. Total users: 1","timestamp":"2024-09-30T13:04:06.499Z"}
{"level":"info","message":"New connection: 2-j3ioNW6O7KBeuYAAFN","timestamp":"2024-09-30T13:04:06.513Z"}
{"level":"info","message":"User wira joined room 1ea819dd-1822-49fd-948f-09c290a831fd. Total users: 2","timestamp":"2024-09-30T13:04:06.514Z"}
{"level":"info","message":"User wira left room 1ea819dd-1822-49fd-948f-09c290a831fd. Total users: 1","timestamp":"2024-09-30T13:04:06.514Z"}
{"level":"info","message":"User wira joined room 1ea819dd-1822-49fd-948f-09c290a831fd. Total users: 2","timestamp":"2024-09-30T13:04:06.514Z"}
{"level":"info","message":"User wira left room 1ea819dd-1822-49fd-948f-09c290a831fd. Total users: 1","timestamp":"2024-09-30T13:04:06.515Z"}
{"level":"info","message":"New connection: EzvGwcsIN7eAH7iRAAFP","timestamp":"2024-09-30T13:04:06.529Z"}
{"level":"info","message":"User wira joined room 1ea819dd-1822-49fd-948f-09c290a831fd. Total users: 2","timestamp":"2024-09-30T13:04:06.529Z"}
{"level":"info","message":"User wira left room 1ea819dd-1822-49fd-948f-09c290a831fd. Total users: 1","timestamp":"2024-09-30T13:04:06.530Z"}
{"level":"info","message":"User wira joined room 1ea819dd-1822-49fd-948f-09c290a831fd. Total users: 2","timestamp":"2024-09-30T13:04:06.531Z"}
{"level":"info","message":"User wira left room 1ea819dd-1822-49fd-948f-09c290a831fd. Total users: 1","timestamp":"2024-09-30T13:04:06.531Z"}
{"level":"info","message":"New connection: pRcCM20DitXA8Bz2AAFR","timestamp":"2024-09-30T13:04:06.545Z"}
{"level":"info","message":"User wira joined room 1ea819dd-1822-49fd-948f-09c290a831fd. Total users: 2","timestamp":"2024-09-30T13:04:06.546Z"}
{"level":"info","message":"User wira left room 1ea819dd-1822-49fd-948f-09c290a831fd. Total users: 1","timestamp":"2024-09-30T13:04:06.546Z"}
{"level":"info","message":"User wira joined room 1ea819dd-1822-49fd-948f-09c290a831fd. Total users: 2","timestamp":"2024-09-30T13:04:06.547Z"}
{"level":"info","message":"User wira left room 1ea819dd-1822-49fd-948f-09c290a831fd. Total users: 1","timestamp":"2024-09-30T13:04:06.547Z"}
{"level":"info","message":"New connection: P_qOQ79zjBsg3rrwAAFT","timestamp":"2024-09-30T13:04:06.560Z"}
{"level":"info","message":"User wira joined room 1ea819dd-1822-49fd-948f-09c290a831fd. Total users: 2","timestamp":"2024-09-30T13:04:06.561Z"}
{"level":"info","message":"User wira left room 1ea819dd-1822-49fd-948f-09c290a831fd. Total users: 1","timestamp":"2024-09-30T13:04:06.561Z"}
{"level":"info","message":"User wira joined room 1ea819dd-1822-49fd-948f-09c290a831fd. Total users: 2","timestamp":"2024-09-30T13:04:06.561Z"}
{"level":"info","message":"User wira left room 1ea819dd-1822-49fd-948f-09c290a831fd. Total users: 1","timestamp":"2024-09-30T13:04:06.562Z"}
{"level":"info","message":"New connection: HTrzUvKCgs6jfS2zAAFV","timestamp":"2024-09-30T13:04:06.576Z"}
{"level":"info","message":"User wira joined room 1ea819dd-1822-49fd-948f-09c290a831fd. Total users: 2","timestamp":"2024-09-30T13:04:06.576Z"}
{"level":"info","message":"User wira left room 1ea819dd-1822-49fd-948f-09c290a831fd. Total users: 1","timestamp":"2024-09-30T13:04:06.577Z"}
{"level":"info","message":"User wira joined room 1ea819dd-1822-49fd-948f-09c290a831fd. Total users: 2","timestamp":"2024-09-30T13:04:06.577Z"}
{"level":"info","message":"User wira left room 1ea819dd-1822-49fd-948f-09c290a831fd. Total users: 1","timestamp":"2024-09-30T13:04:06.578Z"}
{"level":"info","message":"New connection: LrPnLd_GfaHFjTMwAAFX","timestamp":"2024-09-30T13:04:06.591Z"}
{"level":"info","message":"User wira joined room 1ea819dd-1822-49fd-948f-09c290a831fd. Total users: 2","timestamp":"2024-09-30T13:04:06.592Z"}
{"level":"info","message":"User wira left room 1ea819dd-1822-49fd-948f-09c290a831fd. Total users: 1","timestamp":"2024-09-30T13:04:06.592Z"}
{"level":"info","message":"User wira joined room 1ea819dd-1822-49fd-948f-09c290a831fd. Total users: 2","timestamp":"2024-09-30T13:04:06.593Z"}
{"level":"info","message":"User wira left room 1ea819dd-1822-49fd-948f-09c290a831fd. Total users: 1","timestamp":"2024-09-30T13:04:06.594Z"}
{"level":"info","message":"New connection: NpET1x1vHB4for0OAAFZ","timestamp":"2024-09-30T13:04:06.607Z"}
{"level":"info","message":"User wira joined room 1ea819dd-1822-49fd-948f-09c290a831fd. Total users: 2","timestamp":"2024-09-30T13:04:06.608Z"}
{"level":"info","message":"User wira left room 1ea819dd-1822-49fd-948f-09c290a831fd. Total users: 1","timestamp":"2024-09-30T13:04:06.609Z"}
{"level":"info","message":"User wira joined room 1ea819dd-1822-49fd-948f-09c290a831fd. Total users: 2","timestamp":"2024-09-30T13:04:06.609Z"}
{"level":"info","message":"User wira left room 1ea819dd-1822-49fd-948f-09c290a831fd. Total users: 1","timestamp":"2024-09-30T13:04:06.610Z"}
{"level":"info","message":"New connection: R5Shd6lRoJbHk-6CAAFb","timestamp":"2024-09-30T13:04:06.621Z"}
{"level":"info","message":"User wira joined room 1ea819dd-1822-49fd-948f-09c290a831fd. Total users: 2","timestamp":"2024-09-30T13:04:06.622Z"}
{"level":"info","message":"User wira left room 1ea819dd-1822-49fd-948f-09c290a831fd. Total users: 1","timestamp":"2024-09-30T13:04:06.622Z"}
{"level":"info","message":"User wira joined room 1ea819dd-1822-49fd-948f-09c290a831fd. Total users: 2","timestamp":"2024-09-30T13:04:06.623Z"}
{"level":"info","message":"User wira left room 1ea819dd-1822-49fd-948f-09c290a831fd. Total users: 1","timestamp":"2024-09-30T13:04:06.623Z"}
{"level":"info","message":"New connection: FCsOphZLNKLnq4FgAAFd","timestamp":"2024-09-30T13:04:06.634Z"}
{"level":"info","message":"User wira joined room 1ea819dd-1822-49fd-948f-09c290a831fd. Total users: 2","timestamp":"2024-09-30T13:04:06.635Z"}
{"level":"info","message":"User wira left room 1ea819dd-1822-49fd-948f-09c290a831fd. Total users: 1","timestamp":"2024-09-30T13:04:06.636Z"}
{"level":"info","message":"User wira joined room 1ea819dd-1822-49fd-948f-09c290a831fd. Total users: 2","timestamp":"2024-09-30T13:04:06.637Z"}
{"level":"info","message":"User wira left room 1ea819dd-1822-49fd-948f-09c290a831fd. Total users: 1","timestamp":"2024-09-30T13:04:06.637Z"}
{"level":"info","message":"New connection: vQwwKnK0lfYO6E1OAAFf","timestamp":"2024-09-30T13:04:06.652Z"}
{"level":"info","message":"User wira joined room 1ea819dd-1822-49fd-948f-09c290a831fd. Total users: 2","timestamp":"2024-09-30T13:04:06.652Z"}
{"level":"info","message":"User wira left room 1ea819dd-1822-49fd-948f-09c290a831fd. Total users: 1","timestamp":"2024-09-30T13:04:06.653Z"}
{"level":"info","message":"User wira joined room 1ea819dd-1822-49fd-948f-09c290a831fd. Total users: 2","timestamp":"2024-09-30T13:04:06.653Z"}
{"level":"info","message":"User wira left room 1ea819dd-1822-49fd-948f-09c290a831fd. Total users: 1","timestamp":"2024-09-30T13:04:06.654Z"}
{"level":"info","message":"New connection: fqWspW8Lku4wf-qhAAFh","timestamp":"2024-09-30T13:04:06.667Z"}
{"level":"info","message":"User wira joined room 1ea819dd-1822-49fd-948f-09c290a831fd. Total users: 2","timestamp":"2024-09-30T13:04:06.668Z"}
{"level":"info","message":"User wira left room 1ea819dd-1822-49fd-948f-09c290a831fd. Total users: 1","timestamp":"2024-09-30T13:04:06.668Z"}
{"level":"info","message":"User wira joined room 1ea819dd-1822-49fd-948f-09c290a831fd. Total users: 2","timestamp":"2024-09-30T13:04:06.669Z"}
{"level":"info","message":"User wira left room 1ea819dd-1822-49fd-948f-09c290a831fd. Total users: 1","timestamp":"2024-09-30T13:04:06.670Z"}
{"level":"info","message":"New connection: TERZ8bim_VmY9pNLAAFj","timestamp":"2024-09-30T13:04:06.681Z"}
{"level":"info","message":"User wira joined room 1ea819dd-1822-49fd-948f-09c290a831fd. Total users: 2","timestamp":"2024-09-30T13:04:06.682Z"}
{"level":"info","message":"User wira left room 1ea819dd-1822-49fd-948f-09c290a831fd. Total users: 1","timestamp":"2024-09-30T13:04:06.682Z"}
{"level":"info","message":"User wira joined room 1ea819dd-1822-49fd-948f-09c290a831fd. Total users: 2","timestamp":"2024-09-30T13:04:06.682Z"}
{"level":"info","message":"User wira left room 1ea819dd-1822-49fd-948f-09c290a831fd. Total users: 1","timestamp":"2024-09-30T13:04:06.683Z"}
{"level":"info","message":"New connection: c2ArqNkFKrPyvzFOAAFl","timestamp":"2024-09-30T13:04:06.697Z"}
{"level":"info","message":"User wira joined room 1ea819dd-1822-49fd-948f-09c290a831fd. Total users: 2","timestamp":"2024-09-30T13:04:06.698Z"}
{"level":"info","message":"User wira left room 1ea819dd-1822-49fd-948f-09c290a831fd. Total users: 1","timestamp":"2024-09-30T13:04:06.698Z"}
{"level":"info","message":"User wira joined room 1ea819dd-1822-49fd-948f-09c290a831fd. Total users: 2","timestamp":"2024-09-30T13:04:06.699Z"}
{"level":"info","message":"User wira left room 1ea819dd-1822-49fd-948f-09c290a831fd. Total users: 1","timestamp":"2024-09-30T13:04:06.700Z"}
{"level":"info","message":"New connection: lOij1Lh56wNdXDdzAAFn","timestamp":"2024-09-30T13:04:06.714Z"}
{"level":"info","message":"User wira joined room 1ea819dd-1822-49fd-948f-09c290a831fd. Total users: 2","timestamp":"2024-09-30T13:04:06.714Z"}
{"level":"info","message":"User wira left room 1ea819dd-1822-49fd-948f-09c290a831fd. Total users: 1","timestamp":"2024-09-30T13:04:06.715Z"}
{"level":"info","message":"User wira joined room 1ea819dd-1822-49fd-948f-09c290a831fd. Total users: 2","timestamp":"2024-09-30T13:04:06.715Z"}
{"level":"info","message":"User wira left room 1ea819dd-1822-49fd-948f-09c290a831fd. Total users: 1","timestamp":"2024-09-30T13:04:06.716Z"}
{"level":"info","message":"New connection: hZ2xg1P9Y-vFLt8FAAFq","timestamp":"2024-09-30T13:04:06.752Z"}
{"level":"info","message":"User wira joined room 1ea819dd-1822-49fd-948f-09c290a831fd. Total users: 2","timestamp":"2024-09-30T13:04:06.752Z"}
{"level":"info","message":"User wira left room 1ea819dd-1822-49fd-948f-09c290a831fd. Total users: 1","timestamp":"2024-09-30T13:04:06.753Z"}
{"level":"info","message":"User wira joined room 1ea819dd-1822-49fd-948f-09c290a831fd. Total users: 2","timestamp":"2024-09-30T13:04:06.754Z"}
{"level":"info","message":"New connection: It-fzyC4fz5xncMaAAFr","timestamp":"2024-09-30T13:04:06.754Z"}
{"level":"info","message":"User wira left room 1ea819dd-1822-49fd-948f-09c290a831fd. Total users: 1","timestamp":"2024-09-30T13:04:06.755Z"}
{"level":"info","message":"User wira joined room 1ea819dd-1822-49fd-948f-09c290a831fd. Total users: 2","timestamp":"2024-09-30T13:04:06.759Z"}
{"level":"info","message":"User wira joined room 1ea819dd-1822-49fd-948f-09c290a831fd. Total users: 2","timestamp":"2024-09-30T13:04:06.759Z"}
{"level":"info","message":"User wira left room 1ea819dd-1822-49fd-948f-09c290a831fd. Total users: 1","timestamp":"2024-09-30T13:04:06.760Z"}
{"level":"info","message":"New connection: SwK9wwbaeuzEuqjOAAFt","timestamp":"2024-09-30T13:04:06.766Z"}
{"level":"info","message":"User wira joined room 1ea819dd-1822-49fd-948f-09c290a831fd. Total users: 2","timestamp":"2024-09-30T13:04:06.766Z"}
{"level":"info","message":"User wira left room 1ea819dd-1822-49fd-948f-09c290a831fd. Total users: 1","timestamp":"2024-09-30T13:04:06.767Z"}
{"level":"info","message":"User wira joined room 1ea819dd-1822-49fd-948f-09c290a831fd. Total users: 2","timestamp":"2024-09-30T13:04:06.768Z"}
{"level":"info","message":"User wira left room 1ea819dd-1822-49fd-948f-09c290a831fd. Total users: 1","timestamp":"2024-09-30T13:04:06.770Z"}
{"level":"info","message":"New connection: zJz23mp89NxjQ9JxAAFv","timestamp":"2024-09-30T13:04:06.775Z"}
{"level":"info","message":"User wira joined room 1ea819dd-1822-49fd-948f-09c290a831fd. Total users: 2","timestamp":"2024-09-30T13:04:06.776Z"}
{"level":"info","message":"User wira left room 1ea819dd-1822-49fd-948f-09c290a831fd. Total users: 1","timestamp":"2024-09-30T13:04:06.776Z"}
{"level":"info","message":"User wira joined room 1ea819dd-1822-49fd-948f-09c290a831fd. Total users: 2","timestamp":"2024-09-30T13:04:06.777Z"}
{"level":"info","message":"User wira left room 1ea819dd-1822-49fd-948f-09c290a831fd. Total users: 1","timestamp":"2024-09-30T13:04:06.778Z"}
{"level":"info","message":"New connection: tIHQ6sYy3XuXhg7OAAFx","timestamp":"2024-09-30T13:04:06.785Z"}
{"level":"info","message":"User wira joined room 1ea819dd-1822-49fd-948f-09c290a831fd. Total users: 2","timestamp":"2024-09-30T13:04:06.786Z"}
{"level":"info","message":"User wira left room 1ea819dd-1822-49fd-948f-09c290a831fd. Total users: 1","timestamp":"2024-09-30T13:04:06.787Z"}
{"level":"info","message":"User wira joined room 1ea819dd-1822-49fd-948f-09c290a831fd. Total users: 2","timestamp":"2024-09-30T13:04:06.787Z"}
{"level":"info","message":"User wira left room 1ea819dd-1822-49fd-948f-09c290a831fd. Total users: 1","timestamp":"2024-09-30T13:04:06.788Z"}
{"level":"info","message":"New connection: LO1B9P9laxPN-V4IAAF0","timestamp":"2024-09-30T13:04:06.855Z"}
{"level":"info","message":"User wira joined room 1ea819dd-1822-49fd-948f-09c290a831fd. Total users: 2","timestamp":"2024-09-30T13:04:06.856Z"}
{"level":"info","message":"User wira left room 1ea819dd-1822-49fd-948f-09c290a831fd. Total users: 1","timestamp":"2024-09-30T13:04:06.857Z"}
{"level":"info","message":"User wira joined room 1ea819dd-1822-49fd-948f-09c290a831fd. Total users: 2","timestamp":"2024-09-30T13:04:06.857Z"}
{"level":"info","message":"User wira left room 1ea819dd-1822-49fd-948f-09c290a831fd. Total users: 1","timestamp":"2024-09-30T13:04:06.858Z"}
{"level":"info","message":"New connection: WAqzPy2hy6hMJR8-AAF1","timestamp":"2024-09-30T13:04:06.858Z"}
{"level":"info","message":"User wira joined room 1ea819dd-1822-49fd-948f-09c290a831fd. Total users: 2","timestamp":"2024-09-30T13:04:06.862Z"}
{"level":"info","message":"User wira joined room 1ea819dd-1822-49fd-948f-09c290a831fd. Total users: 2","timestamp":"2024-09-30T13:04:06.863Z"}
{"level":"info","message":"User wira left room 1ea819dd-1822-49fd-948f-09c290a831fd. Total users: 1","timestamp":"2024-09-30T13:04:06.864Z"}
{"level":"info","message":"New connection: LTAhui8MOuUmSZdvAAF3","timestamp":"2024-09-30T13:04:06.870Z"}
{"level":"info","message":"User wira joined room 1ea819dd-1822-49fd-948f-09c290a831fd. Total users: 2","timestamp":"2024-09-30T13:04:06.871Z"}
{"level":"info","message":"User wira left room 1ea819dd-1822-49fd-948f-09c290a831fd. Total users: 1","timestamp":"2024-09-30T13:04:06.872Z"}
{"level":"info","message":"User wira joined room 1ea819dd-1822-49fd-948f-09c290a831fd. Total users: 2","timestamp":"2024-09-30T13:04:06.873Z"}
{"level":"info","message":"User wira left room 1ea819dd-1822-49fd-948f-09c290a831fd. Total users: 1","timestamp":"2024-09-30T13:04:06.875Z"}
{"level":"info","message":"New connection: Ef5r0yFHHr2Q_gQ5AAF5","timestamp":"2024-09-30T13:04:06.880Z"}
{"level":"info","message":"User wira joined room 1ea819dd-1822-49fd-948f-09c290a831fd. Total users: 2","timestamp":"2024-09-30T13:04:06.880Z"}
{"level":"info","message":"User wira left room 1ea819dd-1822-49fd-948f-09c290a831fd. Total users: 1","timestamp":"2024-09-30T13:04:06.881Z"}
{"level":"info","message":"User wira joined room 1ea819dd-1822-49fd-948f-09c290a831fd. Total users: 2","timestamp":"2024-09-30T13:04:06.881Z"}
{"level":"info","message":"User wira left room 1ea819dd-1822-49fd-948f-09c290a831fd. Total users: 1","timestamp":"2024-09-30T13:04:06.882Z"}
{"level":"info","message":"New connection: jj3kzGIqpVKih_yRAAF7","timestamp":"2024-09-30T13:04:06.888Z"}
{"level":"info","message":"User wira joined room 1ea819dd-1822-49fd-948f-09c290a831fd. Total users: 2","timestamp":"2024-09-30T13:04:06.889Z"}
{"level":"info","message":"User wira left room 1ea819dd-1822-49fd-948f-09c290a831fd. Total users: 1","timestamp":"2024-09-30T13:04:06.889Z"}
{"level":"info","message":"User wira joined room 1ea819dd-1822-49fd-948f-09c290a831fd. Total users: 2","timestamp":"2024-09-30T13:04:06.889Z"}
{"level":"info","message":"User wira left room 1ea819dd-1822-49fd-948f-09c290a831fd. Total users: 1","timestamp":"2024-09-30T13:04:06.890Z"}
{"level":"info","message":"New connection: UEmi4Ji6RugeMF0FAAF-","timestamp":"2024-09-30T13:04:06.966Z"}
{"level":"info","message":"User wira joined room 1ea819dd-1822-49fd-948f-09c290a831fd. Total users: 2","timestamp":"2024-09-30T13:04:06.967Z"}
{"level":"info","message":"User wira left room 1ea819dd-1822-49fd-948f-09c290a831fd. Total users: 1","timestamp":"2024-09-30T13:04:06.967Z"}
{"level":"info","message":"User wira joined room 1ea819dd-1822-49fd-948f-09c290a831fd. Total users: 2","timestamp":"2024-09-30T13:04:06.968Z"}
{"level":"info","message":"User wira left room 1ea819dd-1822-49fd-948f-09c290a831fd. Total users: 1","timestamp":"2024-09-30T13:04:06.968Z"}
{"level":"info","message":"New connection: a3uaPZQJgWpcWNW2AAF_","timestamp":"2024-09-30T13:04:06.969Z"}
{"level":"info","message":"User wira joined room 1ea819dd-1822-49fd-948f-09c290a831fd. Total users: 2","timestamp":"2024-09-30T13:04:06.973Z"}
{"level":"info","message":"User wira joined room 1ea819dd-1822-49fd-948f-09c290a831fd. Total users: 2","timestamp":"2024-09-30T13:04:06.974Z"}
{"level":"info","message":"User wira left room 1ea819dd-1822-49fd-948f-09c290a831fd. Total users: 1","timestamp":"2024-09-30T13:04:06.975Z"}
{"level":"info","message":"New connection: bxvyK0bR8lkaF2gIAAGB","timestamp":"2024-09-30T13:04:06.982Z"}
{"level":"info","message":"User wira joined room 1ea819dd-1822-49fd-948f-09c290a831fd. Total users: 2","timestamp":"2024-09-30T13:04:06.984Z"}
{"level":"info","message":"User wira left room 1ea819dd-1822-49fd-948f-09c290a831fd. Total users: 1","timestamp":"2024-09-30T13:04:06.985Z"}
{"level":"info","message":"User wira joined room 1ea819dd-1822-49fd-948f-09c290a831fd. Total users: 2","timestamp":"2024-09-30T13:04:06.986Z"}
{"level":"info","message":"User wira left room 1ea819dd-1822-49fd-948f-09c290a831fd. Total users: 1","timestamp":"2024-09-30T13:04:06.987Z"}
{"level":"info","message":"New connection: 2YtsPJmPRPZrcQWtAAGD","timestamp":"2024-09-30T13:04:06.993Z"}
{"level":"info","message":"User wira joined room 1ea819dd-1822-49fd-948f-09c290a831fd. Total users: 2","timestamp":"2024-09-30T13:04:06.994Z"}
{"level":"info","message":"User wira left room 1ea819dd-1822-49fd-948f-09c290a831fd. Total users: 1","timestamp":"2024-09-30T13:04:06.994Z"}
{"level":"info","message":"User wira joined room 1ea819dd-1822-49fd-948f-09c290a831fd. Total users: 2","timestamp":"2024-09-30T13:04:06.995Z"}
{"level":"info","message":"User wira left room 1ea819dd-1822-49fd-948f-09c290a831fd. Total users: 1","timestamp":"2024-09-30T13:04:06.996Z"}
{"level":"info","message":"New connection: 7j2ewmSFkKv8WeKrAAGF","timestamp":"2024-09-30T13:04:07.001Z"}
{"level":"info","message":"User wira joined room 1ea819dd-1822-49fd-948f-09c290a831fd. Total users: 2","timestamp":"2024-09-30T13:04:07.001Z"}
{"level":"info","message":"User wira left room 1ea819dd-1822-49fd-948f-09c290a831fd. Total users: 1","timestamp":"2024-09-30T13:04:07.002Z"}
{"level":"info","message":"User wira joined room 1ea819dd-1822-49fd-948f-09c290a831fd. Total users: 2","timestamp":"2024-09-30T13:04:07.002Z"}
{"level":"info","message":"User wira left room 1ea819dd-1822-49fd-948f-09c290a831fd. Total users: 1","timestamp":"2024-09-30T13:04:07.003Z"}
{"level":"info","message":"New connection: JLwEACbt0grK4gfwAAGI","timestamp":"2024-09-30T13:04:07.049Z"}
{"level":"info","message":"User wira joined room 1ea819dd-1822-49fd-948f-09c290a831fd. Total users: 2","timestamp":"2024-09-30T13:04:07.050Z"}
{"level":"info","message":"User wira left room 1ea819dd-1822-49fd-948f-09c290a831fd. Total users: 1","timestamp":"2024-09-30T13:04:07.050Z"}
{"level":"info","message":"User wira joined room 1ea819dd-1822-49fd-948f-09c290a831fd. Total users: 2","timestamp":"2024-09-30T13:04:07.051Z"}
{"level":"info","message":"User wira left room 1ea819dd-1822-49fd-948f-09c290a831fd. Total users: 1","timestamp":"2024-09-30T13:04:07.051Z"}
{"level":"info","message":"New connection: a9bwLY-Bapd_HeOjAAGJ","timestamp":"2024-09-30T13:04:07.052Z"}
{"level":"info","message":"User wira joined room 1ea819dd-1822-49fd-948f-09c290a831fd. Total users: 2","timestamp":"2024-09-30T13:04:07.055Z"}
{"level":"info","message":"User wira joined room 1ea819dd-1822-49fd-948f-09c290a831fd. Total users: 2","timestamp":"2024-09-30T13:04:07.055Z"}
{"level":"info","message":"User wira left room 1ea819dd-1822-49fd-948f-09c290a831fd. Total users: 1","timestamp":"2024-09-30T13:04:07.057Z"}
{"level":"info","message":"New connection: I-JkDtbfQ_0JJ-aUAAGL","timestamp":"2024-09-30T13:04:07.062Z"}
{"level":"info","message":"User wira joined room 1ea819dd-1822-49fd-948f-09c290a831fd. Total users: 2","timestamp":"2024-09-30T13:04:07.062Z"}
{"level":"info","message":"User wira left room 1ea819dd-1822-49fd-948f-09c290a831fd. Total users: 1","timestamp":"2024-09-30T13:04:07.063Z"}
{"level":"info","message":"User wira joined room 1ea819dd-1822-49fd-948f-09c290a831fd. Total users: 2","timestamp":"2024-09-30T13:04:07.063Z"}
{"level":"info","message":"User wira left room 1ea819dd-1822-49fd-948f-09c290a831fd. Total users: 1","timestamp":"2024-09-30T13:04:07.064Z"}
{"level":"info","message":"New connection: XxES5HVK6xS8d-IpAAGN","timestamp":"2024-09-30T13:04:07.069Z"}
{"level":"info","message":"User wira joined room 1ea819dd-1822-49fd-948f-09c290a831fd. Total users: 2","timestamp":"2024-09-30T13:04:07.070Z"}
{"level":"info","message":"User wira left room 1ea819dd-1822-49fd-948f-09c290a831fd. Total users: 1","timestamp":"2024-09-30T13:04:07.070Z"}
{"level":"info","message":"User wira joined room 1ea819dd-1822-49fd-948f-09c290a831fd. Total users: 2","timestamp":"2024-09-30T13:04:07.071Z"}
{"level":"info","message":"User wira left room 1ea819dd-1822-49fd-948f-09c290a831fd. Total users: 1","timestamp":"2024-09-30T13:04:07.071Z"}
{"level":"info","message":"New connection: 5xC-6kgshZzK32DaAAGP","timestamp":"2024-09-30T13:04:07.085Z"}
{"level":"info","message":"User wira joined room 1ea819dd-1822-49fd-948f-09c290a831fd. Total users: 2","timestamp":"2024-09-30T13:04:07.086Z"}
{"level":"info","message":"User wira left room 1ea819dd-1822-49fd-948f-09c290a831fd. Total users: 1","timestamp":"2024-09-30T13:04:07.086Z"}
{"level":"info","message":"User wira joined room 1ea819dd-1822-49fd-948f-09c290a831fd. Total users: 2","timestamp":"2024-09-30T13:04:07.087Z"}
{"level":"info","message":"User wira left room 1ea819dd-1822-49fd-948f-09c290a831fd. Total users: 1","timestamp":"2024-09-30T13:04:07.088Z"}
{"level":"info","message":"New connection: c8h3eml4LBIfV_SCAAGR","timestamp":"2024-09-30T13:04:07.100Z"}
{"level":"info","message":"User wira joined room 1ea819dd-1822-49fd-948f-09c290a831fd. Total users: 2","timestamp":"2024-09-30T13:04:07.101Z"}
{"level":"info","message":"User wira left room 1ea819dd-1822-49fd-948f-09c290a831fd. Total users: 1","timestamp":"2024-09-30T13:04:07.102Z"}
{"level":"info","message":"User wira joined room 1ea819dd-1822-49fd-948f-09c290a831fd. Total users: 2","timestamp":"2024-09-30T13:04:07.103Z"}
{"level":"info","message":"User wira left room 1ea819dd-1822-49fd-948f-09c290a831fd. Total users: 1","timestamp":"2024-09-30T13:04:07.103Z"}
{"level":"info","message":"New connection: 3_IKNx9s1VZnrNo2AAGT","timestamp":"2024-09-30T13:04:07.117Z"}
{"level":"info","message":"User wira joined room 1ea819dd-1822-49fd-948f-09c290a831fd. Total users: 2","timestamp":"2024-09-30T13:04:07.118Z"}
{"level":"info","message":"User wira left room 1ea819dd-1822-49fd-948f-09c290a831fd. Total users: 1","timestamp":"2024-09-30T13:04:07.118Z"}
{"level":"info","message":"User wira joined room 1ea819dd-1822-49fd-948f-09c290a831fd. Total users: 2","timestamp":"2024-09-30T13:04:07.119Z"}
{"level":"info","message":"User wira left room 1ea819dd-1822-49fd-948f-09c290a831fd. Total users: 1","timestamp":"2024-09-30T13:04:07.119Z"}
{"level":"info","message":"New connection: PhGsTWSPNz6N-G4pAAGV","timestamp":"2024-09-30T13:04:07.132Z"}
{"level":"info","message":"User wira joined room 1ea819dd-1822-49fd-948f-09c290a831fd. Total users: 2","timestamp":"2024-09-30T13:04:07.132Z"}
{"level":"info","message":"User wira left room 1ea819dd-1822-49fd-948f-09c290a831fd. Total users: 1","timestamp":"2024-09-30T13:04:07.132Z"}
{"level":"info","message":"User wira joined room 1ea819dd-1822-49fd-948f-09c290a831fd. Total users: 2","timestamp":"2024-09-30T13:04:07.133Z"}
{"level":"info","message":"User wira left room 1ea819dd-1822-49fd-948f-09c290a831fd. Total users: 1","timestamp":"2024-09-30T13:04:07.134Z"}
{"level":"info","message":"New connection: 3f6qlmhNsXjB7R93AAGX","timestamp":"2024-09-30T13:04:07.148Z"}
{"level":"info","message":"User wira joined room 1ea819dd-1822-49fd-948f-09c290a831fd. Total users: 2","timestamp":"2024-09-30T13:04:07.148Z"}
{"level":"info","message":"User wira left room 1ea819dd-1822-49fd-948f-09c290a831fd. Total users: 1","timestamp":"2024-09-30T13:04:07.149Z"}
{"level":"info","message":"User wira joined room 1ea819dd-1822-49fd-948f-09c290a831fd. Total users: 2","timestamp":"2024-09-30T13:04:07.149Z"}
{"level":"info","message":"User wira left room 1ea819dd-1822-49fd-948f-09c290a831fd. Total users: 1","timestamp":"2024-09-30T13:04:07.150Z"}
{"level":"info","message":"New connection: KOstrtO1yhyuCRQaAAGZ","timestamp":"2024-09-30T13:04:07.164Z"}
{"level":"info","message":"User wira joined room 1ea819dd-1822-49fd-948f-09c290a831fd. Total users: 2","timestamp":"2024-09-30T13:04:07.165Z"}
{"level":"info","message":"User wira left room 1ea819dd-1822-49fd-948f-09c290a831fd. Total users: 1","timestamp":"2024-09-30T13:04:07.166Z"}
{"level":"info","message":"User wira joined room 1ea819dd-1822-49fd-948f-09c290a831fd. Total users: 2","timestamp":"2024-09-30T13:04:07.166Z"}
{"level":"info","message":"User wira left room 1ea819dd-1822-49fd-948f-09c290a831fd. Total users: 1","timestamp":"2024-09-30T13:04:07.167Z"}
{"level":"info","message":"New connection: xXhuR8I0kvfKwHneAAGb","timestamp":"2024-09-30T13:04:07.180Z"}
{"level":"info","message":"User wira joined room 1ea819dd-1822-49fd-948f-09c290a831fd. Total users: 2","timestamp":"2024-09-30T13:04:07.181Z"}
{"level":"info","message":"User wira left room 1ea819dd-1822-49fd-948f-09c290a831fd. Total users: 1","timestamp":"2024-09-30T13:04:07.181Z"}
{"level":"info","message":"User wira joined room 1ea819dd-1822-49fd-948f-09c290a831fd. Total users: 2","timestamp":"2024-09-30T13:04:07.182Z"}
{"level":"info","message":"User wira left room 1ea819dd-1822-49fd-948f-09c290a831fd. Total users: 1","timestamp":"2024-09-30T13:04:07.182Z"}
{"level":"info","message":"New connection: oOFeFM_fRflOyD4WAAGd","timestamp":"2024-09-30T13:04:07.197Z"}
{"level":"info","message":"User wira joined room 1ea819dd-1822-49fd-948f-09c290a831fd. Total users: 2","timestamp":"2024-09-30T13:04:07.198Z"}
{"level":"info","message":"User wira left room 1ea819dd-1822-49fd-948f-09c290a831fd. Total users: 1","timestamp":"2024-09-30T13:04:07.198Z"}
{"level":"info","message":"User wira joined room 1ea819dd-1822-49fd-948f-09c290a831fd. Total users: 2","timestamp":"2024-09-30T13:04:07.199Z"}
{"level":"info","message":"User wira left room 1ea819dd-1822-49fd-948f-09c290a831fd. Total users: 1","timestamp":"2024-09-30T13:04:07.200Z"}
{"level":"info","message":"New connection: zzgUyR6i5iuYD8saAAGf","timestamp":"2024-09-30T13:04:07.214Z"}
{"level":"info","message":"User wira joined room 1ea819dd-1822-49fd-948f-09c290a831fd. Total users: 2","timestamp":"2024-09-30T13:04:07.215Z"}
{"level":"info","message":"User wira left room 1ea819dd-1822-49fd-948f-09c290a831fd. Total users: 1","timestamp":"2024-09-30T13:04:07.215Z"}
{"level":"info","message":"User wira joined room 1ea819dd-1822-49fd-948f-09c290a831fd. Total users: 2","timestamp":"2024-09-30T13:04:07.216Z"}
{"level":"info","message":"User wira left room 1ea819dd-1822-49fd-948f-09c290a831fd. Total users: 1","timestamp":"2024-09-30T13:04:07.216Z"}
{"level":"info","message":"New connection: lbv0_oRsyrlyz0ikAAGh","timestamp":"2024-09-30T13:04:07.229Z"}
{"level":"info","message":"User wira joined room 1ea819dd-1822-49fd-948f-09c290a831fd. Total users: 2","timestamp":"2024-09-30T13:04:07.229Z"}
{"level":"info","message":"User wira left room 1ea819dd-1822-49fd-948f-09c290a831fd. Total users: 1","timestamp":"2024-09-30T13:04:07.230Z"}
{"level":"info","message":"User wira joined room 1ea819dd-1822-49fd-948f-09c290a831fd. Total users: 2","timestamp":"2024-09-30T13:04:07.230Z"}
{"level":"info","message":"User wira left room 1ea819dd-1822-49fd-948f-09c290a831fd. Total users: 1","timestamp":"2024-09-30T13:04:07.231Z"}
{"level":"info","message":"New connection: Z6XOwbOWuDr2xGlHAAGj","timestamp":"2024-09-30T13:04:07.243Z"}
{"level":"info","message":"User wira joined room 1ea819dd-1822-49fd-948f-09c290a831fd. Total users: 2","timestamp":"2024-09-30T13:04:07.244Z"}
{"level":"info","message":"User wira left room 1ea819dd-1822-49fd-948f-09c290a831fd. Total users: 1","timestamp":"2024-09-30T13:04:07.244Z"}
{"level":"info","message":"User wira joined room 1ea819dd-1822-49fd-948f-09c290a831fd. Total users: 2","timestamp":"2024-09-30T13:04:07.244Z"}
{"level":"info","message":"User wira left room 1ea819dd-1822-49fd-948f-09c290a831fd. Total users: 1","timestamp":"2024-09-30T13:04:07.245Z"}
{"level":"info","message":"New connection: Ki5pYW2DWT2617f3AAGl","timestamp":"2024-09-30T13:04:07.258Z"}
{"level":"info","message":"User wira joined room 1ea819dd-1822-49fd-948f-09c290a831fd. Total users: 2","timestamp":"2024-09-30T13:04:07.259Z"}
{"level":"info","message":"User wira left room 1ea819dd-1822-49fd-948f-09c290a831fd. Total users: 1","timestamp":"2024-09-30T13:04:07.259Z"}
{"level":"info","message":"User wira joined room 1ea819dd-1822-49fd-948f-09c290a831fd. Total users: 2","timestamp":"2024-09-30T13:04:07.260Z"}
{"level":"info","message":"User wira left room 1ea819dd-1822-49fd-948f-09c290a831fd. Total users: 1","timestamp":"2024-09-30T13:04:07.260Z"}
{"level":"info","message":"New connection: mqHsFbvwbHBCBzRlAAGn","timestamp":"2024-09-30T13:04:07.275Z"}
{"level":"info","message":"User wira joined room 1ea819dd-1822-49fd-948f-09c290a831fd. Total users: 2","timestamp":"2024-09-30T13:04:07.275Z"}
{"level":"info","message":"User wira left room 1ea819dd-1822-49fd-948f-09c290a831fd. Total users: 1","timestamp":"2024-09-30T13:04:07.276Z"}
{"level":"info","message":"User wira joined room 1ea819dd-1822-49fd-948f-09c290a831fd. Total users: 2","timestamp":"2024-09-30T13:04:07.276Z"}
{"level":"info","message":"User wira left room 1ea819dd-1822-49fd-948f-09c290a831fd. Total users: 1","timestamp":"2024-09-30T13:04:07.277Z"}
{"level":"info","message":"New connection: rb-dJEBI_5KdcFybAAGp","timestamp":"2024-09-30T13:04:07.290Z"}
{"level":"info","message":"User wira joined room 1ea819dd-1822-49fd-948f-09c290a831fd. Total users: 2","timestamp":"2024-09-30T13:04:07.291Z"}
{"level":"info","message":"User wira left room 1ea819dd-1822-49fd-948f-09c290a831fd. Total users: 1","timestamp":"2024-09-30T13:04:07.291Z"}
{"level":"info","message":"User wira joined room 1ea819dd-1822-49fd-948f-09c290a831fd. Total users: 2","timestamp":"2024-09-30T13:04:07.292Z"}
{"level":"info","message":"User wira left room 1ea819dd-1822-49fd-948f-09c290a831fd. Total users: 1","timestamp":"2024-09-30T13:04:07.292Z"}
{"level":"info","message":"New connection: GvVOfNABz6lD3ftzAAGr","timestamp":"2024-09-30T13:04:07.305Z"}
{"level":"info","message":"User wira joined room 1ea819dd-1822-49fd-948f-09c290a831fd. Total users: 2","timestamp":"2024-09-30T13:04:07.305Z"}
{"level":"info","message":"User wira left room 1ea819dd-1822-49fd-948f-09c290a831fd. Total users: 1","timestamp":"2024-09-30T13:04:07.306Z"}
{"level":"info","message":"User wira joined room 1ea819dd-1822-49fd-948f-09c290a831fd. Total users: 2","timestamp":"2024-09-30T13:04:07.306Z"}
{"level":"info","message":"User wira left room 1ea819dd-1822-49fd-948f-09c290a831fd. Total users: 1","timestamp":"2024-09-30T13:04:07.307Z"}
{"level":"info","message":"New connection: P73IuAWelfGU_0gxAAGu","timestamp":"2024-09-30T13:04:07.362Z"}
{"level":"info","message":"User wira joined room 1ea819dd-1822-49fd-948f-09c290a831fd. Total users: 2","timestamp":"2024-09-30T13:04:07.362Z"}
{"level":"info","message":"User wira left room 1ea819dd-1822-49fd-948f-09c290a831fd. Total users: 1","timestamp":"2024-09-30T13:04:07.363Z"}
{"level":"info","message":"User wira joined room 1ea819dd-1822-49fd-948f-09c290a831fd. Total users: 2","timestamp":"2024-09-30T13:04:07.364Z"}
{"level":"info","message":"User wira left room 1ea819dd-1822-49fd-948f-09c290a831fd. Total users: 1","timestamp":"2024-09-30T13:04:07.364Z"}
{"level":"info","message":"New connection: ZpJ2Yf4bIpmwWMGJAAGv","timestamp":"2024-09-30T13:04:07.365Z"}
{"level":"info","message":"User wira joined room 1ea819dd-1822-49fd-948f-09c290a831fd. Total users: 2","timestamp":"2024-09-30T13:04:07.369Z"}
{"level":"info","message":"User wira joined room 1ea819dd-1822-49fd-948f-09c290a831fd. Total users: 2","timestamp":"2024-09-30T13:04:07.370Z"}
{"level":"info","message":"User wira left room 1ea819dd-1822-49fd-948f-09c290a831fd. Total users: 1","timestamp":"2024-09-30T13:04:07.372Z"}
{"level":"info","message":"New connection: 1UaJVQqH2E-ivNnFAAGy","timestamp":"2024-09-30T13:04:07.380Z"}
{"level":"info","message":"User wira joined room 1ea819dd-1822-49fd-948f-09c290a831fd. Total users: 2","timestamp":"2024-09-30T13:04:07.381Z"}
{"level":"info","message":"User wira left room 1ea819dd-1822-49fd-948f-09c290a831fd. Total users: 1","timestamp":"2024-09-30T13:04:07.382Z"}
{"level":"info","message":"User wira joined room 1ea819dd-1822-49fd-948f-09c290a831fd. Total users: 2","timestamp":"2024-09-30T13:04:07.382Z"}
{"level":"info","message":"User wira left room 1ea819dd-1822-49fd-948f-09c290a831fd. Total users: 1","timestamp":"2024-09-30T13:04:07.383Z"}
{"level":"info","message":"New connection: vfUc-vwrZgDLUKWEAAGz","timestamp":"2024-09-30T13:04:07.384Z"}
{"level":"info","message":"User wira joined room 1ea819dd-1822-49fd-948f-09c290a831fd. Total users: 2","timestamp":"2024-09-30T13:04:07.387Z"}
{"level":"info","message":"User wira joined room 1ea819dd-1822-49fd-948f-09c290a831fd. Total users: 2","timestamp":"2024-09-30T13:04:07.388Z"}
{"level":"info","message":"User wira left room 1ea819dd-1822-49fd-948f-09c290a831fd. Total users: 1","timestamp":"2024-09-30T13:04:07.392Z"}
{"level":"info","message":"New connection: 3iUy6yPtNrfF3HIoAAG1","timestamp":"2024-09-30T13:04:07.398Z"}
{"level":"info","message":"User wira joined room 1ea819dd-1822-49fd-948f-09c290a831fd. Total users: 2","timestamp":"2024-09-30T13:04:07.400Z"}
{"level":"info","message":"User wira left room 1ea819dd-1822-49fd-948f-09c290a831fd. Total users: 1","timestamp":"2024-09-30T13:04:07.401Z"}
{"level":"info","message":"User wira joined room 1ea819dd-1822-49fd-948f-09c290a831fd. Total users: 2","timestamp":"2024-09-30T13:04:07.402Z"}
{"level":"info","message":"User wira left room 1ea819dd-1822-49fd-948f-09c290a831fd. Total users: 1","timestamp":"2024-09-30T13:04:07.402Z"}
{"level":"info","message":"New connection: okVXoTlBf0RBfdX6AAG3","timestamp":"2024-09-30T13:04:07.406Z"}
{"level":"info","message":"User wira joined room 1ea819dd-1822-49fd-948f-09c290a831fd. Total users: 2","timestamp":"2024-09-30T13:04:07.406Z"}
{"level":"info","message":"User wira left room 1ea819dd-1822-49fd-948f-09c290a831fd. Total users: 1","timestamp":"2024-09-30T13:04:07.407Z"}
{"level":"info","message":"User wira joined room 1ea819dd-1822-49fd-948f-09c290a831fd. Total users: 2","timestamp":"2024-09-30T13:04:07.408Z"}
{"level":"info","message":"User wira left room 1ea819dd-1822-49fd-948f-09c290a831fd. Total users: 1","timestamp":"2024-09-30T13:04:07.408Z"}
{"level":"info","message":"New connection: MP2nqgZcHDY2LDMkAAG5","timestamp":"2024-09-30T13:04:07.428Z"}
{"level":"info","message":"User wira joined room 1ea819dd-1822-49fd-948f-09c290a831fd. Total users: 2","timestamp":"2024-09-30T13:04:07.429Z"}
{"level":"info","message":"User wira left room 1ea819dd-1822-49fd-948f-09c290a831fd. Total users: 1","timestamp":"2024-09-30T13:04:07.429Z"}
{"level":"info","message":"User wira joined room 1ea819dd-1822-49fd-948f-09c290a831fd. Total users: 2","timestamp":"2024-09-30T13:04:07.430Z"}
{"level":"info","message":"User wira left room 1ea819dd-1822-49fd-948f-09c290a831fd. Total users: 1","timestamp":"2024-09-30T13:04:07.431Z"}
{"level":"info","message":"New connection: 3RWz4Nlt-sZ4Abl7AAG7","timestamp":"2024-09-30T13:04:07.445Z"}
{"level":"info","message":"User wira joined room 1ea819dd-1822-49fd-948f-09c290a831fd. Total users: 2","timestamp":"2024-09-30T13:04:07.446Z"}
{"level":"info","message":"User wira left room 1ea819dd-1822-49fd-948f-09c290a831fd. Total users: 1","timestamp":"2024-09-30T13:04:07.446Z"}
{"level":"info","message":"User wira joined room 1ea819dd-1822-49fd-948f-09c290a831fd. Total users: 2","timestamp":"2024-09-30T13:04:07.447Z"}
{"level":"info","message":"User wira left room 1ea819dd-1822-49fd-948f-09c290a831fd. Total users: 1","timestamp":"2024-09-30T13:04:07.447Z"}
{"level":"info","message":"New connection: cPSh5iDsC_2r4WfYAAG9","timestamp":"2024-09-30T13:04:07.460Z"}
{"level":"info","message":"User wira joined room 1ea819dd-1822-49fd-948f-09c290a831fd. Total users: 2","timestamp":"2024-09-30T13:04:07.460Z"}
{"level":"info","message":"User wira left room 1ea819dd-1822-49fd-948f-09c290a831fd. Total users: 1","timestamp":"2024-09-30T13:04:07.461Z"}
{"level":"info","message":"User wira joined room 1ea819dd-1822-49fd-948f-09c290a831fd. Total users: 2","timestamp":"2024-09-30T13:04:07.461Z"}
{"level":"info","message":"User wira left room 1ea819dd-1822-49fd-948f-09c290a831fd. Total users: 1","timestamp":"2024-09-30T13:04:07.462Z"}
{"level":"info","message":"New connection: 0QYYUaP7mqdT_557AAG_","timestamp":"2024-09-30T13:04:07.474Z"}
{"level":"info","message":"User wira joined room 1ea819dd-1822-49fd-948f-09c290a831fd. Total users: 2","timestamp":"2024-09-30T13:04:07.475Z"}
{"level":"info","message":"User wira left room 1ea819dd-1822-49fd-948f-09c290a831fd. Total users: 1","timestamp":"2024-09-30T13:04:07.475Z"}
{"level":"info","message":"User wira joined room 1ea819dd-1822-49fd-948f-09c290a831fd. Total users: 2","timestamp":"2024-09-30T13:04:07.475Z"}
{"level":"info","message":"User wira left room 1ea819dd-1822-49fd-948f-09c290a831fd. Total users: 1","timestamp":"2024-09-30T13:04:07.476Z"}
{"level":"info","message":"New connection: 7AmlsQmoIEmh1CTmAAHB","timestamp":"2024-09-30T13:04:07.491Z"}
{"level":"info","message":"User wira joined room 1ea819dd-1822-49fd-948f-09c290a831fd. Total users: 2","timestamp":"2024-09-30T13:04:07.491Z"}
{"level":"info","message":"User wira left room 1ea819dd-1822-49fd-948f-09c290a831fd. Total users: 1","timestamp":"2024-09-30T13:04:07.492Z"}
{"level":"info","message":"User wira joined room 1ea819dd-1822-49fd-948f-09c290a831fd. Total users: 2","timestamp":"2024-09-30T13:04:07.492Z"}
{"level":"info","message":"User wira left room 1ea819dd-1822-49fd-948f-09c290a831fd. Total users: 1","timestamp":"2024-09-30T13:04:07.493Z"}
{"level":"info","message":"New connection: nqEYQobi5-vZ-gymAAHD","timestamp":"2024-09-30T13:04:07.506Z"}
{"level":"info","message":"User wira joined room 1ea819dd-1822-49fd-948f-09c290a831fd. Total users: 2","timestamp":"2024-09-30T13:04:07.507Z"}
{"level":"info","message":"User wira left room 1ea819dd-1822-49fd-948f-09c290a831fd. Total users: 1","timestamp":"2024-09-30T13:04:07.508Z"}
{"level":"info","message":"User wira joined room 1ea819dd-1822-49fd-948f-09c290a831fd. Total users: 2","timestamp":"2024-09-30T13:04:07.508Z"}
{"level":"info","message":"User wira left room 1ea819dd-1822-49fd-948f-09c290a831fd. Total users: 1","timestamp":"2024-09-30T13:04:07.509Z"}
{"level":"info","message":"New connection: LzVV0yqff-9-DkldAAHF","timestamp":"2024-09-30T13:04:07.521Z"}
{"level":"info","message":"User wira joined room 1ea819dd-1822-49fd-948f-09c290a831fd. Total users: 2","timestamp":"2024-09-30T13:04:07.521Z"}
{"level":"info","message":"User wira left room 1ea819dd-1822-49fd-948f-09c290a831fd. Total users: 1","timestamp":"2024-09-30T13:04:07.522Z"}
{"level":"info","message":"User wira joined room 1ea819dd-1822-49fd-948f-09c290a831fd. Total users: 2","timestamp":"2024-09-30T13:04:07.522Z"}
{"level":"info","message":"User wira left room 1ea819dd-1822-49fd-948f-09c290a831fd. Total users: 1","timestamp":"2024-09-30T13:04:07.522Z"}
{"level":"info","message":"New connection: gffLMlpXtq6kONAAAAHH","timestamp":"2024-09-30T13:04:07.537Z"}
{"level":"info","message":"User wira joined room 1ea819dd-1822-49fd-948f-09c290a831fd. Total users: 2","timestamp":"2024-09-30T13:04:07.538Z"}
{"level":"info","message":"User wira left room 1ea819dd-1822-49fd-948f-09c290a831fd. Total users: 1","timestamp":"2024-09-30T13:04:07.539Z"}
{"level":"info","message":"User wira joined room 1ea819dd-1822-49fd-948f-09c290a831fd. Total users: 2","timestamp":"2024-09-30T13:04:07.539Z"}
{"level":"info","message":"User wira left room 1ea819dd-1822-49fd-948f-09c290a831fd. Total users: 1","timestamp":"2024-09-30T13:04:07.540Z"}
{"level":"info","message":"New connection: yZNjLccSO2tuw3GTAAHJ","timestamp":"2024-09-30T13:04:07.551Z"}
{"level":"info","message":"User wira joined room 1ea819dd-1822-49fd-948f-09c290a831fd. Total users: 2","timestamp":"2024-09-30T13:04:07.552Z"}
{"level":"info","message":"User wira left room 1ea819dd-1822-49fd-948f-09c290a831fd. Total users: 1","timestamp":"2024-09-30T13:04:07.553Z"}
{"level":"info","message":"User wira joined room 1ea819dd-1822-49fd-948f-09c290a831fd. Total users: 2","timestamp":"2024-09-30T13:04:07.553Z"}
{"level":"info","message":"User wira left room 1ea819dd-1822-49fd-948f-09c290a831fd. Total users: 1","timestamp":"2024-09-30T13:04:07.554Z"}
{"level":"info","message":"New connection: HpjgUOk817yd9UOLAAHL","timestamp":"2024-09-30T13:04:07.565Z"}
{"level":"info","message":"User wira joined room 1ea819dd-1822-49fd-948f-09c290a831fd. Total users: 2","timestamp":"2024-09-30T13:04:07.566Z"}
{"level":"info","message":"User wira left room 1ea819dd-1822-49fd-948f-09c290a831fd. Total users: 1","timestamp":"2024-09-30T13:04:07.567Z"}
{"level":"info","message":"User wira joined room 1ea819dd-1822-49fd-948f-09c290a831fd. Total users: 2","timestamp":"2024-09-30T13:04:07.567Z"}
{"level":"info","message":"User wira left room 1ea819dd-1822-49fd-948f-09c290a831fd. Total users: 1","timestamp":"2024-09-30T13:04:07.569Z"}
{"level":"info","message":"New connection: O1USiErHiraBPmmMAAHN","timestamp":"2024-09-30T13:04:07.582Z"}
{"level":"info","message":"User wira joined room 1ea819dd-1822-49fd-948f-09c290a831fd. Total users: 2","timestamp":"2024-09-30T13:04:07.583Z"}
{"level":"info","message":"User wira left room 1ea819dd-1822-49fd-948f-09c290a831fd. Total users: 1","timestamp":"2024-09-30T13:04:07.583Z"}
{"level":"info","message":"User wira joined room 1ea819dd-1822-49fd-948f-09c290a831fd. Total users: 2","timestamp":"2024-09-30T13:04:07.584Z"}
{"level":"info","message":"User wira left room 1ea819dd-1822-49fd-948f-09c290a831fd. Total users: 1","timestamp":"2024-09-30T13:04:07.584Z"}
{"level":"info","message":"New connection: OkwtTdmKj4uo7fUAAAHP","timestamp":"2024-09-30T13:04:07.600Z"}
{"level":"info","message":"User wira joined room 1ea819dd-1822-49fd-948f-09c290a831fd. Total users: 2","timestamp":"2024-09-30T13:04:07.601Z"}
{"level":"info","message":"User wira left room 1ea819dd-1822-49fd-948f-09c290a831fd. Total users: 1","timestamp":"2024-09-30T13:04:07.602Z"}
{"level":"info","message":"User wira joined room 1ea819dd-1822-49fd-948f-09c290a831fd. Total users: 2","timestamp":"2024-09-30T13:04:07.602Z"}
{"level":"info","message":"User wira left room 1ea819dd-1822-49fd-948f-09c290a831fd. Total users: 1","timestamp":"2024-09-30T13:04:07.603Z"}
{"level":"info","message":"New connection: 5DpE6icOyySv1y13AAHR","timestamp":"2024-09-30T13:04:07.616Z"}
{"level":"info","message":"User wira joined room 1ea819dd-1822-49fd-948f-09c290a831fd. Total users: 2","timestamp":"2024-09-30T13:04:07.616Z"}
{"level":"info","message":"User wira left room 1ea819dd-1822-49fd-948f-09c290a831fd. Total users: 1","timestamp":"2024-09-30T13:04:07.618Z"}
{"level":"info","message":"User wira joined room 1ea819dd-1822-49fd-948f-09c290a831fd. Total users: 2","timestamp":"2024-09-30T13:04:07.618Z"}
{"level":"info","message":"User wira left room 1ea819dd-1822-49fd-948f-09c290a831fd. Total users: 1","timestamp":"2024-09-30T13:04:07.619Z"}
{"level":"info","message":"New connection: iET39aGQzp08RiE3AAHT","timestamp":"2024-09-30T13:04:07.631Z"}
{"level":"info","message":"User wira joined room 1ea819dd-1822-49fd-948f-09c290a831fd. Total users: 2","timestamp":"2024-09-30T13:04:07.631Z"}
{"level":"info","message":"User wira left room 1ea819dd-1822-49fd-948f-09c290a831fd. Total users: 1","timestamp":"2024-09-30T13:04:07.632Z"}
{"level":"info","message":"User wira joined room 1ea819dd-1822-49fd-948f-09c290a831fd. Total users: 2","timestamp":"2024-09-30T13:04:07.632Z"}
{"level":"info","message":"User wira left room 1ea819dd-1822-49fd-948f-09c290a831fd. Total users: 1","timestamp":"2024-09-30T13:04:07.633Z"}
{"level":"info","message":"New connection: grDBeYS9lA6HgeeeAAHV","timestamp":"2024-09-30T13:04:07.646Z"}
{"level":"info","message":"User wira joined room 1ea819dd-1822-49fd-948f-09c290a831fd. Total users: 2","timestamp":"2024-09-30T13:04:07.647Z"}
{"level":"info","message":"User wira left room 1ea819dd-1822-49fd-948f-09c290a831fd. Total users: 1","timestamp":"2024-09-30T13:04:07.647Z"}
{"level":"info","message":"User wira joined room 1ea819dd-1822-49fd-948f-09c290a831fd. Total users: 2","timestamp":"2024-09-30T13:04:07.648Z"}
{"level":"info","message":"User wira left room 1ea819dd-1822-49fd-948f-09c290a831fd. Total users: 1","timestamp":"2024-09-30T13:04:07.648Z"}
{"level":"info","message":"New connection: foZ76OzXQbR6omQ9AAHX","timestamp":"2024-09-30T13:04:07.661Z"}
{"level":"info","message":"User wira joined room 1ea819dd-1822-49fd-948f-09c290a831fd. Total users: 2","timestamp":"2024-09-30T13:04:07.662Z"}
{"level":"info","message":"User wira left room 1ea819dd-1822-49fd-948f-09c290a831fd. Total users: 1","timestamp":"2024-09-30T13:04:07.662Z"}
{"level":"info","message":"User wira joined room 1ea819dd-1822-49fd-948f-09c290a831fd. Total users: 2","timestamp":"2024-09-30T13:04:07.663Z"}
{"level":"info","message":"User wira left room 1ea819dd-1822-49fd-948f-09c290a831fd. Total users: 1","timestamp":"2024-09-30T13:04:07.664Z"}
{"level":"info","message":"New connection: crDb9h1mRLcd89alAAHZ","timestamp":"2024-09-30T13:04:07.677Z"}
{"level":"info","message":"User wira joined room 1ea819dd-1822-49fd-948f-09c290a831fd. Total users: 2","timestamp":"2024-09-30T13:04:07.678Z"}
{"level":"info","message":"User wira left room 1ea819dd-1822-49fd-948f-09c290a831fd. Total users: 1","timestamp":"2024-09-30T13:04:07.679Z"}
{"level":"info","message":"User wira joined room 1ea819dd-1822-49fd-948f-09c290a831fd. Total users: 2","timestamp":"2024-09-30T13:04:07.679Z"}
{"level":"info","message":"User wira left room 1ea819dd-1822-49fd-948f-09c290a831fd. Total users: 1","timestamp":"2024-09-30T13:04:07.680Z"}
{"level":"info","message":"New connection: tjZaA3puPpALdXymAAHb","timestamp":"2024-09-30T13:04:07.693Z"}
{"level":"info","message":"User wira joined room 1ea819dd-1822-49fd-948f-09c290a831fd. Total users: 2","timestamp":"2024-09-30T13:04:07.693Z"}
{"level":"info","message":"User wira left room 1ea819dd-1822-49fd-948f-09c290a831fd. Total users: 1","timestamp":"2024-09-30T13:04:07.694Z"}
{"level":"info","message":"User wira joined room 1ea819dd-1822-49fd-948f-09c290a831fd. Total users: 2","timestamp":"2024-09-30T13:04:07.694Z"}
{"level":"info","message":"User wira left room 1ea819dd-1822-49fd-948f-09c290a831fd. Total users: 1","timestamp":"2024-09-30T13:04:07.695Z"}
{"level":"info","message":"New connection: kCCRzoeqGX_rBntxAAHd","timestamp":"2024-09-30T13:04:07.708Z"}
{"level":"info","message":"User wira joined room 1ea819dd-1822-49fd-948f-09c290a831fd. Total users: 2","timestamp":"2024-09-30T13:04:07.709Z"}
{"level":"info","message":"User wira left room 1ea819dd-1822-49fd-948f-09c290a831fd. Total users: 1","timestamp":"2024-09-30T13:04:07.709Z"}
{"level":"info","message":"User wira joined room 1ea819dd-1822-49fd-948f-09c290a831fd. Total users: 2","timestamp":"2024-09-30T13:04:07.710Z"}
{"level":"info","message":"User wira left room 1ea819dd-1822-49fd-948f-09c290a831fd. Total users: 1","timestamp":"2024-09-30T13:04:07.710Z"}
{"level":"info","message":"New connection: jT87Qz0PTV1qxcbnAAHf","timestamp":"2024-09-30T13:04:07.723Z"}
{"level":"info","message":"User wira joined room 1ea819dd-1822-49fd-948f-09c290a831fd. Total users: 2","timestamp":"2024-09-30T13:04:07.724Z"}
{"level":"info","message":"User wira left room 1ea819dd-1822-49fd-948f-09c290a831fd. Total users: 1","timestamp":"2024-09-30T13:04:07.724Z"}
{"level":"info","message":"User wira joined room 1ea819dd-1822-49fd-948f-09c290a831fd. Total users: 2","timestamp":"2024-09-30T13:04:07.725Z"}
{"level":"info","message":"User wira left room 1ea819dd-1822-49fd-948f-09c290a831fd. Total users: 1","timestamp":"2024-09-30T13:04:07.725Z"}
{"level":"info","message":"New connection: eH48Cju3UBWdlpskAAHh","timestamp":"2024-09-30T13:04:07.740Z"}
{"level":"info","message":"User wira joined room 1ea819dd-1822-49fd-948f-09c290a831fd. Total users: 2","timestamp":"2024-09-30T13:04:07.741Z"}
{"level":"info","message":"User wira left room 1ea819dd-1822-49fd-948f-09c290a831fd. Total users: 1","timestamp":"2024-09-30T13:04:07.742Z"}
{"level":"info","message":"User wira joined room 1ea819dd-1822-49fd-948f-09c290a831fd. Total users: 2","timestamp":"2024-09-30T13:04:07.742Z"}
{"level":"info","message":"User wira left room 1ea819dd-1822-49fd-948f-09c290a831fd. Total users: 1","timestamp":"2024-09-30T13:04:07.743Z"}
{"level":"info","message":"New connection: ye5XMOaS0HMsgeO7AAHj","timestamp":"2024-09-30T13:04:07.759Z"}
{"level":"info","message":"User wira joined room 1ea819dd-1822-49fd-948f-09c290a831fd. Total users: 2","timestamp":"2024-09-30T13:04:07.760Z"}
{"level":"info","message":"User wira left room 1ea819dd-1822-49fd-948f-09c290a831fd. Total users: 1","timestamp":"2024-09-30T13:04:07.760Z"}
{"level":"info","message":"User wira joined room 1ea819dd-1822-49fd-948f-09c290a831fd. Total users: 2","timestamp":"2024-09-30T13:04:07.761Z"}
{"level":"info","message":"User wira left room 1ea819dd-1822-49fd-948f-09c290a831fd. Total users: 1","timestamp":"2024-09-30T13:04:07.763Z"}
{"level":"info","message":"New connection: lSJhzxlev14jqz9gAAHl","timestamp":"2024-09-30T13:04:07.770Z"}
{"level":"info","message":"User wira joined room 1ea819dd-1822-49fd-948f-09c290a831fd. Total users: 2","timestamp":"2024-09-30T13:04:07.775Z"}
{"level":"info","message":"User wira left room 1ea819dd-1822-49fd-948f-09c290a831fd. Total users: 1","timestamp":"2024-09-30T13:04:07.775Z"}
{"level":"info","message":"User wira joined room 1ea819dd-1822-49fd-948f-09c290a831fd. Total users: 2","timestamp":"2024-09-30T13:04:07.776Z"}
{"level":"info","message":"User wira left room 1ea819dd-1822-49fd-948f-09c290a831fd. Total users: 1","timestamp":"2024-09-30T13:04:07.777Z"}
{"level":"info","message":"New connection: c_S-LWRI96jma2HZAAHn","timestamp":"2024-09-30T13:04:07.784Z"}
{"level":"info","message":"User wira joined room 1ea819dd-1822-49fd-948f-09c290a831fd. Total users: 2","timestamp":"2024-09-30T13:04:07.790Z"}
{"level":"info","message":"User wira left room 1ea819dd-1822-49fd-948f-09c290a831fd. Total users: 1","timestamp":"2024-09-30T13:04:07.791Z"}
{"level":"info","message":"User wira joined room 1ea819dd-1822-49fd-948f-09c290a831fd. Total users: 2","timestamp":"2024-09-30T13:04:07.792Z"}
{"level":"info","message":"User wira left room 1ea819dd-1822-49fd-948f-09c290a831fd. Total users: 1","timestamp":"2024-09-30T13:04:07.793Z"}
{"level":"info","message":"New connection: JzwEsfdLV0g4cYTnAAHp","timestamp":"2024-09-30T13:04:07.800Z"}
{"level":"info","message":"User wira joined room 1ea819dd-1822-49fd-948f-09c290a831fd. Total users: 2","timestamp":"2024-09-30T13:04:07.801Z"}
{"level":"info","message":"User wira left room 1ea819dd-1822-49fd-948f-09c290a831fd. Total users: 1","timestamp":"2024-09-30T13:04:07.802Z"}
{"level":"info","message":"User wira joined room 1ea819dd-1822-49fd-948f-09c290a831fd. Total users: 2","timestamp":"2024-09-30T13:04:07.803Z"}
{"level":"info","message":"User wira left room 1ea819dd-1822-49fd-948f-09c290a831fd. Total users: 1","timestamp":"2024-09-30T13:04:07.803Z"}
{"level":"info","message":"New connection: q4cJZ3t85bXywCJcAAHr","timestamp":"2024-09-30T13:04:07.809Z"}
{"level":"info","message":"User wira joined room 1ea819dd-1822-49fd-948f-09c290a831fd. Total users: 2","timestamp":"2024-09-30T13:04:07.811Z"}
{"level":"info","message":"User wira left room 1ea819dd-1822-49fd-948f-09c290a831fd. Total users: 1","timestamp":"2024-09-30T13:04:07.812Z"}
{"level":"info","message":"User wira joined room 1ea819dd-1822-49fd-948f-09c290a831fd. Total users: 2","timestamp":"2024-09-30T13:04:07.813Z"}
{"level":"info","message":"User wira left room 1ea819dd-1822-49fd-948f-09c290a831fd. Total users: 1","timestamp":"2024-09-30T13:04:07.814Z"}
{"level":"info","message":"New connection: 7pyR0tWGQvglBWs-AAHt","timestamp":"2024-09-30T13:04:07.825Z"}
{"level":"info","message":"User wira joined room 1ea819dd-1822-49fd-948f-09c290a831fd. Total users: 2","timestamp":"2024-09-30T13:04:07.828Z"}
{"level":"info","message":"User wira left room 1ea819dd-1822-49fd-948f-09c290a831fd. Total users: 1","timestamp":"2024-09-30T13:04:07.829Z"}
{"level":"info","message":"User wira joined room 1ea819dd-1822-49fd-948f-09c290a831fd. Total users: 2","timestamp":"2024-09-30T13:04:07.829Z"}
{"level":"info","message":"User wira left room 1ea819dd-1822-49fd-948f-09c290a831fd. Total users: 1","timestamp":"2024-09-30T13:04:07.830Z"}
{"level":"info","message":"New connection: LYkdzgEJLUMgiVMnAAHv","timestamp":"2024-09-30T13:04:07.839Z"}
{"level":"info","message":"User wira joined room 1ea819dd-1822-49fd-948f-09c290a831fd. Total users: 2","timestamp":"2024-09-30T13:04:07.846Z"}
{"level":"info","message":"User wira left room 1ea819dd-1822-49fd-948f-09c290a831fd. Total users: 1","timestamp":"2024-09-30T13:04:07.847Z"}
{"level":"info","message":"User wira joined room 1ea819dd-1822-49fd-948f-09c290a831fd. Total users: 2","timestamp":"2024-09-30T13:04:07.847Z"}
{"level":"info","message":"User wira left room 1ea819dd-1822-49fd-948f-09c290a831fd. Total users: 1","timestamp":"2024-09-30T13:04:07.848Z"}
{"level":"info","message":"New connection: t3BqwdWl_nkfeBHUAAHx","timestamp":"2024-09-30T13:04:07.854Z"}
{"level":"info","message":"User wira joined room 1ea819dd-1822-49fd-948f-09c290a831fd. Total users: 2","timestamp":"2024-09-30T13:04:07.855Z"}
{"level":"info","message":"User wira left room 1ea819dd-1822-49fd-948f-09c290a831fd. Total users: 1","timestamp":"2024-09-30T13:04:07.856Z"}
{"level":"info","message":"User wira joined room 1ea819dd-1822-49fd-948f-09c290a831fd. Total users: 2","timestamp":"2024-09-30T13:04:07.857Z"}
{"level":"info","message":"User wira left room 1ea819dd-1822-49fd-948f-09c290a831fd. Total users: 1","timestamp":"2024-09-30T13:04:07.858Z"}
{"level":"info","message":"New connection: euEfydjV_NvwMrdJAAHz","timestamp":"2024-09-30T13:04:07.865Z"}
{"level":"info","message":"User wira joined room 1ea819dd-1822-49fd-948f-09c290a831fd. Total users: 2","timestamp":"2024-09-30T13:04:07.866Z"}
{"level":"info","message":"User wira left room 1ea819dd-1822-49fd-948f-09c290a831fd. Total users: 1","timestamp":"2024-09-30T13:04:07.867Z"}
{"level":"info","message":"User wira joined room 1ea819dd-1822-49fd-948f-09c290a831fd. Total users: 2","timestamp":"2024-09-30T13:04:07.867Z"}
{"level":"info","message":"User wira left room 1ea819dd-1822-49fd-948f-09c290a831fd. Total users: 1","timestamp":"2024-09-30T13:04:07.868Z"}
{"level":"info","message":"New connection: PBmDf5Ohcz8r4gpUAAH1","timestamp":"2024-09-30T13:04:07.874Z"}
{"level":"info","message":"User wira joined room 1ea819dd-1822-49fd-948f-09c290a831fd. Total users: 2","timestamp":"2024-09-30T13:04:07.875Z"}
{"level":"info","message":"User wira left room 1ea819dd-1822-49fd-948f-09c290a831fd. Total users: 1","timestamp":"2024-09-30T13:04:07.876Z"}
{"level":"info","message":"User wira joined room 1ea819dd-1822-49fd-948f-09c290a831fd. Total users: 2","timestamp":"2024-09-30T13:04:07.877Z"}
{"level":"info","message":"User wira left room 1ea819dd-1822-49fd-948f-09c290a831fd. Total users: 1","timestamp":"2024-09-30T13:04:07.878Z"}
{"level":"info","message":"New connection: 3yDKyizuP_yGO5m6AAH3","timestamp":"2024-09-30T13:04:07.889Z"}
{"level":"info","message":"User wira joined room 1ea819dd-1822-49fd-948f-09c290a831fd. Total users: 2","timestamp":"2024-09-30T13:04:07.890Z"}
{"level":"info","message":"User wira left room 1ea819dd-1822-49fd-948f-09c290a831fd. Total users: 1","timestamp":"2024-09-30T13:04:07.891Z"}
{"level":"info","message":"User wira joined room 1ea819dd-1822-49fd-948f-09c290a831fd. Total users: 2","timestamp":"2024-09-30T13:04:07.892Z"}
{"level":"info","message":"User wira left room 1ea819dd-1822-49fd-948f-09c290a831fd. Total users: 1","timestamp":"2024-09-30T13:04:07.893Z"}
{"level":"info","message":"New connection: J9DRUv5i4jQCMN9NAAH5","timestamp":"2024-09-30T13:04:07.901Z"}
{"level":"info","message":"User wira joined room 1ea819dd-1822-49fd-948f-09c290a831fd. Total users: 2","timestamp":"2024-09-30T13:04:07.902Z"}
{"level":"info","message":"User wira left room 1ea819dd-1822-49fd-948f-09c290a831fd. Total users: 1","timestamp":"2024-09-30T13:04:07.903Z"}
{"level":"info","message":"User wira joined room 1ea819dd-1822-49fd-948f-09c290a831fd. Total users: 2","timestamp":"2024-09-30T13:04:07.903Z"}
{"level":"info","message":"User wira left room 1ea819dd-1822-49fd-948f-09c290a831fd. Total users: 1","timestamp":"2024-09-30T13:04:07.904Z"}
{"level":"info","message":"New connection: xzsRTuY_fqjWCKgKAAH7","timestamp":"2024-09-30T13:04:07.911Z"}
{"level":"info","message":"User wira joined room 1ea819dd-1822-49fd-948f-09c290a831fd. Total users: 2","timestamp":"2024-09-30T13:04:07.912Z"}
{"level":"info","message":"User wira left room 1ea819dd-1822-49fd-948f-09c290a831fd. Total users: 1","timestamp":"2024-09-30T13:04:07.913Z"}
{"level":"info","message":"User wira joined room 1ea819dd-1822-49fd-948f-09c290a831fd. Total users: 2","timestamp":"2024-09-30T13:04:07.913Z"}
{"level":"info","message":"User wira left room 1ea819dd-1822-49fd-948f-09c290a831fd. Total users: 1","timestamp":"2024-09-30T13:04:07.914Z"}
{"level":"info","message":"New connection: a_2jLNMSB9HzH2rmAAH-","timestamp":"2024-09-30T13:04:07.961Z"}
{"level":"info","message":"User wira joined room 1ea819dd-1822-49fd-948f-09c290a831fd. Total users: 2","timestamp":"2024-09-30T13:04:07.962Z"}
{"level":"info","message":"User wira left room 1ea819dd-1822-49fd-948f-09c290a831fd. Total users: 1","timestamp":"2024-09-30T13:04:07.963Z"}
{"level":"info","message":"User wira joined room 1ea819dd-1822-49fd-948f-09c290a831fd. Total users: 2","timestamp":"2024-09-30T13:04:07.963Z"}
{"level":"info","message":"User wira left room 1ea819dd-1822-49fd-948f-09c290a831fd. Total users: 1","timestamp":"2024-09-30T13:04:07.964Z"}
{"level":"info","message":"New connection: yDRSGYXHVSrPRB6GAAH_","timestamp":"2024-09-30T13:04:07.965Z"}
{"level":"info","message":"User wira joined room 1ea819dd-1822-49fd-948f-09c290a831fd. Total users: 2","timestamp":"2024-09-30T13:04:07.968Z"}
{"level":"info","message":"User wira joined room 1ea819dd-1822-49fd-948f-09c290a831fd. Total users: 2","timestamp":"2024-09-30T13:04:07.969Z"}
{"level":"info","message":"User wira left room 1ea819dd-1822-49fd-948f-09c290a831fd. Total users: 1","timestamp":"2024-09-30T13:04:07.970Z"}
{"level":"info","message":"User aliftan joined room 1ea819dd-1822-49fd-948f-09c290a831fd. Total users: 1","timestamp":"2024-09-30T13:04:07.971Z"}
{"level":"info","message":"New connection: tazhjYcTF9Y7ZAc6AAIB","timestamp":"2024-09-30T13:04:07.979Z"}
{"level":"info","message":"User wira joined room 1ea819dd-1822-49fd-948f-09c290a831fd. Total users: 2","timestamp":"2024-09-30T13:04:07.980Z"}
{"level":"info","message":"User wira left room 1ea819dd-1822-49fd-948f-09c290a831fd. Total users: 1","timestamp":"2024-09-30T13:04:07.981Z"}
{"level":"info","message":"User wira joined room 1ea819dd-1822-49fd-948f-09c290a831fd. Total users: 2","timestamp":"2024-09-30T13:04:07.982Z"}
{"level":"info","message":"User wira left room 1ea819dd-1822-49fd-948f-09c290a831fd. Total users: 1","timestamp":"2024-09-30T13:04:07.983Z"}
{"level":"info","message":"New connection: 7qJTqAt9CwjCVP2jAAID","timestamp":"2024-09-30T13:04:07.988Z"}
{"level":"info","message":"User wira joined room 1ea819dd-1822-49fd-948f-09c290a831fd. Total users: 2","timestamp":"2024-09-30T13:04:07.989Z"}
{"level":"info","message":"User wira left room 1ea819dd-1822-49fd-948f-09c290a831fd. Total users: 1","timestamp":"2024-09-30T13:04:07.990Z"}
{"level":"info","message":"User wira joined room 1ea819dd-1822-49fd-948f-09c290a831fd. Total users: 2","timestamp":"2024-09-30T13:04:07.990Z"}
{"level":"info","message":"User wira left room 1ea819dd-1822-49fd-948f-09c290a831fd. Total users: 1","timestamp":"2024-09-30T13:04:07.991Z"}
{"level":"info","message":"New connection: T2wcEd4UiSs7ZdOEAAIF","timestamp":"2024-09-30T13:04:08.000Z"}
{"level":"info","message":"User wira joined room 1ea819dd-1822-49fd-948f-09c290a831fd. Total users: 2","timestamp":"2024-09-30T13:04:08.001Z"}
{"level":"info","message":"User wira left room 1ea819dd-1822-49fd-948f-09c290a831fd. Total users: 1","timestamp":"2024-09-30T13:04:08.001Z"}
{"level":"info","message":"User wira joined room 1ea819dd-1822-49fd-948f-09c290a831fd. Total users: 2","timestamp":"2024-09-30T13:04:08.002Z"}
{"level":"info","message":"User wira left room 1ea819dd-1822-49fd-948f-09c290a831fd. Total users: 1","timestamp":"2024-09-30T13:04:08.002Z"}
{"level":"info","message":"New connection: VWv0VzC2rET1nz_0AAII","timestamp":"2024-09-30T13:04:08.030Z"}
{"level":"info","message":"New connection: KhDynkqs7RDkwVckAAIJ","timestamp":"2024-09-30T13:04:08.031Z"}
{"level":"info","message":"User wira joined room 1ea819dd-1822-49fd-948f-09c290a831fd. Total users: 2","timestamp":"2024-09-30T13:04:08.032Z"}
{"level":"info","message":"User wira joined room 1ea819dd-1822-49fd-948f-09c290a831fd. Total users: 2","timestamp":"2024-09-30T13:04:08.032Z"}
{"level":"info","message":"User wira joined room 1ea819dd-1822-49fd-948f-09c290a831fd. Total users: 2","timestamp":"2024-09-30T13:04:08.033Z"}
{"level":"info","message":"User wira joined room 1ea819dd-1822-49fd-948f-09c290a831fd. Total users: 3","timestamp":"2024-09-30T13:04:08.033Z"}
{"level":"info","message":"User wira left room 1ea819dd-1822-49fd-948f-09c290a831fd. Total users: 2","timestamp":"2024-09-30T13:04:08.034Z"}
{"level":"info","message":"User wira joined room 1ea819dd-1822-49fd-948f-09c290a831fd. Total users: 3","timestamp":"2024-09-30T13:04:08.034Z"}
{"level":"info","message":"User wira left room 1ea819dd-1822-49fd-948f-09c290a831fd. Total users: 2","timestamp":"2024-09-30T13:04:08.035Z"}
{"level":"info","message":"User wira joined room 1ea819dd-1822-49fd-948f-09c290a831fd. Total users: 2","timestamp":"2024-09-30T13:04:08.036Z"}
{"level":"info","message":"User wira joined room 1ea819dd-1822-49fd-948f-09c290a831fd. Total users: 2","timestamp":"2024-09-30T13:04:10.091Z"}
{"level":"info","message":"User aliftan left room 1ea819dd-1822-49fd-948f-09c290a831fd. Total users: 1","timestamp":"2024-09-30T13:04:16.940Z"}
{"level":"info","message":"New connection: rf8MdVEPWbMtBPKqAAIL","timestamp":"2024-09-30T13:04:17.717Z"}
{"level":"info","message":"New connection: qSBNs1ppGziY_WtfAAIN","timestamp":"2024-09-30T13:04:17.742Z"}
{"level":"info","message":"User aliftan joined room 1ea819dd-1822-49fd-948f-09c290a831fd. Total users: 2","timestamp":"2024-09-30T13:04:17.743Z"}
{"level":"info","message":"User aliftan left room 1ea819dd-1822-49fd-948f-09c290a831fd. Total users: 1","timestamp":"2024-09-30T13:04:17.744Z"}
{"level":"info","message":"User aliftan joined room 1ea819dd-1822-49fd-948f-09c290a831fd. Total users: 2","timestamp":"2024-09-30T13:04:17.744Z"}
{"level":"info","message":"User aliftan left room 1ea819dd-1822-49fd-948f-09c290a831fd. Total users: 1","timestamp":"2024-09-30T13:04:17.745Z"}
{"level":"info","message":"New connection: kGESzVX89eNYVBxdAAIP","timestamp":"2024-09-30T13:04:17.758Z"}
{"level":"info","message":"User aliftan joined room 1ea819dd-1822-49fd-948f-09c290a831fd. Total users: 2","timestamp":"2024-09-30T13:04:17.758Z"}
{"level":"info","message":"User aliftan left room 1ea819dd-1822-49fd-948f-09c290a831fd. Total users: 1","timestamp":"2024-09-30T13:04:17.759Z"}
{"level":"info","message":"User aliftan joined room 1ea819dd-1822-49fd-948f-09c290a831fd. Total users: 2","timestamp":"2024-09-30T13:04:17.760Z"}
{"level":"info","message":"User aliftan left room 1ea819dd-1822-49fd-948f-09c290a831fd. Total users: 1","timestamp":"2024-09-30T13:04:17.762Z"}
{"level":"info","message":"New connection: GCD10EUWuC3XRyDVAAIR","timestamp":"2024-09-30T13:04:17.774Z"}
{"level":"info","message":"User aliftan joined room 1ea819dd-1822-49fd-948f-09c290a831fd. Total users: 2","timestamp":"2024-09-30T13:04:17.777Z"}
{"level":"info","message":"User aliftan left room 1ea819dd-1822-49fd-948f-09c290a831fd. Total users: 1","timestamp":"2024-09-30T13:04:17.778Z"}
{"level":"info","message":"User aliftan joined room 1ea819dd-1822-49fd-948f-09c290a831fd. Total users: 2","timestamp":"2024-09-30T13:04:17.779Z"}
{"level":"info","message":"User aliftan left room 1ea819dd-1822-49fd-948f-09c290a831fd. Total users: 1","timestamp":"2024-09-30T13:04:17.781Z"}
{"level":"info","message":"New connection: fAxdRVgiSFqz03H-AAIT","timestamp":"2024-09-30T13:04:17.788Z"}
{"level":"info","message":"User aliftan joined room 1ea819dd-1822-49fd-948f-09c290a831fd. Total users: 2","timestamp":"2024-09-30T13:04:17.790Z"}
{"level":"info","message":"User aliftan left room 1ea819dd-1822-49fd-948f-09c290a831fd. Total users: 1","timestamp":"2024-09-30T13:04:17.791Z"}
{"level":"info","message":"User aliftan joined room 1ea819dd-1822-49fd-948f-09c290a831fd. Total users: 2","timestamp":"2024-09-30T13:04:17.791Z"}
{"level":"info","message":"User aliftan left room 1ea819dd-1822-49fd-948f-09c290a831fd. Total users: 1","timestamp":"2024-09-30T13:04:17.792Z"}
{"level":"info","message":"New connection: z_lXeWAzkpXhQG4GAAIV","timestamp":"2024-09-30T13:04:17.801Z"}
{"level":"info","message":"User aliftan joined room 1ea819dd-1822-49fd-948f-09c290a831fd. Total users: 2","timestamp":"2024-09-30T13:04:17.801Z"}
{"level":"info","message":"User aliftan left room 1ea819dd-1822-49fd-948f-09c290a831fd. Total users: 1","timestamp":"2024-09-30T13:04:17.802Z"}
{"level":"info","message":"User aliftan joined room 1ea819dd-1822-49fd-948f-09c290a831fd. Total users: 2","timestamp":"2024-09-30T13:04:17.803Z"}
{"level":"info","message":"User aliftan left room 1ea819dd-1822-49fd-948f-09c290a831fd. Total users: 1","timestamp":"2024-09-30T13:04:17.806Z"}
{"level":"info","message":"New connection: k4SDEK3oT0giYOJ5AAIX","timestamp":"2024-09-30T13:04:17.817Z"}
{"level":"info","message":"User aliftan joined room 1ea819dd-1822-49fd-948f-09c290a831fd. Total users: 2","timestamp":"2024-09-30T13:04:17.819Z"}
{"level":"info","message":"User aliftan left room 1ea819dd-1822-49fd-948f-09c290a831fd. Total users: 1","timestamp":"2024-09-30T13:04:17.820Z"}
{"level":"info","message":"User aliftan joined room 1ea819dd-1822-49fd-948f-09c290a831fd. Total users: 2","timestamp":"2024-09-30T13:04:17.821Z"}
{"level":"info","message":"User aliftan left room 1ea819dd-1822-49fd-948f-09c290a831fd. Total users: 1","timestamp":"2024-09-30T13:04:17.824Z"}
{"level":"info","message":"New connection: J2442tW3lIub5gCWAAIZ","timestamp":"2024-09-30T13:04:17.834Z"}
{"level":"info","message":"User aliftan joined room 1ea819dd-1822-49fd-948f-09c290a831fd. Total users: 2","timestamp":"2024-09-30T13:04:17.835Z"}
{"level":"info","message":"User aliftan left room 1ea819dd-1822-49fd-948f-09c290a831fd. Total users: 1","timestamp":"2024-09-30T13:04:17.837Z"}
{"level":"info","message":"User aliftan joined room 1ea819dd-1822-49fd-948f-09c290a831fd. Total users: 2","timestamp":"2024-09-30T13:04:17.838Z"}
{"level":"info","message":"User aliftan left room 1ea819dd-1822-49fd-948f-09c290a831fd. Total users: 1","timestamp":"2024-09-30T13:04:17.839Z"}
{"level":"info","message":"New connection: pI4Ibd6oYbHlrVvVAAIb","timestamp":"2024-09-30T13:04:17.853Z"}
{"level":"info","message":"User aliftan joined room 1ea819dd-1822-49fd-948f-09c290a831fd. Total users: 2","timestamp":"2024-09-30T13:04:17.856Z"}
{"level":"info","message":"User aliftan left room 1ea819dd-1822-49fd-948f-09c290a831fd. Total users: 1","timestamp":"2024-09-30T13:04:17.857Z"}
{"level":"info","message":"User aliftan joined room 1ea819dd-1822-49fd-948f-09c290a831fd. Total users: 2","timestamp":"2024-09-30T13:04:17.858Z"}
{"level":"info","message":"User aliftan left room 1ea819dd-1822-49fd-948f-09c290a831fd. Total users: 1","timestamp":"2024-09-30T13:04:17.859Z"}
{"level":"info","message":"New connection: dj54CHq3DW2Txgu-AAIe","timestamp":"2024-09-30T13:04:17.885Z"}
{"level":"info","message":"User aliftan joined room 1ea819dd-1822-49fd-948f-09c290a831fd. Total users: 2","timestamp":"2024-09-30T13:04:17.888Z"}
{"level":"info","message":"User aliftan left room 1ea819dd-1822-49fd-948f-09c290a831fd. Total users: 1","timestamp":"2024-09-30T13:04:17.889Z"}
{"level":"info","message":"User aliftan joined room 1ea819dd-1822-49fd-948f-09c290a831fd. Total users: 2","timestamp":"2024-09-30T13:04:17.890Z"}
{"level":"info","message":"New connection: mBn09KVAlFyo--NnAAIf","timestamp":"2024-09-30T13:04:17.891Z"}
{"level":"info","message":"User aliftan left room 1ea819dd-1822-49fd-948f-09c290a831fd. Total users: 1","timestamp":"2024-09-30T13:04:17.893Z"}
{"level":"info","message":"User aliftan joined room 1ea819dd-1822-49fd-948f-09c290a831fd. Total users: 2","timestamp":"2024-09-30T13:04:17.900Z"}
{"level":"info","message":"User aliftan joined room 1ea819dd-1822-49fd-948f-09c290a831fd. Total users: 2","timestamp":"2024-09-30T13:04:17.901Z"}
{"level":"info","message":"User aliftan left room 1ea819dd-1822-49fd-948f-09c290a831fd. Total users: 1","timestamp":"2024-09-30T13:04:17.905Z"}
{"level":"info","message":"New connection: rOsXgGV4CVWXqrW8AAIi","timestamp":"2024-09-30T13:04:17.918Z"}
{"level":"info","message":"User aliftan joined room 1ea819dd-1822-49fd-948f-09c290a831fd. Total users: 2","timestamp":"2024-09-30T13:04:17.919Z"}
{"level":"info","message":"User aliftan left room 1ea819dd-1822-49fd-948f-09c290a831fd. Total users: 1","timestamp":"2024-09-30T13:04:17.920Z"}
{"level":"info","message":"User aliftan joined room 1ea819dd-1822-49fd-948f-09c290a831fd. Total users: 2","timestamp":"2024-09-30T13:04:17.921Z"}
{"level":"info","message":"User aliftan left room 1ea819dd-1822-49fd-948f-09c290a831fd. Total users: 1","timestamp":"2024-09-30T13:04:17.922Z"}
{"level":"info","message":"New connection: l_BQfDrJp1OiHzQ-AAIj","timestamp":"2024-09-30T13:04:17.925Z"}
{"level":"info","message":"User aliftan joined room 1ea819dd-1822-49fd-948f-09c290a831fd. Total users: 2","timestamp":"2024-09-30T13:04:17.939Z"}
{"level":"info","message":"User aliftan joined room 1ea819dd-1822-49fd-948f-09c290a831fd. Total users: 2","timestamp":"2024-09-30T13:04:17.953Z"}
{"level":"info","message":"User aliftan left room 1ea819dd-1822-49fd-948f-09c290a831fd. Total users: 1","timestamp":"2024-09-30T13:04:17.953Z"}
{"level":"info","message":"New connection: ItQ-tI_1X-kls_K0AAIl","timestamp":"2024-09-30T13:04:17.956Z"}
{"level":"info","message":"User aliftan joined room 1ea819dd-1822-49fd-948f-09c290a831fd. Total users: 2","timestamp":"2024-09-30T13:04:17.963Z"}
{"level":"info","message":"User aliftan left room 1ea819dd-1822-49fd-948f-09c290a831fd. Total users: 1","timestamp":"2024-09-30T13:04:17.964Z"}
{"level":"info","message":"User aliftan joined room 1ea819dd-1822-49fd-948f-09c290a831fd. Total users: 2","timestamp":"2024-09-30T13:04:17.964Z"}
{"level":"info","message":"User aliftan left room 1ea819dd-1822-49fd-948f-09c290a831fd. Total users: 1","timestamp":"2024-09-30T13:04:17.965Z"}
{"level":"info","message":"New connection: cut0lv2Bq-9WCy1FAAIn","timestamp":"2024-09-30T13:04:17.972Z"}
{"level":"info","message":"User aliftan joined room 1ea819dd-1822-49fd-948f-09c290a831fd. Total users: 2","timestamp":"2024-09-30T13:04:17.972Z"}
{"level":"info","message":"User aliftan left room 1ea819dd-1822-49fd-948f-09c290a831fd. Total users: 1","timestamp":"2024-09-30T13:04:17.973Z"}
{"level":"info","message":"User aliftan joined room 1ea819dd-1822-49fd-948f-09c290a831fd. Total users: 2","timestamp":"2024-09-30T13:04:17.974Z"}
{"level":"info","message":"User aliftan left room 1ea819dd-1822-49fd-948f-09c290a831fd. Total users: 1","timestamp":"2024-09-30T13:04:17.976Z"}
{"level":"info","message":"New connection: 1EQ7pAWuO93LBRC_AAIp","timestamp":"2024-09-30T13:04:17.992Z"}
{"level":"info","message":"User aliftan joined room 1ea819dd-1822-49fd-948f-09c290a831fd. Total users: 2","timestamp":"2024-09-30T13:04:17.993Z"}
{"level":"info","message":"User aliftan left room 1ea819dd-1822-49fd-948f-09c290a831fd. Total users: 1","timestamp":"2024-09-30T13:04:17.995Z"}
{"level":"info","message":"User aliftan joined room 1ea819dd-1822-49fd-948f-09c290a831fd. Total users: 2","timestamp":"2024-09-30T13:04:17.995Z"}
{"level":"info","message":"User aliftan left room 1ea819dd-1822-49fd-948f-09c290a831fd. Total users: 1","timestamp":"2024-09-30T13:04:17.999Z"}
{"level":"info","message":"New connection: WpNqps1EcmGcv_YZAAIr","timestamp":"2024-09-30T13:04:18.009Z"}
{"level":"info","message":"User aliftan joined room 1ea819dd-1822-49fd-948f-09c290a831fd. Total users: 2","timestamp":"2024-09-30T13:04:18.009Z"}
{"level":"info","message":"User aliftan left room 1ea819dd-1822-49fd-948f-09c290a831fd. Total users: 1","timestamp":"2024-09-30T13:04:18.010Z"}
{"level":"info","message":"User aliftan joined room 1ea819dd-1822-49fd-948f-09c290a831fd. Total users: 2","timestamp":"2024-09-30T13:04:18.011Z"}
{"level":"info","message":"User aliftan left room 1ea819dd-1822-49fd-948f-09c290a831fd. Total users: 1","timestamp":"2024-09-30T13:04:18.013Z"}
{"level":"info","message":"New connection: c_iyxFPnhvPqWqY4AAIt","timestamp":"2024-09-30T13:04:18.023Z"}
{"level":"info","message":"User aliftan joined room 1ea819dd-1822-49fd-948f-09c290a831fd. Total users: 2","timestamp":"2024-09-30T13:04:18.023Z"}
{"level":"info","message":"User aliftan left room 1ea819dd-1822-49fd-948f-09c290a831fd. Total users: 1","timestamp":"2024-09-30T13:04:18.025Z"}
{"level":"info","message":"User aliftan joined room 1ea819dd-1822-49fd-948f-09c290a831fd. Total users: 2","timestamp":"2024-09-30T13:04:18.025Z"}
{"level":"info","message":"User aliftan left room 1ea819dd-1822-49fd-948f-09c290a831fd. Total users: 1","timestamp":"2024-09-30T13:04:18.028Z"}
{"level":"info","message":"New connection: F0zlzSdZFokmNuR1AAIw","timestamp":"2024-09-30T13:04:18.053Z"}
{"level":"info","message":"User aliftan joined room 1ea819dd-1822-49fd-948f-09c290a831fd. Total users: 2","timestamp":"2024-09-30T13:04:18.054Z"}
{"level":"info","message":"User aliftan left room 1ea819dd-1822-49fd-948f-09c290a831fd. Total users: 1","timestamp":"2024-09-30T13:04:18.054Z"}
{"level":"info","message":"User aliftan joined room 1ea819dd-1822-49fd-948f-09c290a831fd. Total users: 2","timestamp":"2024-09-30T13:04:18.055Z"}
{"level":"info","message":"New connection: vWypTX4lyBMTM1EmAAIx","timestamp":"2024-09-30T13:04:18.056Z"}
{"level":"info","message":"User aliftan left room 1ea819dd-1822-49fd-948f-09c290a831fd. Total users: 1","timestamp":"2024-09-30T13:04:18.056Z"}
{"level":"info","message":"User aliftan joined room 1ea819dd-1822-49fd-948f-09c290a831fd. Total users: 2","timestamp":"2024-09-30T13:04:18.062Z"}
{"level":"info","message":"User aliftan joined room 1ea819dd-1822-49fd-948f-09c290a831fd. Total users: 2","timestamp":"2024-09-30T13:04:18.063Z"}
{"level":"info","message":"User aliftan left room 1ea819dd-1822-49fd-948f-09c290a831fd. Total users: 1","timestamp":"2024-09-30T13:04:18.064Z"}
{"level":"info","message":"New connection: _zzoEqandgJbO1G_AAI0","timestamp":"2024-09-30T13:04:18.075Z"}
{"level":"info","message":"User aliftan joined room 1ea819dd-1822-49fd-948f-09c290a831fd. Total users: 2","timestamp":"2024-09-30T13:04:18.076Z"}
{"level":"info","message":"User aliftan left room 1ea819dd-1822-49fd-948f-09c290a831fd. Total users: 1","timestamp":"2024-09-30T13:04:18.077Z"}
{"level":"info","message":"User aliftan joined room 1ea819dd-1822-49fd-948f-09c290a831fd. Total users: 2","timestamp":"2024-09-30T13:04:18.078Z"}
{"level":"info","message":"New connection: HqsnnSgv2jK63jM3AAI1","timestamp":"2024-09-30T13:04:18.079Z"}
{"level":"info","message":"User aliftan left room 1ea819dd-1822-49fd-948f-09c290a831fd. Total users: 1","timestamp":"2024-09-30T13:04:18.080Z"}
{"level":"info","message":"User aliftan joined room 1ea819dd-1822-49fd-948f-09c290a831fd. Total users: 2","timestamp":"2024-09-30T13:04:18.085Z"}
{"level":"info","message":"User aliftan joined room 1ea819dd-1822-49fd-948f-09c290a831fd. Total users: 2","timestamp":"2024-09-30T13:04:18.086Z"}
{"level":"info","message":"User aliftan left room 1ea819dd-1822-49fd-948f-09c290a831fd. Total users: 1","timestamp":"2024-09-30T13:04:18.089Z"}
{"level":"info","message":"New connection: dPYLt7Q7WXy74sPGAAI4","timestamp":"2024-09-30T13:04:18.102Z"}
{"level":"info","message":"User aliftan joined room 1ea819dd-1822-49fd-948f-09c290a831fd. Total users: 2","timestamp":"2024-09-30T13:04:18.104Z"}
{"level":"info","message":"User aliftan left room 1ea819dd-1822-49fd-948f-09c290a831fd. Total users: 1","timestamp":"2024-09-30T13:04:18.105Z"}
{"level":"info","message":"User aliftan joined room 1ea819dd-1822-49fd-948f-09c290a831fd. Total users: 2","timestamp":"2024-09-30T13:04:18.106Z"}
{"level":"info","message":"New connection: 3BykZhLb4-RALC2sAAI5","timestamp":"2024-09-30T13:04:18.107Z"}
{"level":"info","message":"User aliftan left room 1ea819dd-1822-49fd-948f-09c290a831fd. Total users: 1","timestamp":"2024-09-30T13:04:18.108Z"}
{"level":"info","message":"User aliftan joined room 1ea819dd-1822-49fd-948f-09c290a831fd. Total users: 2","timestamp":"2024-09-30T13:04:18.115Z"}
{"level":"info","message":"User aliftan joined room 1ea819dd-1822-49fd-948f-09c290a831fd. Total users: 2","timestamp":"2024-09-30T13:04:18.116Z"}
{"level":"info","message":"User aliftan left room 1ea819dd-1822-49fd-948f-09c290a831fd. Total users: 1","timestamp":"2024-09-30T13:04:18.143Z"}
{"level":"info","message":"New connection: YkbFYG-QvN1KNIH1AAI8","timestamp":"2024-09-30T13:04:18.152Z"}
{"level":"info","message":"User aliftan joined room 1ea819dd-1822-49fd-948f-09c290a831fd. Total users: 2","timestamp":"2024-09-30T13:04:18.153Z"}
{"level":"info","message":"User aliftan left room 1ea819dd-1822-49fd-948f-09c290a831fd. Total users: 1","timestamp":"2024-09-30T13:04:18.153Z"}
{"level":"info","message":"User aliftan joined room 1ea819dd-1822-49fd-948f-09c290a831fd. Total users: 2","timestamp":"2024-09-30T13:04:18.154Z"}
{"level":"info","message":"User aliftan left room 1ea819dd-1822-49fd-948f-09c290a831fd. Total users: 1","timestamp":"2024-09-30T13:04:18.155Z"}
{"level":"info","message":"New connection: co32rEdLz_g_dY1xAAI9","timestamp":"2024-09-30T13:04:18.156Z"}
{"level":"info","message":"User aliftan joined room 1ea819dd-1822-49fd-948f-09c290a831fd. Total users: 2","timestamp":"2024-09-30T13:04:18.159Z"}
{"level":"info","message":"User aliftan joined room 1ea819dd-1822-49fd-948f-09c290a831fd. Total users: 2","timestamp":"2024-09-30T13:04:18.160Z"}
{"level":"info","message":"User aliftan left room 1ea819dd-1822-49fd-948f-09c290a831fd. Total users: 1","timestamp":"2024-09-30T13:04:18.163Z"}
{"level":"info","message":"New connection: wMfbypmIm7ClKJe-AAI_","timestamp":"2024-09-30T13:04:18.168Z"}
{"level":"info","message":"User aliftan joined room 1ea819dd-1822-49fd-948f-09c290a831fd. Total users: 2","timestamp":"2024-09-30T13:04:18.169Z"}
{"level":"info","message":"User aliftan left room 1ea819dd-1822-49fd-948f-09c290a831fd. Total users: 1","timestamp":"2024-09-30T13:04:18.169Z"}
{"level":"info","message":"User aliftan joined room 1ea819dd-1822-49fd-948f-09c290a831fd. Total users: 2","timestamp":"2024-09-30T13:04:18.170Z"}
{"level":"info","message":"User aliftan left room 1ea819dd-1822-49fd-948f-09c290a831fd. Total users: 1","timestamp":"2024-09-30T13:04:18.171Z"}
{"level":"info","message":"New connection: 9_9sjQ-EZwu716FkAAJB","timestamp":"2024-09-30T13:04:18.182Z"}
{"level":"info","message":"User aliftan joined room 1ea819dd-1822-49fd-948f-09c290a831fd. Total users: 2","timestamp":"2024-09-30T13:04:18.182Z"}
{"level":"info","message":"User aliftan left room 1ea819dd-1822-49fd-948f-09c290a831fd. Total users: 1","timestamp":"2024-09-30T13:04:18.184Z"}
{"level":"info","message":"User aliftan joined room 1ea819dd-1822-49fd-948f-09c290a831fd. Total users: 2","timestamp":"2024-09-30T13:04:18.184Z"}
{"level":"info","message":"User aliftan left room 1ea819dd-1822-49fd-948f-09c290a831fd. Total users: 1","timestamp":"2024-09-30T13:04:18.189Z"}
{"level":"info","message":"New connection: 873Da0SEGCZXlhzjAAJD","timestamp":"2024-09-30T13:04:18.196Z"}
{"level":"info","message":"User aliftan joined room 1ea819dd-1822-49fd-948f-09c290a831fd. Total users: 2","timestamp":"2024-09-30T13:04:18.197Z"}
{"level":"info","message":"User aliftan left room 1ea819dd-1822-49fd-948f-09c290a831fd. Total users: 1","timestamp":"2024-09-30T13:04:18.198Z"}
{"level":"info","message":"User aliftan joined room 1ea819dd-1822-49fd-948f-09c290a831fd. Total users: 2","timestamp":"2024-09-30T13:04:18.198Z"}
{"level":"info","message":"User aliftan left room 1ea819dd-1822-49fd-948f-09c290a831fd. Total users: 1","timestamp":"2024-09-30T13:04:18.201Z"}
{"level":"info","message":"New connection: 5H0kjpk9wmbq7VHbAAJG","timestamp":"2024-09-30T13:04:18.220Z"}
{"level":"info","message":"User aliftan joined room 1ea819dd-1822-49fd-948f-09c290a831fd. Total users: 2","timestamp":"2024-09-30T13:04:18.221Z"}
{"level":"info","message":"User aliftan left room 1ea819dd-1822-49fd-948f-09c290a831fd. Total users: 1","timestamp":"2024-09-30T13:04:18.221Z"}
{"level":"info","message":"User aliftan joined room 1ea819dd-1822-49fd-948f-09c290a831fd. Total users: 2","timestamp":"2024-09-30T13:04:18.222Z"}
{"level":"info","message":"User aliftan left room 1ea819dd-1822-49fd-948f-09c290a831fd. Total users: 1","timestamp":"2024-09-30T13:04:18.223Z"}
{"level":"info","message":"New connection: YEqR36MWJvckA-vgAAJH","timestamp":"2024-09-30T13:04:18.224Z"}
{"level":"info","message":"User aliftan joined room 1ea819dd-1822-49fd-948f-09c290a831fd. Total users: 2","timestamp":"2024-09-30T13:04:18.227Z"}
{"level":"info","message":"User aliftan joined room 1ea819dd-1822-49fd-948f-09c290a831fd. Total users: 2","timestamp":"2024-09-30T13:04:18.228Z"}
{"level":"info","message":"User aliftan left room 1ea819dd-1822-49fd-948f-09c290a831fd. Total users: 1","timestamp":"2024-09-30T13:04:18.230Z"}
{"level":"info","message":"New connection: 9WYpYVrfEDcSCtYmAAJJ","timestamp":"2024-09-30T13:04:18.238Z"}
{"level":"info","message":"User aliftan joined room 1ea819dd-1822-49fd-948f-09c290a831fd. Total users: 2","timestamp":"2024-09-30T13:04:18.239Z"}
{"level":"info","message":"User aliftan left room 1ea819dd-1822-49fd-948f-09c290a831fd. Total users: 1","timestamp":"2024-09-30T13:04:18.240Z"}
{"level":"info","message":"User aliftan joined room 1ea819dd-1822-49fd-948f-09c290a831fd. Total users: 2","timestamp":"2024-09-30T13:04:18.240Z"}
{"level":"info","message":"User aliftan left room 1ea819dd-1822-49fd-948f-09c290a831fd. Total users: 1","timestamp":"2024-09-30T13:04:18.243Z"}
{"level":"info","message":"New connection: 8XMYBn1rWEnviz7VAAJM","timestamp":"2024-09-30T13:04:18.278Z"}
{"level":"info","message":"New connection: 0U5PFctKGWGyTCW3AAJN","timestamp":"2024-09-30T13:04:18.279Z"}
{"level":"info","message":"User aliftan joined room 1ea819dd-1822-49fd-948f-09c290a831fd. Total users: 2","timestamp":"2024-09-30T13:04:18.279Z"}
{"level":"info","message":"User aliftan left room 1ea819dd-1822-49fd-948f-09c290a831fd. Total users: 1","timestamp":"2024-09-30T13:04:18.280Z"}
{"level":"info","message":"User aliftan joined room 1ea819dd-1822-49fd-948f-09c290a831fd. Total users: 2","timestamp":"2024-09-30T13:04:18.280Z"}
{"level":"info","message":"User aliftan joined room 1ea819dd-1822-49fd-948f-09c290a831fd. Total users: 3","timestamp":"2024-09-30T13:04:18.282Z"}
{"level":"info","message":"User aliftan joined room 1ea819dd-1822-49fd-948f-09c290a831fd. Total users: 3","timestamp":"2024-09-30T13:04:18.282Z"}
{"level":"info","message":"User aliftan joined room 1ea819dd-1822-49fd-948f-09c290a831fd. Total users: 3","timestamp":"2024-09-30T13:04:18.283Z"}
{"level":"info","message":"User aliftan left room 1ea819dd-1822-49fd-948f-09c290a831fd. Total users: 2","timestamp":"2024-09-30T13:04:18.284Z"}
{"level":"info","message":"User aliftan joined room 1ea819dd-1822-49fd-948f-09c290a831fd. Total users: 2","timestamp":"2024-09-30T13:04:18.285Z"}
{"level":"info","message":"User aliftan joined room 1ea819dd-1822-49fd-948f-09c290a831fd. Total users: 2","timestamp":"2024-09-30T13:04:18.842Z"}
{"level":"info","message":"User aliftan left room 1ea819dd-1822-49fd-948f-09c290a831fd. Total users: 1","timestamp":"2024-09-30T13:05:10.177Z"}
{"level":"info","message":"User aliftan joined room 1ea819dd-1822-49fd-948f-09c290a831fd. Total users: 2","timestamp":"2024-09-30T13:05:10.178Z"}
{"level":"info","message":"User wira left room 1ea819dd-1822-49fd-948f-09c290a831fd. Total users: 1","timestamp":"2024-09-30T13:05:10.181Z"}
{"level":"info","message":"User wira joined room 1ea819dd-1822-49fd-948f-09c290a831fd. Total users: 2","timestamp":"2024-09-30T13:05:10.188Z"}
{"level":"info","message":"User wira left room 1ea819dd-1822-49fd-948f-09c290a831fd. Total users: 1","timestamp":"2024-09-30T13:05:11.142Z"}
{"level":"info","message":"User aliftan left room 1ea819dd-1822-49fd-948f-09c290a831fd. Total users: 0","timestamp":"2024-09-30T13:05:11.143Z"}
{"level":"info","message":"Room 1ea819dd-1822-49fd-948f-09c290a831fd deleted as it's empty","timestamp":"2024-09-30T13:05:11.144Z"}
{"level":"info","message":"User wira joined room 1ea819dd-1822-49fd-948f-09c290a831fd. Total users: 1","timestamp":"2024-09-30T13:05:11.195Z"}
{"level":"info","message":"User aliftan joined room 1ea819dd-1822-49fd-948f-09c290a831fd. Total users: 2","timestamp":"2024-09-30T13:05:11.196Z"}
{"level":"info","message":"User wira left room 1ea819dd-1822-49fd-948f-09c290a831fd. Total users: 1","timestamp":"2024-09-30T13:05:28.663Z"}
{"level":"info","message":"User aliftan left room 1ea819dd-1822-49fd-948f-09c290a831fd. Total users: 0","timestamp":"2024-09-30T13:05:28.770Z"}
{"level":"info","message":"Room 1ea819dd-1822-49fd-948f-09c290a831fd deleted as it's empty","timestamp":"2024-09-30T13:05:28.771Z"}
{"level":"info","message":"User aliftan joined room 1ea819dd-1822-49fd-948f-09c290a831fd. Total users: 1","timestamp":"2024-09-30T13:05:28.771Z"}
{"level":"info","message":"User wira joined room 1ea819dd-1822-49fd-948f-09c290a831fd. Total users: 2","timestamp":"2024-09-30T13:05:28.773Z"}
{"level":"info","message":"User wira left room 1ea819dd-1822-49fd-948f-09c290a831fd. Total users: 1","timestamp":"2024-09-30T13:06:58.552Z"}
{"level":"info","message":"New connection: jtwKv24h_BMR1UHmAAJP","timestamp":"2024-09-30T13:06:59.194Z"}
{"level":"info","message":"New connection: GSUGQTYkI02NUaQqAAJR","timestamp":"2024-09-30T13:06:59.232Z"}
{"level":"info","message":"User wira joined room 1ea819dd-1822-49fd-948f-09c290a831fd. Total users: 2","timestamp":"2024-09-30T13:06:59.235Z"}
{"level":"info","message":"User wira left room 1ea819dd-1822-49fd-948f-09c290a831fd. Total users: 1","timestamp":"2024-09-30T13:06:59.236Z"}
{"level":"info","message":"User wira joined room 1ea819dd-1822-49fd-948f-09c290a831fd. Total users: 2","timestamp":"2024-09-30T13:06:59.236Z"}
{"level":"info","message":"User wira left room 1ea819dd-1822-49fd-948f-09c290a831fd. Total users: 1","timestamp":"2024-09-30T13:06:59.239Z"}
{"level":"info","message":"New connection: Z2f6ttVPw0pTI-phAAJU","timestamp":"2024-09-30T13:06:59.255Z"}
{"level":"info","message":"User wira joined room 1ea819dd-1822-49fd-948f-09c290a831fd. Total users: 2","timestamp":"2024-09-30T13:06:59.261Z"}
{"level":"info","message":"User wira left room 1ea819dd-1822-49fd-948f-09c290a831fd. Total users: 1","timestamp":"2024-09-30T13:06:59.262Z"}
{"level":"info","message":"User wira joined room 1ea819dd-1822-49fd-948f-09c290a831fd. Total users: 2","timestamp":"2024-09-30T13:06:59.263Z"}
{"level":"info","message":"User wira left room 1ea819dd-1822-49fd-948f-09c290a831fd. Total users: 1","timestamp":"2024-09-30T13:06:59.264Z"}
{"level":"info","message":"New connection: NOT2XuxcKmtJEhyLAAJV","timestamp":"2024-09-30T13:06:59.266Z"}
{"level":"info","message":"User wira joined room 1ea819dd-1822-49fd-948f-09c290a831fd. Total users: 2","timestamp":"2024-09-30T13:06:59.275Z"}
{"level":"info","message":"User wira left room 1ea819dd-1822-49fd-948f-09c290a831fd. Total users: 1","timestamp":"2024-09-30T13:06:59.277Z"}
{"level":"info","message":"User wira joined room 1ea819dd-1822-49fd-948f-09c290a831fd. Total users: 2","timestamp":"2024-09-30T13:06:59.277Z"}
{"level":"info","message":"User wira left room 1ea819dd-1822-49fd-948f-09c290a831fd. Total users: 1","timestamp":"2024-09-30T13:06:59.279Z"}
{"level":"info","message":"New connection: RMtiZPElIVuTKaI-AAJY","timestamp":"2024-09-30T13:06:59.286Z"}
{"level":"info","message":"User wira joined room 1ea819dd-1822-49fd-948f-09c290a831fd. Total users: 2","timestamp":"2024-09-30T13:06:59.289Z"}
{"level":"info","message":"User wira left room 1ea819dd-1822-49fd-948f-09c290a831fd. Total users: 1","timestamp":"2024-09-30T13:06:59.291Z"}
{"level":"info","message":"User wira joined room 1ea819dd-1822-49fd-948f-09c290a831fd. Total users: 2","timestamp":"2024-09-30T13:06:59.292Z"}
{"level":"info","message":"User wira left room 1ea819dd-1822-49fd-948f-09c290a831fd. Total users: 1","timestamp":"2024-09-30T13:06:59.293Z"}
{"level":"info","message":"New connection: oQ4gdn6xzMNHwdq3AAJZ","timestamp":"2024-09-30T13:06:59.353Z"}
{"level":"info","message":"New connection: DU5R6Nm4fTrIx6KsAAJb","timestamp":"2024-09-30T13:06:59.367Z"}
{"level":"info","message":"User wira joined room 1ea819dd-1822-49fd-948f-09c290a831fd. Total users: 2","timestamp":"2024-09-30T13:06:59.369Z"}
{"level":"info","message":"User wira left room 1ea819dd-1822-49fd-948f-09c290a831fd. Total users: 1","timestamp":"2024-09-30T13:06:59.370Z"}
{"level":"info","message":"User wira joined room 1ea819dd-1822-49fd-948f-09c290a831fd. Total users: 2","timestamp":"2024-09-30T13:06:59.371Z"}
{"level":"info","message":"User wira left room 1ea819dd-1822-49fd-948f-09c290a831fd. Total users: 1","timestamp":"2024-09-30T13:06:59.475Z"}
{"level":"info","message":"New connection: Z5M8HK4vsBpeoslWAAJd","timestamp":"2024-09-30T13:06:59.477Z"}
{"level":"info","message":"User wira joined room 1ea819dd-1822-49fd-948f-09c290a831fd. Total users: 2","timestamp":"2024-09-30T13:06:59.481Z"}
{"level":"info","message":"User wira left room 1ea819dd-1822-49fd-948f-09c290a831fd. Total users: 1","timestamp":"2024-09-30T13:06:59.482Z"}
{"level":"info","message":"User wira joined room 1ea819dd-1822-49fd-948f-09c290a831fd. Total users: 2","timestamp":"2024-09-30T13:06:59.482Z"}
{"level":"info","message":"User wira left room 1ea819dd-1822-49fd-948f-09c290a831fd. Total users: 1","timestamp":"2024-09-30T13:06:59.483Z"}
{"level":"info","message":"New connection: R27rP7pRUVufGLBpAAJf","timestamp":"2024-09-30T13:06:59.490Z"}
{"level":"info","message":"User wira joined room 1ea819dd-1822-49fd-948f-09c290a831fd. Total users: 2","timestamp":"2024-09-30T13:06:59.492Z"}
{"level":"info","message":"User wira left room 1ea819dd-1822-49fd-948f-09c290a831fd. Total users: 1","timestamp":"2024-09-30T13:06:59.493Z"}
{"level":"info","message":"User wira joined room 1ea819dd-1822-49fd-948f-09c290a831fd. Total users: 2","timestamp":"2024-09-30T13:06:59.493Z"}
{"level":"info","message":"User wira left room 1ea819dd-1822-49fd-948f-09c290a831fd. Total users: 1","timestamp":"2024-09-30T13:06:59.494Z"}
{"level":"info","message":"New connection: r9GPPjLG8ZDAFsyIAAJi","timestamp":"2024-09-30T13:06:59.550Z"}
{"level":"info","message":"User wira joined room 1ea819dd-1822-49fd-948f-09c290a831fd. Total users: 2","timestamp":"2024-09-30T13:06:59.551Z"}
{"level":"info","message":"User wira left room 1ea819dd-1822-49fd-948f-09c290a831fd. Total users: 1","timestamp":"2024-09-30T13:06:59.553Z"}
{"level":"info","message":"User wira joined room 1ea819dd-1822-49fd-948f-09c290a831fd. Total users: 2","timestamp":"2024-09-30T13:06:59.553Z"}
{"level":"info","message":"User wira left room 1ea819dd-1822-49fd-948f-09c290a831fd. Total users: 1","timestamp":"2024-09-30T13:06:59.554Z"}
{"level":"info","message":"New connection: bZ5k6HCClBn3Q7r5AAJk","timestamp":"2024-09-30T13:06:59.559Z"}
{"level":"info","message":"User wira joined room 1ea819dd-1822-49fd-948f-09c290a831fd. Total users: 2","timestamp":"2024-09-30T13:06:59.561Z"}
{"level":"info","message":"User wira left room 1ea819dd-1822-49fd-948f-09c290a831fd. Total users: 1","timestamp":"2024-09-30T13:06:59.562Z"}
{"level":"info","message":"User wira joined room 1ea819dd-1822-49fd-948f-09c290a831fd. Total users: 2","timestamp":"2024-09-30T13:06:59.563Z"}
{"level":"info","message":"User wira left room 1ea819dd-1822-49fd-948f-09c290a831fd. Total users: 1","timestamp":"2024-09-30T13:06:59.566Z"}
{"level":"info","message":"New connection: wHcRH2F1VdfmmoUAAAJl","timestamp":"2024-09-30T13:06:59.577Z"}
{"level":"info","message":"User wira joined room 1ea819dd-1822-49fd-948f-09c290a831fd. Total users: 2","timestamp":"2024-09-30T13:06:59.579Z"}
{"level":"info","message":"User wira left room 1ea819dd-1822-49fd-948f-09c290a831fd. Total users: 1","timestamp":"2024-09-30T13:06:59.580Z"}
{"level":"info","message":"User wira joined room 1ea819dd-1822-49fd-948f-09c290a831fd. Total users: 2","timestamp":"2024-09-30T13:06:59.580Z"}
{"level":"info","message":"User wira left room 1ea819dd-1822-49fd-948f-09c290a831fd. Total users: 1","timestamp":"2024-09-30T13:06:59.582Z"}
{"level":"info","message":"New connection: OPUX7izKTGIas1x1AAJn","timestamp":"2024-09-30T13:06:59.588Z"}
{"level":"info","message":"User wira joined room 1ea819dd-1822-49fd-948f-09c290a831fd. Total users: 2","timestamp":"2024-09-30T13:06:59.589Z"}
{"level":"info","message":"User wira left room 1ea819dd-1822-49fd-948f-09c290a831fd. Total users: 1","timestamp":"2024-09-30T13:06:59.590Z"}
{"level":"info","message":"User wira joined room 1ea819dd-1822-49fd-948f-09c290a831fd. Total users: 2","timestamp":"2024-09-30T13:06:59.590Z"}
{"level":"info","message":"User wira left room 1ea819dd-1822-49fd-948f-09c290a831fd. Total users: 1","timestamp":"2024-09-30T13:06:59.591Z"}
{"level":"info","message":"New connection: gGQ-Px3BdWkUpxEyAAJq","timestamp":"2024-09-30T13:06:59.620Z"}
{"level":"info","message":"User wira joined room 1ea819dd-1822-49fd-948f-09c290a831fd. Total users: 2","timestamp":"2024-09-30T13:06:59.623Z"}
{"level":"info","message":"User wira left room 1ea819dd-1822-49fd-948f-09c290a831fd. Total users: 1","timestamp":"2024-09-30T13:06:59.624Z"}
{"level":"info","message":"User wira joined room 1ea819dd-1822-49fd-948f-09c290a831fd. Total users: 2","timestamp":"2024-09-30T13:06:59.625Z"}
{"level":"info","message":"User wira left room 1ea819dd-1822-49fd-948f-09c290a831fd. Total users: 1","timestamp":"2024-09-30T13:06:59.626Z"}
{"level":"info","message":"New connection: 0NSgMwJ0dRHSY8cYAAJs","timestamp":"2024-09-30T13:06:59.633Z"}
{"level":"info","message":"User wira joined room 1ea819dd-1822-49fd-948f-09c290a831fd. Total users: 2","timestamp":"2024-09-30T13:06:59.637Z"}
{"level":"info","message":"User wira left room 1ea819dd-1822-49fd-948f-09c290a831fd. Total users: 1","timestamp":"2024-09-30T13:06:59.638Z"}
{"level":"info","message":"User wira joined room 1ea819dd-1822-49fd-948f-09c290a831fd. Total users: 2","timestamp":"2024-09-30T13:06:59.638Z"}
{"level":"info","message":"User wira left room 1ea819dd-1822-49fd-948f-09c290a831fd. Total users: 1","timestamp":"2024-09-30T13:06:59.640Z"}
{"level":"info","message":"New connection: Zuvc2fiqm6_zlc7_AAJu","timestamp":"2024-09-30T13:06:59.650Z"}
{"level":"info","message":"User wira joined room 1ea819dd-1822-49fd-948f-09c290a831fd. Total users: 2","timestamp":"2024-09-30T13:06:59.651Z"}
{"level":"info","message":"User wira left room 1ea819dd-1822-49fd-948f-09c290a831fd. Total users: 1","timestamp":"2024-09-30T13:06:59.652Z"}
{"level":"info","message":"User wira joined room 1ea819dd-1822-49fd-948f-09c290a831fd. Total users: 2","timestamp":"2024-09-30T13:06:59.653Z"}
{"level":"info","message":"User wira left room 1ea819dd-1822-49fd-948f-09c290a831fd. Total users: 1","timestamp":"2024-09-30T13:06:59.654Z"}
{"level":"info","message":"New connection: xK-jrUiklExFArITAAJv","timestamp":"2024-09-30T13:06:59.659Z"}
{"level":"info","message":"User wira joined room 1ea819dd-1822-49fd-948f-09c290a831fd. Total users: 2","timestamp":"2024-09-30T13:06:59.663Z"}
{"level":"info","message":"User wira left room 1ea819dd-1822-49fd-948f-09c290a831fd. Total users: 1","timestamp":"2024-09-30T13:06:59.664Z"}
{"level":"info","message":"User wira joined room 1ea819dd-1822-49fd-948f-09c290a831fd. Total users: 2","timestamp":"2024-09-30T13:06:59.665Z"}
{"level":"info","message":"User wira left room 1ea819dd-1822-49fd-948f-09c290a831fd. Total users: 1","timestamp":"2024-09-30T13:06:59.667Z"}
{"level":"info","message":"New connection: BLm0EB4x6dEU4Zi9AAJy","timestamp":"2024-09-30T13:06:59.675Z"}
{"level":"info","message":"User wira joined room 1ea819dd-1822-49fd-948f-09c290a831fd. Total users: 2","timestamp":"2024-09-30T13:06:59.695Z"}
{"level":"info","message":"User wira left room 1ea819dd-1822-49fd-948f-09c290a831fd. Total users: 1","timestamp":"2024-09-30T13:06:59.696Z"}
{"level":"info","message":"User wira joined room 1ea819dd-1822-49fd-948f-09c290a831fd. Total users: 2","timestamp":"2024-09-30T13:06:59.696Z"}
{"level":"info","message":"User wira left room 1ea819dd-1822-49fd-948f-09c290a831fd. Total users: 1","timestamp":"2024-09-30T13:06:59.697Z"}
{"level":"info","message":"New connection: -C8Ozi0v5ngmIkYLAAJz","timestamp":"2024-09-30T13:06:59.698Z"}
{"level":"info","message":"User wira joined room 1ea819dd-1822-49fd-948f-09c290a831fd. Total users: 2","timestamp":"2024-09-30T13:06:59.702Z"}
{"level":"info","message":"User wira joined room 1ea819dd-1822-49fd-948f-09c290a831fd. Total users: 2","timestamp":"2024-09-30T13:06:59.703Z"}
{"level":"info","message":"User wira left room 1ea819dd-1822-49fd-948f-09c290a831fd. Total users: 1","timestamp":"2024-09-30T13:06:59.705Z"}
{"level":"info","message":"New connection: TmPNBNWChMOWbuucAAJ2","timestamp":"2024-09-30T13:06:59.715Z"}
{"level":"info","message":"New connection: 7NEfX11mlRZMTCuhAAJ3","timestamp":"2024-09-30T13:06:59.716Z"}
{"level":"info","message":"User wira joined room 1ea819dd-1822-49fd-948f-09c290a831fd. Total users: 2","timestamp":"2024-09-30T13:06:59.716Z"}
{"level":"info","message":"User wira left room 1ea819dd-1822-49fd-948f-09c290a831fd. Total users: 1","timestamp":"2024-09-30T13:06:59.717Z"}
{"level":"info","message":"User wira joined room 1ea819dd-1822-49fd-948f-09c290a831fd. Total users: 2","timestamp":"2024-09-30T13:06:59.717Z"}
{"level":"info","message":"User wira left room 1ea819dd-1822-49fd-948f-09c290a831fd. Total users: 1","timestamp":"2024-09-30T13:06:59.718Z"}
{"level":"info","message":"User wira joined room 1ea819dd-1822-49fd-948f-09c290a831fd. Total users: 2","timestamp":"2024-09-30T13:06:59.720Z"}
{"level":"info","message":"User wira joined room 1ea819dd-1822-49fd-948f-09c290a831fd. Total users: 2","timestamp":"2024-09-30T13:06:59.720Z"}
{"level":"info","message":"User wira joined room 1ea819dd-1822-49fd-948f-09c290a831fd. Total users: 2","timestamp":"2024-09-30T13:06:59.720Z"}
{"level":"info","message":"User wira joined room 1ea819dd-1822-49fd-948f-09c290a831fd. Total users: 2","timestamp":"2024-09-30T13:06:59.721Z"}
{"level":"info","message":"User wira joined room 1ea819dd-1822-49fd-948f-09c290a831fd. Total users: 2","timestamp":"2024-09-30T13:06:59.969Z"}
{"level":"info","message":"User aliftan left room 1ea819dd-1822-49fd-948f-09c290a831fd. Total users: 1","timestamp":"2024-09-30T13:07:59.694Z"}
{"level":"info","message":"User wira left room 1ea819dd-1822-49fd-948f-09c290a831fd. Total users: 0","timestamp":"2024-09-30T13:07:59.696Z"}
{"level":"info","message":"Room 1ea819dd-1822-49fd-948f-09c290a831fd deleted as it's empty","timestamp":"2024-09-30T13:07:59.697Z"}
{"level":"info","message":"User aliftan joined room 1ea819dd-1822-49fd-948f-09c290a831fd. Total users: 1","timestamp":"2024-09-30T13:07:59.716Z"}
{"level":"info","message":"User wira joined room 1ea819dd-1822-49fd-948f-09c290a831fd. Total users: 2","timestamp":"2024-09-30T13:07:59.746Z"}
{"level":"info","message":"User wira joined room 1ea819dd-1822-49fd-948f-09c290a831fd. Total users: 2","timestamp":"2024-09-30T13:07:59.761Z"}
{"level":"info","message":"User aliftan joined room 1ea819dd-1822-49fd-948f-09c290a831fd. Total users: 2","timestamp":"2024-09-30T13:07:59.763Z"}
{"level":"info","message":"User wira left room 1ea819dd-1822-49fd-948f-09c290a831fd. Total users: 1","timestamp":"2024-09-30T13:08:09.310Z"}
{"level":"info","message":"User wira joined room 1ea819dd-1822-49fd-948f-09c290a831fd. Total users: 2","timestamp":"2024-09-30T13:08:09.311Z"}
{"level":"info","message":"User aliftan left room 1ea819dd-1822-49fd-948f-09c290a831fd. Total users: 1","timestamp":"2024-09-30T13:08:09.311Z"}
{"level":"info","message":"User aliftan joined room 1ea819dd-1822-49fd-948f-09c290a831fd. Total users: 2","timestamp":"2024-09-30T13:08:09.312Z"}
{"level":"info","message":"User wira left room 1ea819dd-1822-49fd-948f-09c290a831fd. Total users: 1","timestamp":"2024-09-30T13:08:10.657Z"}
{"level":"info","message":"User wira joined room 1ea819dd-1822-49fd-948f-09c290a831fd. Total users: 2","timestamp":"2024-09-30T13:08:10.657Z"}
{"level":"info","message":"User aliftan left room 1ea819dd-1822-49fd-948f-09c290a831fd. Total users: 1","timestamp":"2024-09-30T13:08:10.658Z"}
{"level":"info","message":"User aliftan joined room 1ea819dd-1822-49fd-948f-09c290a831fd. Total users: 2","timestamp":"2024-09-30T13:08:10.659Z"}
{"level":"info","message":"User wira left room 1ea819dd-1822-49fd-948f-09c290a831fd. Total users: 1","timestamp":"2024-09-30T13:08:22.005Z"}
{"level":"info","message":"User wira joined room 1ea819dd-1822-49fd-948f-09c290a831fd. Total users: 2","timestamp":"2024-09-30T13:08:22.007Z"}
{"level":"info","message":"User aliftan left room 1ea819dd-1822-49fd-948f-09c290a831fd. Total users: 1","timestamp":"2024-09-30T13:08:22.008Z"}
{"level":"info","message":"User aliftan joined room 1ea819dd-1822-49fd-948f-09c290a831fd. Total users: 2","timestamp":"2024-09-30T13:08:22.008Z"}
{"level":"info","message":"User wira joined room 1ea819dd-1822-49fd-948f-09c290a831fd. Total users: 2","timestamp":"2024-09-30T13:08:22.042Z"}
{"level":"info","message":"User aliftan joined room 1ea819dd-1822-49fd-948f-09c290a831fd. Total users: 2","timestamp":"2024-09-30T13:08:22.048Z"}
{"level":"info","message":"User wira left room 1ea819dd-1822-49fd-948f-09c290a831fd. Total users: 1","timestamp":"2024-09-30T13:08:35.271Z"}
{"level":"info","message":"User aliftan left room 1ea819dd-1822-49fd-948f-09c290a831fd. Total users: 0","timestamp":"2024-09-30T13:08:35.274Z"}
{"level":"info","message":"Room 1ea819dd-1822-49fd-948f-09c290a831fd deleted as it's empty","timestamp":"2024-09-30T13:08:35.274Z"}
{"level":"info","message":"User wira joined room 1ea819dd-1822-49fd-948f-09c290a831fd. Total users: 1","timestamp":"2024-09-30T13:08:35.310Z"}
{"level":"info","message":"User aliftan joined room 1ea819dd-1822-49fd-948f-09c290a831fd. Total users: 2","timestamp":"2024-09-30T13:08:35.335Z"}
{"level":"info","message":"User wira joined room 1ea819dd-1822-49fd-948f-09c290a831fd. Total users: 2","timestamp":"2024-09-30T13:08:35.414Z"}
{"level":"info","message":"User aliftan joined room 1ea819dd-1822-49fd-948f-09c290a831fd. Total users: 2","timestamp":"2024-09-30T13:08:35.416Z"}
{"level":"info","message":"User aliftan left room 1ea819dd-1822-49fd-948f-09c290a831fd. Total users: 1","timestamp":"2024-09-30T13:08:36.412Z"}
{"level":"info","message":"User wira left room 1ea819dd-1822-49fd-948f-09c290a831fd. Total users: 0","timestamp":"2024-09-30T13:08:36.417Z"}
{"level":"info","message":"Room 1ea819dd-1822-49fd-948f-09c290a831fd deleted as it's empty","timestamp":"2024-09-30T13:08:36.417Z"}
{"level":"info","message":"User aliftan joined room 1ea819dd-1822-49fd-948f-09c290a831fd. Total users: 1","timestamp":"2024-09-30T13:08:36.474Z"}
{"level":"info","message":"User wira joined room 1ea819dd-1822-49fd-948f-09c290a831fd. Total users: 2","timestamp":"2024-09-30T13:08:36.475Z"}
{"level":"info","message":"User wira left room 1ea819dd-1822-49fd-948f-09c290a831fd. Total users: 1","timestamp":"2024-09-30T13:08:48.950Z"}
{"level":"info","message":"User wira joined room 1ea819dd-1822-49fd-948f-09c290a831fd. Total users: 2","timestamp":"2024-09-30T13:08:48.951Z"}
{"level":"info","message":"User aliftan left room 1ea819dd-1822-49fd-948f-09c290a831fd. Total users: 1","timestamp":"2024-09-30T13:08:48.953Z"}
{"level":"info","message":"User aliftan joined room 1ea819dd-1822-49fd-948f-09c290a831fd. Total users: 2","timestamp":"2024-09-30T13:08:48.953Z"}
{"level":"info","message":"User wira left room 1ea819dd-1822-49fd-948f-09c290a831fd. Total users: 1","timestamp":"2024-09-30T13:08:54.554Z"}
{"level":"info","message":"New connection: hyG51Nu2NuqMCnTiAAJ5","timestamp":"2024-09-30T13:08:55.091Z"}
{"level":"info","message":"New connection: ph17x8l7TMbnfY0GAAJ7","timestamp":"2024-09-30T13:08:55.827Z"}
{"level":"info","message":"New connection: 9yy6fDUPDX_x5dYSAAJ9","timestamp":"2024-09-30T13:08:55.857Z"}
{"level":"info","message":"User wira joined room 1ea819dd-1822-49fd-948f-09c290a831fd. Total users: 2","timestamp":"2024-09-30T13:08:55.858Z"}
{"level":"info","message":"User wira left room 1ea819dd-1822-49fd-948f-09c290a831fd. Total users: 1","timestamp":"2024-09-30T13:08:55.859Z"}
{"level":"info","message":"User wira joined room 1ea819dd-1822-49fd-948f-09c290a831fd. Total users: 2","timestamp":"2024-09-30T13:08:55.859Z"}
{"level":"info","message":"User wira left room 1ea819dd-1822-49fd-948f-09c290a831fd. Total users: 1","timestamp":"2024-09-30T13:08:55.860Z"}
{"level":"info","message":"New connection: 4YrJpKsEsHnqQvI9AAJ_","timestamp":"2024-09-30T13:08:55.874Z"}
{"level":"info","message":"User wira joined room 1ea819dd-1822-49fd-948f-09c290a831fd. Total users: 2","timestamp":"2024-09-30T13:08:55.875Z"}
{"level":"info","message":"User wira left room 1ea819dd-1822-49fd-948f-09c290a831fd. Total users: 1","timestamp":"2024-09-30T13:08:55.876Z"}
{"level":"info","message":"User wira joined room 1ea819dd-1822-49fd-948f-09c290a831fd. Total users: 2","timestamp":"2024-09-30T13:08:55.877Z"}
{"level":"info","message":"User wira left room 1ea819dd-1822-49fd-948f-09c290a831fd. Total users: 1","timestamp":"2024-09-30T13:08:55.878Z"}
{"level":"info","message":"New connection: N3DhbJDbRQdtLyFrAAKB","timestamp":"2024-09-30T13:08:55.894Z"}
{"level":"info","message":"User wira joined room 1ea819dd-1822-49fd-948f-09c290a831fd. Total users: 2","timestamp":"2024-09-30T13:08:55.898Z"}
{"level":"info","message":"User wira left room 1ea819dd-1822-49fd-948f-09c290a831fd. Total users: 1","timestamp":"2024-09-30T13:08:55.901Z"}
{"level":"info","message":"User wira joined room 1ea819dd-1822-49fd-948f-09c290a831fd. Total users: 2","timestamp":"2024-09-30T13:08:55.902Z"}
{"level":"info","message":"User wira left room 1ea819dd-1822-49fd-948f-09c290a831fd. Total users: 1","timestamp":"2024-09-30T13:08:55.905Z"}
{"level":"info","message":"New connection: cy_mnxmzLxXz_jowAAKE","timestamp":"2024-09-30T13:08:55.916Z"}
{"level":"info","message":"User wira joined room 1ea819dd-1822-49fd-948f-09c290a831fd. Total users: 2","timestamp":"2024-09-30T13:08:55.918Z"}
{"level":"info","message":"User wira left room 1ea819dd-1822-49fd-948f-09c290a831fd. Total users: 1","timestamp":"2024-09-30T13:08:55.920Z"}
{"level":"info","message":"User wira joined room 1ea819dd-1822-49fd-948f-09c290a831fd. Total users: 2","timestamp":"2024-09-30T13:08:55.920Z"}
{"level":"info","message":"User wira left room 1ea819dd-1822-49fd-948f-09c290a831fd. Total users: 1","timestamp":"2024-09-30T13:08:55.921Z"}
{"level":"info","message":"New connection: K7NixoF27qu37iT-AAKF","timestamp":"2024-09-30T13:08:55.923Z"}
{"level":"info","message":"User wira joined room 1ea819dd-1822-49fd-948f-09c290a831fd. Total users: 2","timestamp":"2024-09-30T13:08:55.927Z"}
{"level":"info","message":"User wira joined room 1ea819dd-1822-49fd-948f-09c290a831fd. Total users: 2","timestamp":"2024-09-30T13:08:55.928Z"}
{"level":"info","message":"User wira left room 1ea819dd-1822-49fd-948f-09c290a831fd. Total users: 1","timestamp":"2024-09-30T13:08:55.930Z"}
{"level":"info","message":"New connection: Uz0GKqb5l9XZNwY9AAKI","timestamp":"2024-09-30T13:08:55.940Z"}
{"level":"info","message":"User wira joined room 1ea819dd-1822-49fd-948f-09c290a831fd. Total users: 2","timestamp":"2024-09-30T13:08:55.941Z"}
{"level":"info","message":"User wira left room 1ea819dd-1822-49fd-948f-09c290a831fd. Total users: 1","timestamp":"2024-09-30T13:08:55.942Z"}
{"level":"info","message":"User wira joined room 1ea819dd-1822-49fd-948f-09c290a831fd. Total users: 2","timestamp":"2024-09-30T13:08:55.943Z"}
{"level":"info","message":"User wira left room 1ea819dd-1822-49fd-948f-09c290a831fd. Total users: 1","timestamp":"2024-09-30T13:08:55.944Z"}
{"level":"info","message":"New connection: 3v0l_wSyHdhcSjJuAAKJ","timestamp":"2024-09-30T13:08:55.945Z"}
{"level":"info","message":"User wira joined room 1ea819dd-1822-49fd-948f-09c290a831fd. Total users: 2","timestamp":"2024-09-30T13:08:55.953Z"}
{"level":"info","message":"User wira joined room 1ea819dd-1822-49fd-948f-09c290a831fd. Total users: 2","timestamp":"2024-09-30T13:08:55.954Z"}
{"level":"info","message":"User wira left room 1ea819dd-1822-49fd-948f-09c290a831fd. Total users: 1","timestamp":"2024-09-30T13:08:55.956Z"}
{"level":"info","message":"New connection: Hb3xy7k6rw-OnyWZAAKM","timestamp":"2024-09-30T13:08:55.966Z"}
{"level":"info","message":"User wira joined room 1ea819dd-1822-49fd-948f-09c290a831fd. Total users: 2","timestamp":"2024-09-30T13:08:55.967Z"}
{"level":"info","message":"User wira left room 1ea819dd-1822-49fd-948f-09c290a831fd. Total users: 1","timestamp":"2024-09-30T13:08:55.968Z"}
{"level":"info","message":"User wira joined room 1ea819dd-1822-49fd-948f-09c290a831fd. Total users: 2","timestamp":"2024-09-30T13:08:55.969Z"}
{"level":"info","message":"User wira left room 1ea819dd-1822-49fd-948f-09c290a831fd. Total users: 1","timestamp":"2024-09-30T13:08:55.970Z"}
{"level":"info","message":"New connection: gNP8X8CKEWAFa8dzAAKN","timestamp":"2024-09-30T13:08:55.971Z"}
{"level":"info","message":"User wira joined room 1ea819dd-1822-49fd-948f-09c290a831fd. Total users: 2","timestamp":"2024-09-30T13:08:55.973Z"}
{"level":"info","message":"User wira joined room 1ea819dd-1822-49fd-948f-09c290a831fd. Total users: 2","timestamp":"2024-09-30T13:08:55.974Z"}
{"level":"info","message":"User wira left room 1ea819dd-1822-49fd-948f-09c290a831fd. Total users: 1","timestamp":"2024-09-30T13:08:55.977Z"}
{"level":"info","message":"New connection: g7d-cXl7Hv1jc8CeAAKP","timestamp":"2024-09-30T13:08:55.989Z"}
{"level":"info","message":"User wira joined room 1ea819dd-1822-49fd-948f-09c290a831fd. Total users: 2","timestamp":"2024-09-30T13:08:55.991Z"}
{"level":"info","message":"User wira left room 1ea819dd-1822-49fd-948f-09c290a831fd. Total users: 1","timestamp":"2024-09-30T13:08:55.991Z"}
{"level":"info","message":"User wira joined room 1ea819dd-1822-49fd-948f-09c290a831fd. Total users: 2","timestamp":"2024-09-30T13:08:55.992Z"}
{"level":"info","message":"User wira left room 1ea819dd-1822-49fd-948f-09c290a831fd. Total users: 1","timestamp":"2024-09-30T13:08:55.993Z"}
{"level":"info","message":"New connection: sSOHr6BdBqEQW7BJAAKR","timestamp":"2024-09-30T13:08:56.000Z"}
{"level":"info","message":"User wira joined room 1ea819dd-1822-49fd-948f-09c290a831fd. Total users: 2","timestamp":"2024-09-30T13:08:56.002Z"}
{"level":"info","message":"User wira left room 1ea819dd-1822-49fd-948f-09c290a831fd. Total users: 1","timestamp":"2024-09-30T13:08:56.003Z"}
{"level":"info","message":"User wira joined room 1ea819dd-1822-49fd-948f-09c290a831fd. Total users: 2","timestamp":"2024-09-30T13:08:56.003Z"}
{"level":"info","message":"User wira left room 1ea819dd-1822-49fd-948f-09c290a831fd. Total users: 1","timestamp":"2024-09-30T13:08:56.004Z"}
{"level":"info","message":"New connection: CDXUrCmuvyq5B1KGAAKU","timestamp":"2024-09-30T13:08:56.028Z"}
{"level":"info","message":"User wira joined room 1ea819dd-1822-49fd-948f-09c290a831fd. Total users: 2","timestamp":"2024-09-30T13:08:56.029Z"}
{"level":"info","message":"User wira left room 1ea819dd-1822-49fd-948f-09c290a831fd. Total users: 1","timestamp":"2024-09-30T13:08:56.030Z"}
{"level":"info","message":"User wira joined room 1ea819dd-1822-49fd-948f-09c290a831fd. Total users: 2","timestamp":"2024-09-30T13:08:56.031Z"}
{"level":"info","message":"User wira left room 1ea819dd-1822-49fd-948f-09c290a831fd. Total users: 1","timestamp":"2024-09-30T13:08:56.032Z"}
{"level":"info","message":"New connection: TTPOUqQ4-RQS8Y3DAAKV","timestamp":"2024-09-30T13:08:56.034Z"}
{"level":"info","message":"User wira joined room 1ea819dd-1822-49fd-948f-09c290a831fd. Total users: 2","timestamp":"2024-09-30T13:08:56.038Z"}
{"level":"info","message":"User wira joined room 1ea819dd-1822-49fd-948f-09c290a831fd. Total users: 2","timestamp":"2024-09-30T13:08:56.039Z"}
{"level":"info","message":"User wira left room 1ea819dd-1822-49fd-948f-09c290a831fd. Total users: 1","timestamp":"2024-09-30T13:08:56.040Z"}
{"level":"info","message":"New connection: YybO268nEH1WYp8NAAKX","timestamp":"2024-09-30T13:08:56.047Z"}
{"level":"info","message":"User wira joined room 1ea819dd-1822-49fd-948f-09c290a831fd. Total users: 2","timestamp":"2024-09-30T13:08:56.048Z"}
{"level":"info","message":"User wira left room 1ea819dd-1822-49fd-948f-09c290a831fd. Total users: 1","timestamp":"2024-09-30T13:08:56.049Z"}
{"level":"info","message":"User wira joined room 1ea819dd-1822-49fd-948f-09c290a831fd. Total users: 2","timestamp":"2024-09-30T13:08:56.049Z"}
{"level":"info","message":"User wira left room 1ea819dd-1822-49fd-948f-09c290a831fd. Total users: 1","timestamp":"2024-09-30T13:08:56.053Z"}
{"level":"info","message":"New connection: ABXclajPjf-lLXDpAAKa","timestamp":"2024-09-30T13:08:56.066Z"}
{"level":"info","message":"User wira joined room 1ea819dd-1822-49fd-948f-09c290a831fd. Total users: 2","timestamp":"2024-09-30T13:08:56.068Z"}
{"level":"info","message":"User wira left room 1ea819dd-1822-49fd-948f-09c290a831fd. Total users: 1","timestamp":"2024-09-30T13:08:56.069Z"}
{"level":"info","message":"User wira joined room 1ea819dd-1822-49fd-948f-09c290a831fd. Total users: 2","timestamp":"2024-09-30T13:08:56.070Z"}
{"level":"info","message":"User wira left room 1ea819dd-1822-49fd-948f-09c290a831fd. Total users: 1","timestamp":"2024-09-30T13:08:56.071Z"}
{"level":"info","message":"New connection: FzuRbvthA42379cwAAKc","timestamp":"2024-09-30T13:08:56.080Z"}
{"level":"info","message":"User wira joined room 1ea819dd-1822-49fd-948f-09c290a831fd. Total users: 2","timestamp":"2024-09-30T13:08:56.082Z"}
{"level":"info","message":"User wira left room 1ea819dd-1822-49fd-948f-09c290a831fd. Total users: 1","timestamp":"2024-09-30T13:08:56.084Z"}
{"level":"info","message":"User wira joined room 1ea819dd-1822-49fd-948f-09c290a831fd. Total users: 2","timestamp":"2024-09-30T13:08:56.084Z"}
{"level":"info","message":"User wira left room 1ea819dd-1822-49fd-948f-09c290a831fd. Total users: 1","timestamp":"2024-09-30T13:08:56.086Z"}
{"level":"info","message":"New connection: bPkkMXUafj_4VtKkAAKe","timestamp":"2024-09-30T13:08:56.092Z"}
{"level":"info","message":"User wira joined room 1ea819dd-1822-49fd-948f-09c290a831fd. Total users: 2","timestamp":"2024-09-30T13:08:56.122Z"}
{"level":"info","message":"User wira left room 1ea819dd-1822-49fd-948f-09c290a831fd. Total users: 1","timestamp":"2024-09-30T13:08:56.123Z"}
{"level":"info","message":"User wira joined room 1ea819dd-1822-49fd-948f-09c290a831fd. Total users: 2","timestamp":"2024-09-30T13:08:56.124Z"}
{"level":"info","message":"User wira left room 1ea819dd-1822-49fd-948f-09c290a831fd. Total users: 1","timestamp":"2024-09-30T13:08:56.124Z"}
{"level":"info","message":"New connection: xyZzYVMUpOLSmiT5AAKg","timestamp":"2024-09-30T13:08:56.130Z"}
{"level":"info","message":"User wira joined room 1ea819dd-1822-49fd-948f-09c290a831fd. Total users: 2","timestamp":"2024-09-30T13:08:56.131Z"}
{"level":"info","message":"User wira left room 1ea819dd-1822-49fd-948f-09c290a831fd. Total users: 1","timestamp":"2024-09-30T13:08:56.132Z"}
{"level":"info","message":"User wira joined room 1ea819dd-1822-49fd-948f-09c290a831fd. Total users: 2","timestamp":"2024-09-30T13:08:56.133Z"}
{"level":"info","message":"User wira left room 1ea819dd-1822-49fd-948f-09c290a831fd. Total users: 1","timestamp":"2024-09-30T13:08:56.136Z"}
{"level":"info","message":"New connection: 2aBvhDc4WSibkxDSAAKi","timestamp":"2024-09-30T13:08:56.143Z"}
{"level":"info","message":"User wira joined room 1ea819dd-1822-49fd-948f-09c290a831fd. Total users: 2","timestamp":"2024-09-30T13:08:56.146Z"}
{"level":"info","message":"User wira left room 1ea819dd-1822-49fd-948f-09c290a831fd. Total users: 1","timestamp":"2024-09-30T13:08:56.148Z"}
{"level":"info","message":"User wira joined room 1ea819dd-1822-49fd-948f-09c290a831fd. Total users: 2","timestamp":"2024-09-30T13:08:56.149Z"}
{"level":"info","message":"User wira left room 1ea819dd-1822-49fd-948f-09c290a831fd. Total users: 1","timestamp":"2024-09-30T13:08:56.152Z"}
{"level":"info","message":"New connection: vWePYgqwnkhYR1tlAAKk","timestamp":"2024-09-30T13:08:56.160Z"}
{"level":"info","message":"User wira joined room 1ea819dd-1822-49fd-948f-09c290a831fd. Total users: 2","timestamp":"2024-09-30T13:08:56.163Z"}
{"level":"info","message":"User wira left room 1ea819dd-1822-49fd-948f-09c290a831fd. Total users: 1","timestamp":"2024-09-30T13:08:56.164Z"}
{"level":"info","message":"User wira joined room 1ea819dd-1822-49fd-948f-09c290a831fd. Total users: 2","timestamp":"2024-09-30T13:08:56.164Z"}
{"level":"info","message":"User wira left room 1ea819dd-1822-49fd-948f-09c290a831fd. Total users: 1","timestamp":"2024-09-30T13:08:56.165Z"}
{"level":"info","message":"New connection: zu6zXq9wYkMHA_NVAAKm","timestamp":"2024-09-30T13:08:56.171Z"}
{"level":"info","message":"User wira joined room 1ea819dd-1822-49fd-948f-09c290a831fd. Total users: 2","timestamp":"2024-09-30T13:08:56.173Z"}
{"level":"info","message":"User wira left room 1ea819dd-1822-49fd-948f-09c290a831fd. Total users: 1","timestamp":"2024-09-30T13:08:56.174Z"}
{"level":"info","message":"User wira joined room 1ea819dd-1822-49fd-948f-09c290a831fd. Total users: 2","timestamp":"2024-09-30T13:08:56.174Z"}
{"level":"info","message":"User wira left room 1ea819dd-1822-49fd-948f-09c290a831fd. Total users: 1","timestamp":"2024-09-30T13:08:56.177Z"}
{"level":"info","message":"New connection: yRtDFJcdrIl-RE7ZAAKo","timestamp":"2024-09-30T13:08:56.183Z"}
{"level":"info","message":"User wira joined room 1ea819dd-1822-49fd-948f-09c290a831fd. Total users: 2","timestamp":"2024-09-30T13:08:56.187Z"}
{"level":"info","message":"User wira left room 1ea819dd-1822-49fd-948f-09c290a831fd. Total users: 1","timestamp":"2024-09-30T13:08:56.189Z"}
{"level":"info","message":"User wira joined room 1ea819dd-1822-49fd-948f-09c290a831fd. Total users: 2","timestamp":"2024-09-30T13:08:56.189Z"}
{"level":"info","message":"User wira left room 1ea819dd-1822-49fd-948f-09c290a831fd. Total users: 1","timestamp":"2024-09-30T13:08:56.198Z"}
{"level":"info","message":"New connection: I4al-GUHYEHsDSQFAAKq","timestamp":"2024-09-30T13:08:56.203Z"}
{"level":"info","message":"User wira joined room 1ea819dd-1822-49fd-948f-09c290a831fd. Total users: 2","timestamp":"2024-09-30T13:08:56.205Z"}
{"level":"info","message":"User wira left room 1ea819dd-1822-49fd-948f-09c290a831fd. Total users: 1","timestamp":"2024-09-30T13:08:56.206Z"}
{"level":"info","message":"User wira joined room 1ea819dd-1822-49fd-948f-09c290a831fd. Total users: 2","timestamp":"2024-09-30T13:08:56.207Z"}
{"level":"info","message":"User wira left room 1ea819dd-1822-49fd-948f-09c290a831fd. Total users: 1","timestamp":"2024-09-30T13:08:56.208Z"}
{"level":"info","message":"New connection: f-Lc17MY0mW1_OiBAAKr","timestamp":"2024-09-30T13:08:56.211Z"}
{"level":"info","message":"User wira joined room 1ea819dd-1822-49fd-948f-09c290a831fd. Total users: 2","timestamp":"2024-09-30T13:08:56.214Z"}
{"level":"info","message":"User wira left room 1ea819dd-1822-49fd-948f-09c290a831fd. Total users: 1","timestamp":"2024-09-30T13:08:56.216Z"}
{"level":"info","message":"User wira joined room 1ea819dd-1822-49fd-948f-09c290a831fd. Total users: 2","timestamp":"2024-09-30T13:08:56.217Z"}
{"level":"info","message":"User wira left room 1ea819dd-1822-49fd-948f-09c290a831fd. Total users: 1","timestamp":"2024-09-30T13:08:56.220Z"}
{"level":"info","message":"New connection: kDBdoKkgA_h68oMNAAKt","timestamp":"2024-09-30T13:08:56.225Z"}
{"level":"info","message":"User wira joined room 1ea819dd-1822-49fd-948f-09c290a831fd. Total users: 2","timestamp":"2024-09-30T13:08:56.226Z"}
{"level":"info","message":"User wira left room 1ea819dd-1822-49fd-948f-09c290a831fd. Total users: 1","timestamp":"2024-09-30T13:08:56.227Z"}
{"level":"info","message":"User wira joined room 1ea819dd-1822-49fd-948f-09c290a831fd. Total users: 2","timestamp":"2024-09-30T13:08:56.228Z"}
{"level":"info","message":"User wira left room 1ea819dd-1822-49fd-948f-09c290a831fd. Total users: 1","timestamp":"2024-09-30T13:08:56.229Z"}
{"level":"info","message":"New connection: WtIRPpilku6R47DXAAKv","timestamp":"2024-09-30T13:08:56.239Z"}
{"level":"info","message":"User wira joined room 1ea819dd-1822-49fd-948f-09c290a831fd. Total users: 2","timestamp":"2024-09-30T13:08:56.240Z"}
{"level":"info","message":"User wira left room 1ea819dd-1822-49fd-948f-09c290a831fd. Total users: 1","timestamp":"2024-09-30T13:08:56.240Z"}
{"level":"info","message":"User wira joined room 1ea819dd-1822-49fd-948f-09c290a831fd. Total users: 2","timestamp":"2024-09-30T13:08:56.241Z"}
{"level":"info","message":"User wira left room 1ea819dd-1822-49fd-948f-09c290a831fd. Total users: 1","timestamp":"2024-09-30T13:08:56.242Z"}
{"level":"info","message":"New connection: 2V4YNu8L9R7Ma-YAAAKy","timestamp":"2024-09-30T13:08:56.264Z"}
{"level":"info","message":"User wira joined room 1ea819dd-1822-49fd-948f-09c290a831fd. Total users: 2","timestamp":"2024-09-30T13:08:56.265Z"}
{"level":"info","message":"User wira left room 1ea819dd-1822-49fd-948f-09c290a831fd. Total users: 1","timestamp":"2024-09-30T13:08:56.266Z"}
{"level":"info","message":"User wira joined room 1ea819dd-1822-49fd-948f-09c290a831fd. Total users: 2","timestamp":"2024-09-30T13:08:56.267Z"}
{"level":"info","message":"User wira left room 1ea819dd-1822-49fd-948f-09c290a831fd. Total users: 1","timestamp":"2024-09-30T13:08:56.268Z"}
{"level":"info","message":"New connection: p43guOC0fRvWzUlHAAK0","timestamp":"2024-09-30T13:08:56.273Z"}
{"level":"info","message":"User wira joined room 1ea819dd-1822-49fd-948f-09c290a831fd. Total users: 2","timestamp":"2024-09-30T13:08:56.274Z"}
{"level":"info","message":"User wira left room 1ea819dd-1822-49fd-948f-09c290a831fd. Total users: 1","timestamp":"2024-09-30T13:08:56.276Z"}
{"level":"info","message":"User wira joined room 1ea819dd-1822-49fd-948f-09c290a831fd. Total users: 2","timestamp":"2024-09-30T13:08:56.276Z"}
{"level":"info","message":"User wira left room 1ea819dd-1822-49fd-948f-09c290a831fd. Total users: 1","timestamp":"2024-09-30T13:08:56.277Z"}
{"level":"info","message":"New connection: kY1ZjajN4gLQMUEbAAK1","timestamp":"2024-09-30T13:08:56.281Z"}
{"level":"info","message":"User wira joined room 1ea819dd-1822-49fd-948f-09c290a831fd. Total users: 2","timestamp":"2024-09-30T13:08:56.287Z"}
{"level":"info","message":"User wira left room 1ea819dd-1822-49fd-948f-09c290a831fd. Total users: 1","timestamp":"2024-09-30T13:08:56.288Z"}
{"level":"info","message":"User wira joined room 1ea819dd-1822-49fd-948f-09c290a831fd. Total users: 2","timestamp":"2024-09-30T13:08:56.288Z"}
{"level":"info","message":"User wira left room 1ea819dd-1822-49fd-948f-09c290a831fd. Total users: 1","timestamp":"2024-09-30T13:08:56.291Z"}
{"level":"info","message":"New connection: pRw8ZLNSaq4DpjdDAAK4","timestamp":"2024-09-30T13:08:56.300Z"}
{"level":"info","message":"User wira joined room 1ea819dd-1822-49fd-948f-09c290a831fd. Total users: 2","timestamp":"2024-09-30T13:08:56.301Z"}
{"level":"info","message":"User wira left room 1ea819dd-1822-49fd-948f-09c290a831fd. Total users: 1","timestamp":"2024-09-30T13:08:56.303Z"}
{"level":"info","message":"User wira joined room 1ea819dd-1822-49fd-948f-09c290a831fd. Total users: 2","timestamp":"2024-09-30T13:08:56.303Z"}
{"level":"info","message":"User wira left room 1ea819dd-1822-49fd-948f-09c290a831fd. Total users: 1","timestamp":"2024-09-30T13:08:56.304Z"}
{"level":"info","message":"New connection: IH6-fdrZcI6kKGLvAAK5","timestamp":"2024-09-30T13:08:56.305Z"}
{"level":"info","message":"User wira joined room 1ea819dd-1822-49fd-948f-09c290a831fd. Total users: 2","timestamp":"2024-09-30T13:08:56.309Z"}
{"level":"info","message":"User wira joined room 1ea819dd-1822-49fd-948f-09c290a831fd. Total users: 2","timestamp":"2024-09-30T13:08:56.309Z"}
{"level":"info","message":"User wira left room 1ea819dd-1822-49fd-948f-09c290a831fd. Total users: 1","timestamp":"2024-09-30T13:08:56.310Z"}
{"level":"info","message":"New connection: dn4QRJLxAeNomOvhAAK8","timestamp":"2024-09-30T13:08:56.329Z"}
{"level":"info","message":"User wira joined room 1ea819dd-1822-49fd-948f-09c290a831fd. Total users: 2","timestamp":"2024-09-30T13:08:56.330Z"}
{"level":"info","message":"User wira left room 1ea819dd-1822-49fd-948f-09c290a831fd. Total users: 1","timestamp":"2024-09-30T13:08:56.330Z"}
{"level":"info","message":"User wira joined room 1ea819dd-1822-49fd-948f-09c290a831fd. Total users: 2","timestamp":"2024-09-30T13:08:56.330Z"}
{"level":"info","message":"User wira left room 1ea819dd-1822-49fd-948f-09c290a831fd. Total users: 1","timestamp":"2024-09-30T13:08:56.331Z"}
{"level":"info","message":"New connection: d1hz1R-TM1dlJ5FTAAK9","timestamp":"2024-09-30T13:08:56.332Z"}
{"level":"info","message":"User wira joined room 1ea819dd-1822-49fd-948f-09c290a831fd. Total users: 2","timestamp":"2024-09-30T13:08:56.336Z"}
{"level":"info","message":"User wira joined room 1ea819dd-1822-49fd-948f-09c290a831fd. Total users: 2","timestamp":"2024-09-30T13:08:56.337Z"}
{"level":"info","message":"User wira left room 1ea819dd-1822-49fd-948f-09c290a831fd. Total users: 1","timestamp":"2024-09-30T13:08:56.338Z"}
{"level":"info","message":"New connection: 5eX-hJC7yswokKydAAK_","timestamp":"2024-09-30T13:08:56.345Z"}
{"level":"info","message":"User wira joined room 1ea819dd-1822-49fd-948f-09c290a831fd. Total users: 2","timestamp":"2024-09-30T13:08:56.346Z"}
{"level":"info","message":"User wira left room 1ea819dd-1822-49fd-948f-09c290a831fd. Total users: 1","timestamp":"2024-09-30T13:08:56.347Z"}
{"level":"info","message":"User wira joined room 1ea819dd-1822-49fd-948f-09c290a831fd. Total users: 2","timestamp":"2024-09-30T13:08:56.347Z"}
{"level":"info","message":"User wira left room 1ea819dd-1822-49fd-948f-09c290a831fd. Total users: 1","timestamp":"2024-09-30T13:08:56.350Z"}
{"level":"info","message":"New connection: New7XJ1TBugE996AAALB","timestamp":"2024-09-30T13:08:56.358Z"}
{"level":"info","message":"User wira joined room 1ea819dd-1822-49fd-948f-09c290a831fd. Total users: 2","timestamp":"2024-09-30T13:08:56.358Z"}
{"level":"info","message":"User wira left room 1ea819dd-1822-49fd-948f-09c290a831fd. Total users: 1","timestamp":"2024-09-30T13:08:56.359Z"}
{"level":"info","message":"User wira joined room 1ea819dd-1822-49fd-948f-09c290a831fd. Total users: 2","timestamp":"2024-09-30T13:08:56.360Z"}
{"level":"info","message":"User wira left room 1ea819dd-1822-49fd-948f-09c290a831fd. Total users: 1","timestamp":"2024-09-30T13:08:56.360Z"}
{"level":"info","message":"New connection: ZOmkGG6ySOTYx8jPAALD","timestamp":"2024-09-30T13:08:56.368Z"}
{"level":"info","message":"User wira joined room 1ea819dd-1822-49fd-948f-09c290a831fd. Total users: 2","timestamp":"2024-09-30T13:08:56.370Z"}
{"level":"info","message":"User wira left room 1ea819dd-1822-49fd-948f-09c290a831fd. Total users: 1","timestamp":"2024-09-30T13:08:56.371Z"}
{"level":"info","message":"User wira joined room 1ea819dd-1822-49fd-948f-09c290a831fd. Total users: 2","timestamp":"2024-09-30T13:08:56.372Z"}
{"level":"info","message":"User wira left room 1ea819dd-1822-49fd-948f-09c290a831fd. Total users: 1","timestamp":"2024-09-30T13:08:56.373Z"}
{"level":"info","message":"New connection: J5nE9fd0LsyW_cqMAALG","timestamp":"2024-09-30T13:08:56.412Z"}
{"level":"info","message":"User wira joined room 1ea819dd-1822-49fd-948f-09c290a831fd. Total users: 2","timestamp":"2024-09-30T13:08:56.413Z"}
{"level":"info","message":"User wira left room 1ea819dd-1822-49fd-948f-09c290a831fd. Total users: 1","timestamp":"2024-09-30T13:08:56.414Z"}
{"level":"info","message":"User wira joined room 1ea819dd-1822-49fd-948f-09c290a831fd. Total users: 2","timestamp":"2024-09-30T13:08:56.414Z"}
{"level":"info","message":"User wira left room 1ea819dd-1822-49fd-948f-09c290a831fd. Total users: 1","timestamp":"2024-09-30T13:08:56.415Z"}
{"level":"info","message":"New connection: 6zScB4DopduSnDUFAALH","timestamp":"2024-09-30T13:08:56.416Z"}
{"level":"info","message":"User wira joined room 1ea819dd-1822-49fd-948f-09c290a831fd. Total users: 2","timestamp":"2024-09-30T13:08:56.420Z"}
{"level":"info","message":"User wira joined room 1ea819dd-1822-49fd-948f-09c290a831fd. Total users: 2","timestamp":"2024-09-30T13:08:56.421Z"}
{"level":"info","message":"User wira left room 1ea819dd-1822-49fd-948f-09c290a831fd. Total users: 1","timestamp":"2024-09-30T13:08:56.423Z"}
{"level":"info","message":"New connection: lJLZoGStiYtOirotAALK","timestamp":"2024-09-30T13:08:56.433Z"}
{"level":"info","message":"User wira joined room 1ea819dd-1822-49fd-948f-09c290a831fd. Total users: 2","timestamp":"2024-09-30T13:08:56.434Z"}
{"level":"info","message":"User wira left room 1ea819dd-1822-49fd-948f-09c290a831fd. Total users: 1","timestamp":"2024-09-30T13:08:56.434Z"}
{"level":"info","message":"User wira joined room 1ea819dd-1822-49fd-948f-09c290a831fd. Total users: 2","timestamp":"2024-09-30T13:08:56.435Z"}
{"level":"info","message":"User wira left room 1ea819dd-1822-49fd-948f-09c290a831fd. Total users: 1","timestamp":"2024-09-30T13:08:56.435Z"}
{"level":"info","message":"New connection: V4knDYKR0N56V4ITAALL","timestamp":"2024-09-30T13:08:56.437Z"}
{"level":"info","message":"User wira joined room 1ea819dd-1822-49fd-948f-09c290a831fd. Total users: 2","timestamp":"2024-09-30T13:08:56.441Z"}
{"level":"info","message":"User wira joined room 1ea819dd-1822-49fd-948f-09c290a831fd. Total users: 2","timestamp":"2024-09-30T13:08:56.442Z"}
{"level":"info","message":"User wira left room 1ea819dd-1822-49fd-948f-09c290a831fd. Total users: 1","timestamp":"2024-09-30T13:08:56.443Z"}
{"level":"info","message":"New connection: bXaub6exRxvQbZVfAALN","timestamp":"2024-09-30T13:08:56.451Z"}
{"level":"info","message":"User wira joined room 1ea819dd-1822-49fd-948f-09c290a831fd. Total users: 2","timestamp":"2024-09-30T13:08:56.453Z"}
{"level":"info","message":"User wira left room 1ea819dd-1822-49fd-948f-09c290a831fd. Total users: 1","timestamp":"2024-09-30T13:08:56.454Z"}
{"level":"info","message":"User wira joined room 1ea819dd-1822-49fd-948f-09c290a831fd. Total users: 2","timestamp":"2024-09-30T13:08:56.455Z"}
{"level":"info","message":"User wira left room 1ea819dd-1822-49fd-948f-09c290a831fd. Total users: 1","timestamp":"2024-09-30T13:08:56.456Z"}
{"level":"info","message":"New connection: mpK1rbbX6zS69TrCAALP","timestamp":"2024-09-30T13:08:56.463Z"}
{"level":"info","message":"User wira joined room 1ea819dd-1822-49fd-948f-09c290a831fd. Total users: 2","timestamp":"2024-09-30T13:08:56.464Z"}
{"level":"info","message":"User wira left room 1ea819dd-1822-49fd-948f-09c290a831fd. Total users: 1","timestamp":"2024-09-30T13:08:56.464Z"}
{"level":"info","message":"User wira joined room 1ea819dd-1822-49fd-948f-09c290a831fd. Total users: 2","timestamp":"2024-09-30T13:08:56.465Z"}
{"level":"info","message":"User wira left room 1ea819dd-1822-49fd-948f-09c290a831fd. Total users: 1","timestamp":"2024-09-30T13:08:56.466Z"}
{"level":"info","message":"New connection: tsae0S-WskWR8Qs8AALS","timestamp":"2024-09-30T13:08:56.497Z"}
{"level":"info","message":"User wira joined room 1ea819dd-1822-49fd-948f-09c290a831fd. Total users: 2","timestamp":"2024-09-30T13:08:56.497Z"}
{"level":"info","message":"User wira left room 1ea819dd-1822-49fd-948f-09c290a831fd. Total users: 1","timestamp":"2024-09-30T13:08:56.498Z"}
{"level":"info","message":"User wira joined room 1ea819dd-1822-49fd-948f-09c290a831fd. Total users: 2","timestamp":"2024-09-30T13:08:56.498Z"}
{"level":"info","message":"User wira left room 1ea819dd-1822-49fd-948f-09c290a831fd. Total users: 1","timestamp":"2024-09-30T13:08:56.500Z"}
{"level":"info","message":"New connection: 0tmaN2B-TBSQeXmkAALT","timestamp":"2024-09-30T13:08:56.500Z"}
{"level":"info","message":"User wira joined room 1ea819dd-1822-49fd-948f-09c290a831fd. Total users: 2","timestamp":"2024-09-30T13:08:56.503Z"}
{"level":"info","message":"User wira joined room 1ea819dd-1822-49fd-948f-09c290a831fd. Total users: 2","timestamp":"2024-09-30T13:08:56.504Z"}
{"level":"info","message":"User wira left room 1ea819dd-1822-49fd-948f-09c290a831fd. Total users: 1","timestamp":"2024-09-30T13:08:56.505Z"}
{"level":"info","message":"New connection: BNaSl-wJOSmnkJysAALV","timestamp":"2024-09-30T13:08:56.511Z"}
{"level":"info","message":"User wira joined room 1ea819dd-1822-49fd-948f-09c290a831fd. Total users: 2","timestamp":"2024-09-30T13:08:56.511Z"}
{"level":"info","message":"User wira left room 1ea819dd-1822-49fd-948f-09c290a831fd. Total users: 1","timestamp":"2024-09-30T13:08:56.512Z"}
{"level":"info","message":"User wira joined room 1ea819dd-1822-49fd-948f-09c290a831fd. Total users: 2","timestamp":"2024-09-30T13:08:56.512Z"}
{"level":"info","message":"User wira left room 1ea819dd-1822-49fd-948f-09c290a831fd. Total users: 1","timestamp":"2024-09-30T13:08:56.513Z"}
{"level":"info","message":"New connection: Kntv292dI_mIRoyCAALX","timestamp":"2024-09-30T13:08:56.519Z"}
{"level":"info","message":"User wira joined room 1ea819dd-1822-49fd-948f-09c290a831fd. Total users: 2","timestamp":"2024-09-30T13:08:56.520Z"}
{"level":"info","message":"User wira left room 1ea819dd-1822-49fd-948f-09c290a831fd. Total users: 1","timestamp":"2024-09-30T13:08:56.520Z"}
{"level":"info","message":"User wira joined room 1ea819dd-1822-49fd-948f-09c290a831fd. Total users: 2","timestamp":"2024-09-30T13:08:56.521Z"}
{"level":"info","message":"User wira left room 1ea819dd-1822-49fd-948f-09c290a831fd. Total users: 1","timestamp":"2024-09-30T13:08:56.521Z"}
{"level":"info","message":"New connection: 3X1sgBPBPaQgN6-ZAALZ","timestamp":"2024-09-30T13:08:56.529Z"}
{"level":"info","message":"User wira joined room 1ea819dd-1822-49fd-948f-09c290a831fd. Total users: 2","timestamp":"2024-09-30T13:08:56.530Z"}
{"level":"info","message":"User wira left room 1ea819dd-1822-49fd-948f-09c290a831fd. Total users: 1","timestamp":"2024-09-30T13:08:56.530Z"}
{"level":"info","message":"User wira joined room 1ea819dd-1822-49fd-948f-09c290a831fd. Total users: 2","timestamp":"2024-09-30T13:08:56.531Z"}
{"level":"info","message":"User wira left room 1ea819dd-1822-49fd-948f-09c290a831fd. Total users: 1","timestamp":"2024-09-30T13:08:56.532Z"}
{"level":"info","message":"New connection: oSTZAUiz1Kwb7dkBAALb","timestamp":"2024-09-30T13:08:56.549Z"}
{"level":"info","message":"User wira joined room 1ea819dd-1822-49fd-948f-09c290a831fd. Total users: 2","timestamp":"2024-09-30T13:08:56.550Z"}
{"level":"info","message":"User wira left room 1ea819dd-1822-49fd-948f-09c290a831fd. Total users: 1","timestamp":"2024-09-30T13:08:56.550Z"}
{"level":"info","message":"User wira joined room 1ea819dd-1822-49fd-948f-09c290a831fd. Total users: 2","timestamp":"2024-09-30T13:08:56.551Z"}
{"level":"info","message":"User wira left room 1ea819dd-1822-49fd-948f-09c290a831fd. Total users: 1","timestamp":"2024-09-30T13:08:56.552Z"}
{"level":"info","message":"New connection: FCOA70pZgQfA63PaAALd","timestamp":"2024-09-30T13:08:56.564Z"}
{"level":"info","message":"User wira joined room 1ea819dd-1822-49fd-948f-09c290a831fd. Total users: 2","timestamp":"2024-09-30T13:08:56.565Z"}
{"level":"info","message":"User wira left room 1ea819dd-1822-49fd-948f-09c290a831fd. Total users: 1","timestamp":"2024-09-30T13:08:56.566Z"}
{"level":"info","message":"User wira joined room 1ea819dd-1822-49fd-948f-09c290a831fd. Total users: 2","timestamp":"2024-09-30T13:08:56.566Z"}
{"level":"info","message":"User wira left room 1ea819dd-1822-49fd-948f-09c290a831fd. Total users: 1","timestamp":"2024-09-30T13:08:56.567Z"}
{"level":"info","message":"New connection: rLVT3bzU-T2_ad4AAALf","timestamp":"2024-09-30T13:08:56.578Z"}
{"level":"info","message":"User wira joined room 1ea819dd-1822-49fd-948f-09c290a831fd. Total users: 2","timestamp":"2024-09-30T13:08:56.579Z"}
{"level":"info","message":"User wira left room 1ea819dd-1822-49fd-948f-09c290a831fd. Total users: 1","timestamp":"2024-09-30T13:08:56.579Z"}
{"level":"info","message":"User wira joined room 1ea819dd-1822-49fd-948f-09c290a831fd. Total users: 2","timestamp":"2024-09-30T13:08:56.580Z"}
{"level":"info","message":"User wira left room 1ea819dd-1822-49fd-948f-09c290a831fd. Total users: 1","timestamp":"2024-09-30T13:08:56.580Z"}
{"level":"info","message":"New connection: qQnr9pfY3uitawSkAALh","timestamp":"2024-09-30T13:08:56.593Z"}
{"level":"info","message":"User wira joined room 1ea819dd-1822-49fd-948f-09c290a831fd. Total users: 2","timestamp":"2024-09-30T13:08:56.594Z"}
{"level":"info","message":"User wira left room 1ea819dd-1822-49fd-948f-09c290a831fd. Total users: 1","timestamp":"2024-09-30T13:08:56.595Z"}
{"level":"info","message":"User wira joined room 1ea819dd-1822-49fd-948f-09c290a831fd. Total users: 2","timestamp":"2024-09-30T13:08:56.595Z"}
{"level":"info","message":"User wira left room 1ea819dd-1822-49fd-948f-09c290a831fd. Total users: 1","timestamp":"2024-09-30T13:08:56.595Z"}
{"level":"info","message":"New connection: 32qSKdHpdhjwqaNqAALj","timestamp":"2024-09-30T13:08:56.606Z"}
{"level":"info","message":"User wira joined room 1ea819dd-1822-49fd-948f-09c290a831fd. Total users: 2","timestamp":"2024-09-30T13:08:56.606Z"}
{"level":"info","message":"User wira left room 1ea819dd-1822-49fd-948f-09c290a831fd. Total users: 1","timestamp":"2024-09-30T13:08:56.608Z"}
{"level":"info","message":"User wira joined room 1ea819dd-1822-49fd-948f-09c290a831fd. Total users: 2","timestamp":"2024-09-30T13:08:56.608Z"}
{"level":"info","message":"User wira left room 1ea819dd-1822-49fd-948f-09c290a831fd. Total users: 1","timestamp":"2024-09-30T13:08:56.609Z"}
{"level":"info","message":"New connection: sagf99iMlpWc66a7AALl","timestamp":"2024-09-30T13:08:56.621Z"}
{"level":"info","message":"User wira joined room 1ea819dd-1822-49fd-948f-09c290a831fd. Total users: 2","timestamp":"2024-09-30T13:08:56.621Z"}
{"level":"info","message":"User wira left room 1ea819dd-1822-49fd-948f-09c290a831fd. Total users: 1","timestamp":"2024-09-30T13:08:56.622Z"}
{"level":"info","message":"User wira joined room 1ea819dd-1822-49fd-948f-09c290a831fd. Total users: 2","timestamp":"2024-09-30T13:08:56.622Z"}
{"level":"info","message":"User wira left room 1ea819dd-1822-49fd-948f-09c290a831fd. Total users: 1","timestamp":"2024-09-30T13:08:56.623Z"}
{"level":"info","message":"New connection: zqjJyLCSMVaok0RgAALn","timestamp":"2024-09-30T13:08:56.641Z"}
{"level":"info","message":"User wira joined room 1ea819dd-1822-49fd-948f-09c290a831fd. Total users: 2","timestamp":"2024-09-30T13:08:56.641Z"}
{"level":"info","message":"User wira left room 1ea819dd-1822-49fd-948f-09c290a831fd. Total users: 1","timestamp":"2024-09-30T13:08:56.642Z"}
{"level":"info","message":"User wira joined room 1ea819dd-1822-49fd-948f-09c290a831fd. Total users: 2","timestamp":"2024-09-30T13:08:56.642Z"}
{"level":"info","message":"User wira left room 1ea819dd-1822-49fd-948f-09c290a831fd. Total users: 1","timestamp":"2024-09-30T13:08:56.642Z"}
{"level":"info","message":"New connection: dFC0p69bTdYdpzSiAALp","timestamp":"2024-09-30T13:08:56.655Z"}
{"level":"info","message":"User wira joined room 1ea819dd-1822-49fd-948f-09c290a831fd. Total users: 2","timestamp":"2024-09-30T13:08:56.658Z"}
{"level":"info","message":"User wira left room 1ea819dd-1822-49fd-948f-09c290a831fd. Total users: 1","timestamp":"2024-09-30T13:08:56.660Z"}
{"level":"info","message":"User wira joined room 1ea819dd-1822-49fd-948f-09c290a831fd. Total users: 2","timestamp":"2024-09-30T13:08:56.661Z"}
{"level":"info","message":"User wira left room 1ea819dd-1822-49fd-948f-09c290a831fd. Total users: 1","timestamp":"2024-09-30T13:08:56.662Z"}
{"level":"info","message":"New connection: -Dh0kIPbb6acQeu3AALr","timestamp":"2024-09-30T13:08:56.670Z"}
{"level":"info","message":"User wira joined room 1ea819dd-1822-49fd-948f-09c290a831fd. Total users: 2","timestamp":"2024-09-30T13:08:56.671Z"}
{"level":"info","message":"User wira left room 1ea819dd-1822-49fd-948f-09c290a831fd. Total users: 1","timestamp":"2024-09-30T13:08:56.673Z"}
{"level":"info","message":"User wira joined room 1ea819dd-1822-49fd-948f-09c290a831fd. Total users: 2","timestamp":"2024-09-30T13:08:56.673Z"}
{"level":"info","message":"User wira left room 1ea819dd-1822-49fd-948f-09c290a831fd. Total users: 1","timestamp":"2024-09-30T13:08:56.674Z"}
{"level":"info","message":"New connection: S4L0_-TicMoA3KABAALt","timestamp":"2024-09-30T13:08:56.680Z"}
{"level":"info","message":"User wira joined room 1ea819dd-1822-49fd-948f-09c290a831fd. Total users: 2","timestamp":"2024-09-30T13:08:56.682Z"}
{"level":"info","message":"User wira left room 1ea819dd-1822-49fd-948f-09c290a831fd. Total users: 1","timestamp":"2024-09-30T13:08:56.683Z"}
{"level":"info","message":"User wira joined room 1ea819dd-1822-49fd-948f-09c290a831fd. Total users: 2","timestamp":"2024-09-30T13:08:56.684Z"}
{"level":"info","message":"User wira left room 1ea819dd-1822-49fd-948f-09c290a831fd. Total users: 1","timestamp":"2024-09-30T13:08:56.685Z"}
{"level":"info","message":"New connection: Iyom9AueRmj8jk4IAALv","timestamp":"2024-09-30T13:08:56.700Z"}
{"level":"info","message":"User wira joined room 1ea819dd-1822-49fd-948f-09c290a831fd. Total users: 2","timestamp":"2024-09-30T13:08:56.705Z"}
{"level":"info","message":"User wira left room 1ea819dd-1822-49fd-948f-09c290a831fd. Total users: 1","timestamp":"2024-09-30T13:08:56.706Z"}
{"level":"info","message":"User wira joined room 1ea819dd-1822-49fd-948f-09c290a831fd. Total users: 2","timestamp":"2024-09-30T13:08:56.706Z"}
{"level":"info","message":"User wira left room 1ea819dd-1822-49fd-948f-09c290a831fd. Total users: 1","timestamp":"2024-09-30T13:08:56.707Z"}
{"level":"info","message":"New connection: ulw3BlEZwSkdSf7pAALx","timestamp":"2024-09-30T13:08:56.712Z"}
{"level":"info","message":"User wira joined room 1ea819dd-1822-49fd-948f-09c290a831fd. Total users: 2","timestamp":"2024-09-30T13:08:56.713Z"}
{"level":"info","message":"User wira left room 1ea819dd-1822-49fd-948f-09c290a831fd. Total users: 1","timestamp":"2024-09-30T13:08:56.714Z"}
{"level":"info","message":"User wira joined room 1ea819dd-1822-49fd-948f-09c290a831fd. Total users: 2","timestamp":"2024-09-30T13:08:56.715Z"}
{"level":"info","message":"User wira left room 1ea819dd-1822-49fd-948f-09c290a831fd. Total users: 1","timestamp":"2024-09-30T13:08:56.715Z"}
{"level":"info","message":"New connection: dMkouLgB2bTJE-iqAALz","timestamp":"2024-09-30T13:08:56.721Z"}
{"level":"info","message":"User wira joined room 1ea819dd-1822-49fd-948f-09c290a831fd. Total users: 2","timestamp":"2024-09-30T13:08:56.722Z"}
{"level":"info","message":"User wira left room 1ea819dd-1822-49fd-948f-09c290a831fd. Total users: 1","timestamp":"2024-09-30T13:08:56.723Z"}
{"level":"info","message":"User wira joined room 1ea819dd-1822-49fd-948f-09c290a831fd. Total users: 2","timestamp":"2024-09-30T13:08:56.724Z"}
{"level":"info","message":"User wira left room 1ea819dd-1822-49fd-948f-09c290a831fd. Total users: 1","timestamp":"2024-09-30T13:08:56.725Z"}
{"level":"info","message":"New connection: vgq99ln3um0Uq8B1AAL1","timestamp":"2024-09-30T13:08:56.730Z"}
{"level":"info","message":"User wira joined room 1ea819dd-1822-49fd-948f-09c290a831fd. Total users: 2","timestamp":"2024-09-30T13:08:56.731Z"}
{"level":"info","message":"User wira left room 1ea819dd-1822-49fd-948f-09c290a831fd. Total users: 1","timestamp":"2024-09-30T13:08:56.732Z"}
{"level":"info","message":"User wira joined room 1ea819dd-1822-49fd-948f-09c290a831fd. Total users: 2","timestamp":"2024-09-30T13:08:56.733Z"}
{"level":"info","message":"User wira left room 1ea819dd-1822-49fd-948f-09c290a831fd. Total users: 1","timestamp":"2024-09-30T13:08:56.734Z"}
{"level":"info","message":"New connection: NcyY_m_GFVqqlQ1hAAL3","timestamp":"2024-09-30T13:08:56.741Z"}
{"level":"info","message":"User wira joined room 1ea819dd-1822-49fd-948f-09c290a831fd. Total users: 2","timestamp":"2024-09-30T13:08:56.742Z"}
{"level":"info","message":"User wira left room 1ea819dd-1822-49fd-948f-09c290a831fd. Total users: 1","timestamp":"2024-09-30T13:08:56.743Z"}
{"level":"info","message":"User wira joined room 1ea819dd-1822-49fd-948f-09c290a831fd. Total users: 2","timestamp":"2024-09-30T13:08:56.744Z"}
{"level":"info","message":"User wira left room 1ea819dd-1822-49fd-948f-09c290a831fd. Total users: 1","timestamp":"2024-09-30T13:08:56.745Z"}
{"level":"info","message":"New connection: hRSG2gl7rViPQXkqAAL5","timestamp":"2024-09-30T13:08:56.754Z"}
{"level":"info","message":"User wira joined room 1ea819dd-1822-49fd-948f-09c290a831fd. Total users: 2","timestamp":"2024-09-30T13:08:56.754Z"}
{"level":"info","message":"User wira left room 1ea819dd-1822-49fd-948f-09c290a831fd. Total users: 1","timestamp":"2024-09-30T13:08:56.755Z"}
{"level":"info","message":"User wira joined room 1ea819dd-1822-49fd-948f-09c290a831fd. Total users: 2","timestamp":"2024-09-30T13:08:56.756Z"}
{"level":"info","message":"User wira left room 1ea819dd-1822-49fd-948f-09c290a831fd. Total users: 1","timestamp":"2024-09-30T13:08:56.757Z"}
{"level":"info","message":"New connection: KbSUQFG-5Fh3yNvYAAL8","timestamp":"2024-09-30T13:08:56.788Z"}
{"level":"info","message":"User wira joined room 1ea819dd-1822-49fd-948f-09c290a831fd. Total users: 2","timestamp":"2024-09-30T13:08:56.789Z"}
{"level":"info","message":"User wira left room 1ea819dd-1822-49fd-948f-09c290a831fd. Total users: 1","timestamp":"2024-09-30T13:08:56.790Z"}
{"level":"info","message":"User wira joined room 1ea819dd-1822-49fd-948f-09c290a831fd. Total users: 2","timestamp":"2024-09-30T13:08:56.791Z"}
{"level":"info","message":"User wira left room 1ea819dd-1822-49fd-948f-09c290a831fd. Total users: 1","timestamp":"2024-09-30T13:08:56.792Z"}
{"level":"info","message":"New connection: pS0tei1S3FjWIacSAAL9","timestamp":"2024-09-30T13:08:56.793Z"}
{"level":"info","message":"User wira joined room 1ea819dd-1822-49fd-948f-09c290a831fd. Total users: 2","timestamp":"2024-09-30T13:08:56.797Z"}
{"level":"info","message":"User wira joined room 1ea819dd-1822-49fd-948f-09c290a831fd. Total users: 2","timestamp":"2024-09-30T13:08:56.797Z"}
{"level":"info","message":"User wira left room 1ea819dd-1822-49fd-948f-09c290a831fd. Total users: 1","timestamp":"2024-09-30T13:08:56.798Z"}
{"level":"info","message":"New connection: b51vP0RT6S20AnH-AAL_","timestamp":"2024-09-30T13:08:56.805Z"}
{"level":"info","message":"User wira joined room 1ea819dd-1822-49fd-948f-09c290a831fd. Total users: 2","timestamp":"2024-09-30T13:08:56.806Z"}
{"level":"info","message":"User wira left room 1ea819dd-1822-49fd-948f-09c290a831fd. Total users: 1","timestamp":"2024-09-30T13:08:56.807Z"}
{"level":"info","message":"User wira joined room 1ea819dd-1822-49fd-948f-09c290a831fd. Total users: 2","timestamp":"2024-09-30T13:08:56.808Z"}
{"level":"info","message":"User wira left room 1ea819dd-1822-49fd-948f-09c290a831fd. Total users: 1","timestamp":"2024-09-30T13:08:56.808Z"}
{"level":"info","message":"New connection: pZeRYgS0UaWZm2rRAAMB","timestamp":"2024-09-30T13:08:56.813Z"}
{"level":"info","message":"User wira joined room 1ea819dd-1822-49fd-948f-09c290a831fd. Total users: 2","timestamp":"2024-09-30T13:08:56.814Z"}
{"level":"info","message":"User wira left room 1ea819dd-1822-49fd-948f-09c290a831fd. Total users: 1","timestamp":"2024-09-30T13:08:56.815Z"}
{"level":"info","message":"User wira joined room 1ea819dd-1822-49fd-948f-09c290a831fd. Total users: 2","timestamp":"2024-09-30T13:08:56.815Z"}
{"level":"info","message":"User wira left room 1ea819dd-1822-49fd-948f-09c290a831fd. Total users: 1","timestamp":"2024-09-30T13:08:56.815Z"}
{"level":"info","message":"New connection: 9d4GE-BqTizxs0HeAAMD","timestamp":"2024-09-30T13:08:56.823Z"}
{"level":"info","message":"User wira joined room 1ea819dd-1822-49fd-948f-09c290a831fd. Total users: 2","timestamp":"2024-09-30T13:08:56.824Z"}
{"level":"info","message":"User wira left room 1ea819dd-1822-49fd-948f-09c290a831fd. Total users: 1","timestamp":"2024-09-30T13:08:56.824Z"}
{"level":"info","message":"User wira joined room 1ea819dd-1822-49fd-948f-09c290a831fd. Total users: 2","timestamp":"2024-09-30T13:08:56.824Z"}
{"level":"info","message":"User wira left room 1ea819dd-1822-49fd-948f-09c290a831fd. Total users: 1","timestamp":"2024-09-30T13:08:56.825Z"}
{"level":"info","message":"New connection: x5ZP9gx9btqJt75gAAMF","timestamp":"2024-09-30T13:08:56.845Z"}
{"level":"info","message":"User wira joined room 1ea819dd-1822-49fd-948f-09c290a831fd. Total users: 2","timestamp":"2024-09-30T13:08:56.846Z"}
{"level":"info","message":"User wira left room 1ea819dd-1822-49fd-948f-09c290a831fd. Total users: 1","timestamp":"2024-09-30T13:08:56.847Z"}
{"level":"info","message":"User wira joined room 1ea819dd-1822-49fd-948f-09c290a831fd. Total users: 2","timestamp":"2024-09-30T13:08:56.847Z"}
{"level":"info","message":"User wira left room 1ea819dd-1822-49fd-948f-09c290a831fd. Total users: 1","timestamp":"2024-09-30T13:08:56.848Z"}
{"level":"info","message":"New connection: Gbq6auWgBeLmXJQTAAMH","timestamp":"2024-09-30T13:08:56.853Z"}
{"level":"info","message":"User wira joined room 1ea819dd-1822-49fd-948f-09c290a831fd. Total users: 2","timestamp":"2024-09-30T13:08:56.854Z"}
{"level":"info","message":"User wira left room 1ea819dd-1822-49fd-948f-09c290a831fd. Total users: 1","timestamp":"2024-09-30T13:08:56.856Z"}
{"level":"info","message":"User wira joined room 1ea819dd-1822-49fd-948f-09c290a831fd. Total users: 2","timestamp":"2024-09-30T13:08:56.856Z"}
{"level":"info","message":"User wira left room 1ea819dd-1822-49fd-948f-09c290a831fd. Total users: 1","timestamp":"2024-09-30T13:08:56.857Z"}
{"level":"info","message":"New connection: 1Rq6Cb-spaVp18njAAMJ","timestamp":"2024-09-30T13:08:56.866Z"}
{"level":"info","message":"User wira joined room 1ea819dd-1822-49fd-948f-09c290a831fd. Total users: 2","timestamp":"2024-09-30T13:08:56.866Z"}
{"level":"info","message":"User wira left room 1ea819dd-1822-49fd-948f-09c290a831fd. Total users: 1","timestamp":"2024-09-30T13:08:56.867Z"}
{"level":"info","message":"User wira joined room 1ea819dd-1822-49fd-948f-09c290a831fd. Total users: 2","timestamp":"2024-09-30T13:08:56.868Z"}
{"level":"info","message":"User wira left room 1ea819dd-1822-49fd-948f-09c290a831fd. Total users: 1","timestamp":"2024-09-30T13:08:56.869Z"}
{"level":"info","message":"New connection: TMOFh3wqaoCWjajuAAMM","timestamp":"2024-09-30T13:08:56.919Z"}
{"level":"info","message":"New connection: 56fqpOAC70WxCiPdAAMN","timestamp":"2024-09-30T13:08:56.920Z"}
{"level":"info","message":"User wira joined room 1ea819dd-1822-49fd-948f-09c290a831fd. Total users: 2","timestamp":"2024-09-30T13:08:56.920Z"}
{"level":"info","message":"User wira left room 1ea819dd-1822-49fd-948f-09c290a831fd. Total users: 1","timestamp":"2024-09-30T13:08:56.921Z"}
{"level":"info","message":"User wira joined room 1ea819dd-1822-49fd-948f-09c290a831fd. Total users: 2","timestamp":"2024-09-30T13:08:56.921Z"}
{"level":"info","message":"User wira left room 1ea819dd-1822-49fd-948f-09c290a831fd. Total users: 1","timestamp":"2024-09-30T13:08:56.922Z"}
{"level":"info","message":"User wira joined room 1ea819dd-1822-49fd-948f-09c290a831fd. Total users: 2","timestamp":"2024-09-30T13:08:56.927Z"}
{"level":"info","message":"User wira joined room 1ea819dd-1822-49fd-948f-09c290a831fd. Total users: 2","timestamp":"2024-09-30T13:08:56.928Z"}
{"level":"info","message":"User wira left room 1ea819dd-1822-49fd-948f-09c290a831fd. Total users: 1","timestamp":"2024-09-30T13:08:56.930Z"}
{"level":"info","message":"New connection: M_pBEbTjBPqWAxJbAAMQ","timestamp":"2024-09-30T13:08:56.949Z"}
{"level":"info","message":"User wira joined room 1ea819dd-1822-49fd-948f-09c290a831fd. Total users: 2","timestamp":"2024-09-30T13:08:56.950Z"}
{"level":"info","message":"User wira left room 1ea819dd-1822-49fd-948f-09c290a831fd. Total users: 1","timestamp":"2024-09-30T13:08:56.951Z"}
{"level":"info","message":"User wira joined room 1ea819dd-1822-49fd-948f-09c290a831fd. Total users: 2","timestamp":"2024-09-30T13:08:56.951Z"}
{"level":"info","message":"User wira left room 1ea819dd-1822-49fd-948f-09c290a831fd. Total users: 1","timestamp":"2024-09-30T13:08:56.952Z"}
{"level":"info","message":"New connection: 7rXOmYR5ZgOFBMZDAAMR","timestamp":"2024-09-30T13:08:56.953Z"}
{"level":"info","message":"User wira joined room 1ea819dd-1822-49fd-948f-09c290a831fd. Total users: 2","timestamp":"2024-09-30T13:08:56.956Z"}
{"level":"info","message":"User wira joined room 1ea819dd-1822-49fd-948f-09c290a831fd. Total users: 2","timestamp":"2024-09-30T13:08:56.956Z"}
{"level":"info","message":"User wira left room 1ea819dd-1822-49fd-948f-09c290a831fd. Total users: 1","timestamp":"2024-09-30T13:08:56.958Z"}
{"level":"info","message":"New connection: eOB54ZXrsGMVUHzUAAMT","timestamp":"2024-09-30T13:08:56.964Z"}
{"level":"info","message":"User wira joined room 1ea819dd-1822-49fd-948f-09c290a831fd. Total users: 2","timestamp":"2024-09-30T13:08:56.964Z"}
{"level":"info","message":"User wira left room 1ea819dd-1822-49fd-948f-09c290a831fd. Total users: 1","timestamp":"2024-09-30T13:08:56.965Z"}
{"level":"info","message":"User wira joined room 1ea819dd-1822-49fd-948f-09c290a831fd. Total users: 2","timestamp":"2024-09-30T13:08:56.966Z"}
{"level":"info","message":"User wira left room 1ea819dd-1822-49fd-948f-09c290a831fd. Total users: 1","timestamp":"2024-09-30T13:08:56.968Z"}
{"level":"info","message":"New connection: n9dGZexzM6Vvoz5EAAMW","timestamp":"2024-09-30T13:08:56.995Z"}
{"level":"info","message":"User wira joined room 1ea819dd-1822-49fd-948f-09c290a831fd. Total users: 2","timestamp":"2024-09-30T13:08:56.996Z"}
{"level":"info","message":"User wira left room 1ea819dd-1822-49fd-948f-09c290a831fd. Total users: 1","timestamp":"2024-09-30T13:08:56.997Z"}
{"level":"info","message":"User wira joined room 1ea819dd-1822-49fd-948f-09c290a831fd. Total users: 2","timestamp":"2024-09-30T13:08:56.997Z"}
{"level":"info","message":"User wira left room 1ea819dd-1822-49fd-948f-09c290a831fd. Total users: 1","timestamp":"2024-09-30T13:08:56.998Z"}
{"level":"info","message":"New connection: FYONFKkIafrK9O4CAAMX","timestamp":"2024-09-30T13:08:56.999Z"}
{"level":"info","message":"User wira joined room 1ea819dd-1822-49fd-948f-09c290a831fd. Total users: 2","timestamp":"2024-09-30T13:08:57.002Z"}
{"level":"info","message":"User wira joined room 1ea819dd-1822-49fd-948f-09c290a831fd. Total users: 2","timestamp":"2024-09-30T13:08:57.003Z"}
{"level":"info","message":"User wira left room 1ea819dd-1822-49fd-948f-09c290a831fd. Total users: 1","timestamp":"2024-09-30T13:08:57.004Z"}
{"level":"info","message":"New connection: NBVpVKHm6Cix_nXcAAMZ","timestamp":"2024-09-30T13:08:57.011Z"}
{"level":"info","message":"User wira joined room 1ea819dd-1822-49fd-948f-09c290a831fd. Total users: 2","timestamp":"2024-09-30T13:08:57.011Z"}
{"level":"info","message":"User wira left room 1ea819dd-1822-49fd-948f-09c290a831fd. Total users: 1","timestamp":"2024-09-30T13:08:57.012Z"}
{"level":"info","message":"User wira joined room 1ea819dd-1822-49fd-948f-09c290a831fd. Total users: 2","timestamp":"2024-09-30T13:08:57.013Z"}
{"level":"info","message":"User wira left room 1ea819dd-1822-49fd-948f-09c290a831fd. Total users: 1","timestamp":"2024-09-30T13:08:57.014Z"}
{"level":"info","message":"New connection: U-nB9icjtXDC5BoOAAMb","timestamp":"2024-09-30T13:08:57.019Z"}
{"level":"info","message":"User wira joined room 1ea819dd-1822-49fd-948f-09c290a831fd. Total users: 2","timestamp":"2024-09-30T13:08:57.020Z"}
{"level":"info","message":"User wira left room 1ea819dd-1822-49fd-948f-09c290a831fd. Total users: 1","timestamp":"2024-09-30T13:08:57.020Z"}
{"level":"info","message":"User wira joined room 1ea819dd-1822-49fd-948f-09c290a831fd. Total users: 2","timestamp":"2024-09-30T13:08:57.021Z"}
{"level":"info","message":"User wira left room 1ea819dd-1822-49fd-948f-09c290a831fd. Total users: 1","timestamp":"2024-09-30T13:08:57.022Z"}
{"level":"info","message":"New connection: 6cfStg2BWEsXSGm-AAMd","timestamp":"2024-09-30T13:08:57.032Z"}
{"level":"info","message":"User wira joined room 1ea819dd-1822-49fd-948f-09c290a831fd. Total users: 2","timestamp":"2024-09-30T13:08:57.033Z"}
{"level":"info","message":"User wira left room 1ea819dd-1822-49fd-948f-09c290a831fd. Total users: 1","timestamp":"2024-09-30T13:08:57.033Z"}
{"level":"info","message":"User wira joined room 1ea819dd-1822-49fd-948f-09c290a831fd. Total users: 2","timestamp":"2024-09-30T13:08:57.034Z"}
{"level":"info","message":"User wira left room 1ea819dd-1822-49fd-948f-09c290a831fd. Total users: 1","timestamp":"2024-09-30T13:08:57.034Z"}
{"level":"info","message":"New connection: iD9V5TqBQJ8_CGwtAAMg","timestamp":"2024-09-30T13:08:57.054Z"}
{"level":"info","message":"User wira joined room 1ea819dd-1822-49fd-948f-09c290a831fd. Total users: 2","timestamp":"2024-09-30T13:08:57.055Z"}
{"level":"info","message":"User wira left room 1ea819dd-1822-49fd-948f-09c290a831fd. Total users: 1","timestamp":"2024-09-30T13:08:57.056Z"}
{"level":"info","message":"User wira joined room 1ea819dd-1822-49fd-948f-09c290a831fd. Total users: 2","timestamp":"2024-09-30T13:08:57.057Z"}
{"level":"info","message":"User wira left room 1ea819dd-1822-49fd-948f-09c290a831fd. Total users: 1","timestamp":"2024-09-30T13:08:57.058Z"}
{"level":"info","message":"New connection: _Spomd5mEMHAuUysAAMh","timestamp":"2024-09-30T13:08:57.058Z"}
{"level":"info","message":"User wira joined room 1ea819dd-1822-49fd-948f-09c290a831fd. Total users: 2","timestamp":"2024-09-30T13:08:57.061Z"}
{"level":"info","message":"User wira joined room 1ea819dd-1822-49fd-948f-09c290a831fd. Total users: 2","timestamp":"2024-09-30T13:08:57.063Z"}
{"level":"info","message":"User wira left room 1ea819dd-1822-49fd-948f-09c290a831fd. Total users: 1","timestamp":"2024-09-30T13:08:57.063Z"}
{"level":"info","message":"New connection: uDgM6xoYyJTNT92jAAMj","timestamp":"2024-09-30T13:08:57.070Z"}
{"level":"info","message":"User wira joined room 1ea819dd-1822-49fd-948f-09c290a831fd. Total users: 2","timestamp":"2024-09-30T13:08:57.071Z"}
{"level":"info","message":"User wira left room 1ea819dd-1822-49fd-948f-09c290a831fd. Total users: 1","timestamp":"2024-09-30T13:08:57.072Z"}
{"level":"info","message":"User wira joined room 1ea819dd-1822-49fd-948f-09c290a831fd. Total users: 2","timestamp":"2024-09-30T13:08:57.073Z"}
{"level":"info","message":"User wira left room 1ea819dd-1822-49fd-948f-09c290a831fd. Total users: 1","timestamp":"2024-09-30T13:08:57.074Z"}
{"level":"info","message":"New connection: c_ViUAg7iSb2R986AAMl","timestamp":"2024-09-30T13:08:57.083Z"}
{"level":"info","message":"User wira joined room 1ea819dd-1822-49fd-948f-09c290a831fd. Total users: 2","timestamp":"2024-09-30T13:08:57.084Z"}
{"level":"info","message":"User wira left room 1ea819dd-1822-49fd-948f-09c290a831fd. Total users: 1","timestamp":"2024-09-30T13:08:57.086Z"}
{"level":"info","message":"User wira joined room 1ea819dd-1822-49fd-948f-09c290a831fd. Total users: 2","timestamp":"2024-09-30T13:08:57.087Z"}
{"level":"info","message":"User wira left room 1ea819dd-1822-49fd-948f-09c290a831fd. Total users: 1","timestamp":"2024-09-30T13:08:57.088Z"}
{"level":"info","message":"New connection: qp1umP_tPGORks_YAAMo","timestamp":"2024-09-30T13:08:57.109Z"}
{"level":"info","message":"User wira joined room 1ea819dd-1822-49fd-948f-09c290a831fd. Total users: 2","timestamp":"2024-09-30T13:08:57.145Z"}
{"level":"info","message":"User wira left room 1ea819dd-1822-49fd-948f-09c290a831fd. Total users: 1","timestamp":"2024-09-30T13:08:57.146Z"}
{"level":"info","message":"User wira joined room 1ea819dd-1822-49fd-948f-09c290a831fd. Total users: 2","timestamp":"2024-09-30T13:08:57.147Z"}
{"level":"info","message":"User wira left room 1ea819dd-1822-49fd-948f-09c290a831fd. Total users: 1","timestamp":"2024-09-30T13:08:57.147Z"}
{"level":"info","message":"New connection: a3cOs_Pd5F9aOzE7AAMp","timestamp":"2024-09-30T13:08:57.148Z"}
{"level":"info","message":"User wira joined room 1ea819dd-1822-49fd-948f-09c290a831fd. Total users: 2","timestamp":"2024-09-30T13:08:57.151Z"}
{"level":"info","message":"User wira joined room 1ea819dd-1822-49fd-948f-09c290a831fd. Total users: 2","timestamp":"2024-09-30T13:08:57.152Z"}
{"level":"info","message":"User wira left room 1ea819dd-1822-49fd-948f-09c290a831fd. Total users: 1","timestamp":"2024-09-30T13:08:57.153Z"}
{"level":"info","message":"New connection: hpE4hiS109sqN-WGAAMr","timestamp":"2024-09-30T13:08:57.158Z"}
{"level":"info","message":"User wira joined room 1ea819dd-1822-49fd-948f-09c290a831fd. Total users: 2","timestamp":"2024-09-30T13:08:57.160Z"}
{"level":"info","message":"User wira left room 1ea819dd-1822-49fd-948f-09c290a831fd. Total users: 1","timestamp":"2024-09-30T13:08:57.161Z"}
{"level":"info","message":"User wira joined room 1ea819dd-1822-49fd-948f-09c290a831fd. Total users: 2","timestamp":"2024-09-30T13:08:57.161Z"}
{"level":"info","message":"User wira left room 1ea819dd-1822-49fd-948f-09c290a831fd. Total users: 1","timestamp":"2024-09-30T13:08:57.162Z"}
{"level":"info","message":"New connection: MecjimgKwWnj9Sx0AAMt","timestamp":"2024-09-30T13:08:57.166Z"}
{"level":"info","message":"User wira joined room 1ea819dd-1822-49fd-948f-09c290a831fd. Total users: 2","timestamp":"2024-09-30T13:08:57.167Z"}
{"level":"info","message":"User wira left room 1ea819dd-1822-49fd-948f-09c290a831fd. Total users: 1","timestamp":"2024-09-30T13:08:57.168Z"}
{"level":"info","message":"User wira joined room 1ea819dd-1822-49fd-948f-09c290a831fd. Total users: 2","timestamp":"2024-09-30T13:08:57.168Z"}
{"level":"info","message":"User wira left room 1ea819dd-1822-49fd-948f-09c290a831fd. Total users: 1","timestamp":"2024-09-30T13:08:57.169Z"}
{"level":"info","message":"New connection: dbG9MtuL2WylVaK0AAMv","timestamp":"2024-09-30T13:08:57.178Z"}
{"level":"info","message":"User wira joined room 1ea819dd-1822-49fd-948f-09c290a831fd. Total users: 2","timestamp":"2024-09-30T13:08:57.179Z"}
{"level":"info","message":"User wira left room 1ea819dd-1822-49fd-948f-09c290a831fd. Total users: 1","timestamp":"2024-09-30T13:08:57.180Z"}
{"level":"info","message":"User wira joined room 1ea819dd-1822-49fd-948f-09c290a831fd. Total users: 2","timestamp":"2024-09-30T13:08:57.180Z"}
{"level":"info","message":"User wira left room 1ea819dd-1822-49fd-948f-09c290a831fd. Total users: 1","timestamp":"2024-09-30T13:08:57.181Z"}
{"level":"info","message":"New connection: 7B2TT8rTQV8dPF0ZAAMy","timestamp":"2024-09-30T13:08:57.208Z"}
{"level":"info","message":"User wira joined room 1ea819dd-1822-49fd-948f-09c290a831fd. Total users: 2","timestamp":"2024-09-30T13:08:57.208Z"}
{"level":"info","message":"User wira left room 1ea819dd-1822-49fd-948f-09c290a831fd. Total users: 1","timestamp":"2024-09-30T13:08:57.209Z"}
{"level":"info","message":"User wira joined room 1ea819dd-1822-49fd-948f-09c290a831fd. Total users: 2","timestamp":"2024-09-30T13:08:57.210Z"}
{"level":"info","message":"User wira left room 1ea819dd-1822-49fd-948f-09c290a831fd. Total users: 1","timestamp":"2024-09-30T13:08:57.211Z"}
{"level":"info","message":"New connection: waUWm_WVo_fCrx3lAAMz","timestamp":"2024-09-30T13:08:57.212Z"}
{"level":"info","message":"User wira joined room 1ea819dd-1822-49fd-948f-09c290a831fd. Total users: 2","timestamp":"2024-09-30T13:08:57.215Z"}
{"level":"info","message":"User wira joined room 1ea819dd-1822-49fd-948f-09c290a831fd. Total users: 2","timestamp":"2024-09-30T13:08:57.216Z"}
{"level":"info","message":"User wira left room 1ea819dd-1822-49fd-948f-09c290a831fd. Total users: 1","timestamp":"2024-09-30T13:08:57.218Z"}
{"level":"info","message":"New connection: r9wN-umu1K7KfyDXAAM1","timestamp":"2024-09-30T13:08:57.226Z"}
{"level":"info","message":"User wira joined room 1ea819dd-1822-49fd-948f-09c290a831fd. Total users: 2","timestamp":"2024-09-30T13:08:57.226Z"}
{"level":"info","message":"User wira left room 1ea819dd-1822-49fd-948f-09c290a831fd. Total users: 1","timestamp":"2024-09-30T13:08:57.227Z"}
{"level":"info","message":"User wira joined room 1ea819dd-1822-49fd-948f-09c290a831fd. Total users: 2","timestamp":"2024-09-30T13:08:57.227Z"}
{"level":"info","message":"User wira left room 1ea819dd-1822-49fd-948f-09c290a831fd. Total users: 1","timestamp":"2024-09-30T13:08:57.228Z"}
{"level":"info","message":"New connection: 4ijzpBaJ6wNO_Q3gAAM4","timestamp":"2024-09-30T13:08:57.256Z"}
{"level":"info","message":"User wira joined room 1ea819dd-1822-49fd-948f-09c290a831fd. Total users: 2","timestamp":"2024-09-30T13:08:57.257Z"}
{"level":"info","message":"User wira left room 1ea819dd-1822-49fd-948f-09c290a831fd. Total users: 1","timestamp":"2024-09-30T13:08:57.258Z"}
{"level":"info","message":"User wira joined room 1ea819dd-1822-49fd-948f-09c290a831fd. Total users: 2","timestamp":"2024-09-30T13:08:57.258Z"}
{"level":"info","message":"User wira left room 1ea819dd-1822-49fd-948f-09c290a831fd. Total users: 1","timestamp":"2024-09-30T13:08:57.259Z"}
{"level":"info","message":"New connection: YhqdYu_v47uSpGoBAAM5","timestamp":"2024-09-30T13:08:57.259Z"}
{"level":"info","message":"User wira joined room 1ea819dd-1822-49fd-948f-09c290a831fd. Total users: 2","timestamp":"2024-09-30T13:08:57.263Z"}
{"level":"info","message":"User wira joined room 1ea819dd-1822-49fd-948f-09c290a831fd. Total users: 2","timestamp":"2024-09-30T13:08:57.264Z"}
{"level":"info","message":"User wira left room 1ea819dd-1822-49fd-948f-09c290a831fd. Total users: 1","timestamp":"2024-09-30T13:08:57.265Z"}
{"level":"info","message":"New connection: Jg71NJ64do_zbApWAAM7","timestamp":"2024-09-30T13:08:57.269Z"}
{"level":"info","message":"User wira joined room 1ea819dd-1822-49fd-948f-09c290a831fd. Total users: 2","timestamp":"2024-09-30T13:08:57.270Z"}
{"level":"info","message":"User wira left room 1ea819dd-1822-49fd-948f-09c290a831fd. Total users: 1","timestamp":"2024-09-30T13:08:57.271Z"}
{"level":"info","message":"User wira joined room 1ea819dd-1822-49fd-948f-09c290a831fd. Total users: 2","timestamp":"2024-09-30T13:08:57.271Z"}
{"level":"info","message":"User wira left room 1ea819dd-1822-49fd-948f-09c290a831fd. Total users: 1","timestamp":"2024-09-30T13:08:57.274Z"}
{"level":"info","message":"New connection: XQMfSnyfIkxWDPTIAAM9","timestamp":"2024-09-30T13:08:57.284Z"}
{"level":"info","message":"User wira joined room 1ea819dd-1822-49fd-948f-09c290a831fd. Total users: 2","timestamp":"2024-09-30T13:08:57.287Z"}
{"level":"info","message":"User wira left room 1ea819dd-1822-49fd-948f-09c290a831fd. Total users: 1","timestamp":"2024-09-30T13:08:57.288Z"}
{"level":"info","message":"User wira joined room 1ea819dd-1822-49fd-948f-09c290a831fd. Total users: 2","timestamp":"2024-09-30T13:08:57.289Z"}
{"level":"info","message":"User wira left room 1ea819dd-1822-49fd-948f-09c290a831fd. Total users: 1","timestamp":"2024-09-30T13:08:57.290Z"}
{"level":"info","message":"New connection: jO2cxVKm6nhaZastAAM_","timestamp":"2024-09-30T13:08:57.297Z"}
{"level":"info","message":"User wira joined room 1ea819dd-1822-49fd-948f-09c290a831fd. Total users: 2","timestamp":"2024-09-30T13:08:57.299Z"}
{"level":"info","message":"User wira left room 1ea819dd-1822-49fd-948f-09c290a831fd. Total users: 1","timestamp":"2024-09-30T13:08:57.300Z"}
{"level":"info","message":"User wira joined room 1ea819dd-1822-49fd-948f-09c290a831fd. Total users: 2","timestamp":"2024-09-30T13:08:57.300Z"}
{"level":"info","message":"User wira left room 1ea819dd-1822-49fd-948f-09c290a831fd. Total users: 1","timestamp":"2024-09-30T13:08:57.301Z"}
{"level":"info","message":"New connection: Pg4wCBTbgW6YImQPAANB","timestamp":"2024-09-30T13:08:57.306Z"}
{"level":"info","message":"User wira joined room 1ea819dd-1822-49fd-948f-09c290a831fd. Total users: 2","timestamp":"2024-09-30T13:08:57.307Z"}
{"level":"info","message":"User wira left room 1ea819dd-1822-49fd-948f-09c290a831fd. Total users: 1","timestamp":"2024-09-30T13:08:57.307Z"}
{"level":"info","message":"User wira joined room 1ea819dd-1822-49fd-948f-09c290a831fd. Total users: 2","timestamp":"2024-09-30T13:08:57.308Z"}
{"level":"info","message":"User wira left room 1ea819dd-1822-49fd-948f-09c290a831fd. Total users: 1","timestamp":"2024-09-30T13:08:57.309Z"}
{"level":"info","message":"New connection: mgQPmB6gdUFlfHF3AAND","timestamp":"2024-09-30T13:08:57.316Z"}
{"level":"info","message":"User wira joined room 1ea819dd-1822-49fd-948f-09c290a831fd. Total users: 2","timestamp":"2024-09-30T13:08:57.316Z"}
{"level":"info","message":"User wira left room 1ea819dd-1822-49fd-948f-09c290a831fd. Total users: 1","timestamp":"2024-09-30T13:08:57.317Z"}
{"level":"info","message":"User wira joined room 1ea819dd-1822-49fd-948f-09c290a831fd. Total users: 2","timestamp":"2024-09-30T13:08:57.317Z"}
{"level":"info","message":"User wira left room 1ea819dd-1822-49fd-948f-09c290a831fd. Total users: 1","timestamp":"2024-09-30T13:08:57.318Z"}
{"level":"info","message":"New connection: SYsCTlU-kpvv_e9FAANG","timestamp":"2024-09-30T13:08:57.339Z"}
{"level":"info","message":"User wira joined room 1ea819dd-1822-49fd-948f-09c290a831fd. Total users: 2","timestamp":"2024-09-30T13:08:57.340Z"}
{"level":"info","message":"User wira left room 1ea819dd-1822-49fd-948f-09c290a831fd. Total users: 1","timestamp":"2024-09-30T13:08:57.341Z"}
{"level":"info","message":"User wira joined room 1ea819dd-1822-49fd-948f-09c290a831fd. Total users: 2","timestamp":"2024-09-30T13:08:57.341Z"}
{"level":"info","message":"User wira left room 1ea819dd-1822-49fd-948f-09c290a831fd. Total users: 1","timestamp":"2024-09-30T13:08:57.342Z"}
{"level":"info","message":"New connection: 4hWwr76r_AtlZAnyAANH","timestamp":"2024-09-30T13:08:57.342Z"}
{"level":"info","message":"User wira joined room 1ea819dd-1822-49fd-948f-09c290a831fd. Total users: 2","timestamp":"2024-09-30T13:08:57.347Z"}
{"level":"info","message":"User wira joined room 1ea819dd-1822-49fd-948f-09c290a831fd. Total users: 2","timestamp":"2024-09-30T13:08:57.348Z"}
{"level":"info","message":"User wira left room 1ea819dd-1822-49fd-948f-09c290a831fd. Total users: 1","timestamp":"2024-09-30T13:08:57.351Z"}
{"level":"info","message":"New connection: fzgkeLpxJZ6AAheUAANJ","timestamp":"2024-09-30T13:08:57.360Z"}
{"level":"info","message":"User wira joined room 1ea819dd-1822-49fd-948f-09c290a831fd. Total users: 2","timestamp":"2024-09-30T13:08:57.362Z"}
{"level":"info","message":"User wira left room 1ea819dd-1822-49fd-948f-09c290a831fd. Total users: 1","timestamp":"2024-09-30T13:08:57.363Z"}
{"level":"info","message":"User wira joined room 1ea819dd-1822-49fd-948f-09c290a831fd. Total users: 2","timestamp":"2024-09-30T13:08:57.363Z"}
{"level":"info","message":"User wira left room 1ea819dd-1822-49fd-948f-09c290a831fd. Total users: 1","timestamp":"2024-09-30T13:08:57.364Z"}
{"level":"info","message":"New connection: 2lisx6bZ-hbYHPSrAANL","timestamp":"2024-09-30T13:08:57.372Z"}
{"level":"info","message":"User wira joined room 1ea819dd-1822-49fd-948f-09c290a831fd. Total users: 2","timestamp":"2024-09-30T13:08:57.374Z"}
{"level":"info","message":"User wira left room 1ea819dd-1822-49fd-948f-09c290a831fd. Total users: 1","timestamp":"2024-09-30T13:08:57.375Z"}
{"level":"info","message":"User wira joined room 1ea819dd-1822-49fd-948f-09c290a831fd. Total users: 2","timestamp":"2024-09-30T13:08:57.375Z"}
{"level":"info","message":"User wira left room 1ea819dd-1822-49fd-948f-09c290a831fd. Total users: 1","timestamp":"2024-09-30T13:08:57.376Z"}
{"level":"info","message":"New connection: utf5Tf7ME3xXQQKbAANN","timestamp":"2024-09-30T13:08:57.381Z"}
{"level":"info","message":"User wira joined room 1ea819dd-1822-49fd-948f-09c290a831fd. Total users: 2","timestamp":"2024-09-30T13:08:57.383Z"}
{"level":"info","message":"User wira left room 1ea819dd-1822-49fd-948f-09c290a831fd. Total users: 1","timestamp":"2024-09-30T13:08:57.384Z"}
{"level":"info","message":"User wira joined room 1ea819dd-1822-49fd-948f-09c290a831fd. Total users: 2","timestamp":"2024-09-30T13:08:57.385Z"}
{"level":"info","message":"User wira left room 1ea819dd-1822-49fd-948f-09c290a831fd. Total users: 1","timestamp":"2024-09-30T13:08:57.385Z"}
{"level":"info","message":"New connection: CRhEuP65zEyfXa--AANQ","timestamp":"2024-09-30T13:08:57.415Z"}
{"level":"info","message":"User wira joined room 1ea819dd-1822-49fd-948f-09c290a831fd. Total users: 2","timestamp":"2024-09-30T13:08:57.415Z"}
{"level":"info","message":"User wira left room 1ea819dd-1822-49fd-948f-09c290a831fd. Total users: 1","timestamp":"2024-09-30T13:08:57.417Z"}
{"level":"info","message":"User wira joined room 1ea819dd-1822-49fd-948f-09c290a831fd. Total users: 2","timestamp":"2024-09-30T13:08:57.417Z"}
{"level":"info","message":"New connection: jsy_xw6zNtk9OT5uAANR","timestamp":"2024-09-30T13:08:57.418Z"}
{"level":"info","message":"User wira left room 1ea819dd-1822-49fd-948f-09c290a831fd. Total users: 1","timestamp":"2024-09-30T13:08:57.419Z"}
{"level":"info","message":"User wira joined room 1ea819dd-1822-49fd-948f-09c290a831fd. Total users: 2","timestamp":"2024-09-30T13:08:57.424Z"}
{"level":"info","message":"User wira joined room 1ea819dd-1822-49fd-948f-09c290a831fd. Total users: 2","timestamp":"2024-09-30T13:08:57.424Z"}
{"level":"info","message":"User wira left room 1ea819dd-1822-49fd-948f-09c290a831fd. Total users: 1","timestamp":"2024-09-30T13:08:57.425Z"}
{"level":"info","message":"New connection: nVYrUephP_mdsav7AANT","timestamp":"2024-09-30T13:08:57.432Z"}
{"level":"info","message":"User wira joined room 1ea819dd-1822-49fd-948f-09c290a831fd. Total users: 2","timestamp":"2024-09-30T13:08:57.433Z"}
{"level":"info","message":"User wira left room 1ea819dd-1822-49fd-948f-09c290a831fd. Total users: 1","timestamp":"2024-09-30T13:08:57.433Z"}
{"level":"info","message":"User wira joined room 1ea819dd-1822-49fd-948f-09c290a831fd. Total users: 2","timestamp":"2024-09-30T13:08:57.434Z"}
{"level":"info","message":"User wira left room 1ea819dd-1822-49fd-948f-09c290a831fd. Total users: 1","timestamp":"2024-09-30T13:08:57.434Z"}
{"level":"info","message":"New connection: _cck9sjxiZC9LGtcAANV","timestamp":"2024-09-30T13:08:57.441Z"}
{"level":"info","message":"User wira joined room 1ea819dd-1822-49fd-948f-09c290a831fd. Total users: 2","timestamp":"2024-09-30T13:08:57.441Z"}
{"level":"info","message":"User wira left room 1ea819dd-1822-49fd-948f-09c290a831fd. Total users: 1","timestamp":"2024-09-30T13:08:57.442Z"}
{"level":"info","message":"User wira joined room 1ea819dd-1822-49fd-948f-09c290a831fd. Total users: 2","timestamp":"2024-09-30T13:08:57.442Z"}
{"level":"info","message":"User wira left room 1ea819dd-1822-49fd-948f-09c290a831fd. Total users: 1","timestamp":"2024-09-30T13:08:57.442Z"}
{"level":"info","message":"New connection: aNqwaMxxCuk8Nlu2AANX","timestamp":"2024-09-30T13:08:57.450Z"}
{"level":"info","message":"User wira joined room 1ea819dd-1822-49fd-948f-09c290a831fd. Total users: 2","timestamp":"2024-09-30T13:08:57.452Z"}
{"level":"info","message":"User wira left room 1ea819dd-1822-49fd-948f-09c290a831fd. Total users: 1","timestamp":"2024-09-30T13:08:57.453Z"}
{"level":"info","message":"User wira joined room 1ea819dd-1822-49fd-948f-09c290a831fd. Total users: 2","timestamp":"2024-09-30T13:08:57.453Z"}
{"level":"info","message":"User wira left room 1ea819dd-1822-49fd-948f-09c290a831fd. Total users: 1","timestamp":"2024-09-30T13:08:57.454Z"}
{"level":"info","message":"New connection: GUv7KAD2k-Luf6XuAANZ","timestamp":"2024-09-30T13:08:57.466Z"}
{"level":"info","message":"User wira joined room 1ea819dd-1822-49fd-948f-09c290a831fd. Total users: 2","timestamp":"2024-09-30T13:08:57.467Z"}
{"level":"info","message":"User wira left room 1ea819dd-1822-49fd-948f-09c290a831fd. Total users: 1","timestamp":"2024-09-30T13:08:57.468Z"}
{"level":"info","message":"User wira joined room 1ea819dd-1822-49fd-948f-09c290a831fd. Total users: 2","timestamp":"2024-09-30T13:08:57.468Z"}
{"level":"info","message":"User wira left room 1ea819dd-1822-49fd-948f-09c290a831fd. Total users: 1","timestamp":"2024-09-30T13:08:57.488Z"}
{"level":"info","message":"New connection: Zp9pXvnJVlwxhhHfAANc","timestamp":"2024-09-30T13:08:57.496Z"}
{"level":"info","message":"New connection: 9FAtGsJ23FN29PkWAANd","timestamp":"2024-09-30T13:08:57.497Z"}
{"level":"info","message":"User wira joined room 1ea819dd-1822-49fd-948f-09c290a831fd. Total users: 2","timestamp":"2024-09-30T13:08:57.498Z"}
{"level":"info","message":"User wira left room 1ea819dd-1822-49fd-948f-09c290a831fd. Total users: 1","timestamp":"2024-09-30T13:08:57.499Z"}
{"level":"info","message":"User wira joined room 1ea819dd-1822-49fd-948f-09c290a831fd. Total users: 2","timestamp":"2024-09-30T13:08:57.500Z"}
{"level":"info","message":"User wira left room 1ea819dd-1822-49fd-948f-09c290a831fd. Total users: 1","timestamp":"2024-09-30T13:08:57.501Z"}
{"level":"info","message":"User wira joined room 1ea819dd-1822-49fd-948f-09c290a831fd. Total users: 2","timestamp":"2024-09-30T13:08:57.502Z"}
{"level":"info","message":"User wira joined room 1ea819dd-1822-49fd-948f-09c290a831fd. Total users: 2","timestamp":"2024-09-30T13:08:57.502Z"}
{"level":"info","message":"User wira joined room 1ea819dd-1822-49fd-948f-09c290a831fd. Total users: 2","timestamp":"2024-09-30T13:08:57.503Z"}
{"level":"info","message":"User wira joined room 1ea819dd-1822-49fd-948f-09c290a831fd. Total users: 2","timestamp":"2024-09-30T13:08:57.504Z"}
{"level":"info","message":"User wira joined room 1ea819dd-1822-49fd-948f-09c290a831fd. Total users: 2","timestamp":"2024-09-30T13:08:59.068Z"}
{"level":"info","message":"User aliftan left room 1ea819dd-1822-49fd-948f-09c290a831fd. Total users: 1","timestamp":"2024-09-30T13:09:15.160Z"}
{"level":"info","message":"User wira left room 1ea819dd-1822-49fd-948f-09c290a831fd. Total users: 0","timestamp":"2024-09-30T13:09:16.125Z"}
{"level":"info","message":"Room 1ea819dd-1822-49fd-948f-09c290a831fd deleted as it's empty","timestamp":"2024-09-30T13:09:16.126Z"}
{"level":"info","message":"New connection: mVUXiem1vyMruJSqAANg","timestamp":"2024-09-30T13:09:16.214Z"}
{"level":"info","message":"New connection: Y4Mt44w-KbmXeE22AANh","timestamp":"2024-09-30T13:09:16.216Z"}
{"level":"info","message":"User aliftan joined room 1ea819dd-1822-49fd-948f-09c290a831fd. Total users: 1","timestamp":"2024-09-30T13:09:16.227Z"}
{"level":"info","message":"User aliftan joined room 1ea819dd-1822-49fd-948f-09c290a831fd. Total users: 1","timestamp":"2024-09-30T13:09:16.228Z"}
{"level":"info","message":"User aliftan joined room 1ea819dd-1822-49fd-948f-09c290a831fd. Total users: 1","timestamp":"2024-09-30T13:09:16.229Z"}
{"level":"info","message":"User aliftan left room 1ea819dd-1822-49fd-948f-09c290a831fd. Total users: 0","timestamp":"2024-09-30T13:09:16.231Z"}
{"level":"info","message":"Room 1ea819dd-1822-49fd-948f-09c290a831fd deleted as it's empty","timestamp":"2024-09-30T13:09:16.231Z"}
{"level":"info","message":"User aliftan joined room 1ea819dd-1822-49fd-948f-09c290a831fd. Total users: 1","timestamp":"2024-09-30T13:09:16.232Z"}
{"level":"info","message":"New connection: SZd1LH4v7eejcuu7AANj","timestamp":"2024-09-30T13:09:16.737Z"}
{"level":"info","message":"New connection: ouqjtcR5zWq77SLlAANl","timestamp":"2024-09-30T13:09:16.762Z"}
{"level":"info","message":"User wira joined room 1ea819dd-1822-49fd-948f-09c290a831fd. Total users: 2","timestamp":"2024-09-30T13:09:16.762Z"}
{"level":"info","message":"User wira left room 1ea819dd-1822-49fd-948f-09c290a831fd. Total users: 1","timestamp":"2024-09-30T13:09:16.763Z"}
{"level":"info","message":"User wira joined room 1ea819dd-1822-49fd-948f-09c290a831fd. Total users: 2","timestamp":"2024-09-30T13:09:16.764Z"}
{"level":"info","message":"User wira left room 1ea819dd-1822-49fd-948f-09c290a831fd. Total users: 1","timestamp":"2024-09-30T13:09:16.766Z"}
{"level":"info","message":"New connection: 23TL_YVypk0Dq5kpAANn","timestamp":"2024-09-30T13:09:16.778Z"}
{"level":"info","message":"User wira joined room 1ea819dd-1822-49fd-948f-09c290a831fd. Total users: 2","timestamp":"2024-09-30T13:09:16.779Z"}
{"level":"info","message":"User wira left room 1ea819dd-1822-49fd-948f-09c290a831fd. Total users: 1","timestamp":"2024-09-30T13:09:16.779Z"}
{"level":"info","message":"User wira joined room 1ea819dd-1822-49fd-948f-09c290a831fd. Total users: 2","timestamp":"2024-09-30T13:09:16.780Z"}
{"level":"info","message":"User wira left room 1ea819dd-1822-49fd-948f-09c290a831fd. Total users: 1","timestamp":"2024-09-30T13:09:16.781Z"}
{"level":"info","message":"New connection: WiA1YGGusTKiUqAxAANp","timestamp":"2024-09-30T13:09:16.794Z"}
{"level":"info","message":"User wira joined room 1ea819dd-1822-49fd-948f-09c290a831fd. Total users: 2","timestamp":"2024-09-30T13:09:16.794Z"}
{"level":"info","message":"User wira left room 1ea819dd-1822-49fd-948f-09c290a831fd. Total users: 1","timestamp":"2024-09-30T13:09:16.795Z"}
{"level":"info","message":"User wira joined room 1ea819dd-1822-49fd-948f-09c290a831fd. Total users: 2","timestamp":"2024-09-30T13:09:16.795Z"}
{"level":"info","message":"User wira left room 1ea819dd-1822-49fd-948f-09c290a831fd. Total users: 1","timestamp":"2024-09-30T13:09:16.796Z"}
{"level":"info","message":"New connection: BpswG0X2yYxperYpAANr","timestamp":"2024-09-30T13:09:16.808Z"}
{"level":"info","message":"User wira joined room 1ea819dd-1822-49fd-948f-09c290a831fd. Total users: 2","timestamp":"2024-09-30T13:09:16.809Z"}
{"level":"info","message":"User wira left room 1ea819dd-1822-49fd-948f-09c290a831fd. Total users: 1","timestamp":"2024-09-30T13:09:16.809Z"}
{"level":"info","message":"User wira joined room 1ea819dd-1822-49fd-948f-09c290a831fd. Total users: 2","timestamp":"2024-09-30T13:09:16.810Z"}
{"level":"info","message":"User wira left room 1ea819dd-1822-49fd-948f-09c290a831fd. Total users: 1","timestamp":"2024-09-30T13:09:16.810Z"}
{"level":"info","message":"New connection: 6roIUawmM4c7OWsnAANt","timestamp":"2024-09-30T13:09:16.823Z"}
{"level":"info","message":"User wira joined room 1ea819dd-1822-49fd-948f-09c290a831fd. Total users: 2","timestamp":"2024-09-30T13:09:16.824Z"}
{"level":"info","message":"User wira left room 1ea819dd-1822-49fd-948f-09c290a831fd. Total users: 1","timestamp":"2024-09-30T13:09:16.825Z"}
{"level":"info","message":"User wira joined room 1ea819dd-1822-49fd-948f-09c290a831fd. Total users: 2","timestamp":"2024-09-30T13:09:16.825Z"}
{"level":"info","message":"User wira left room 1ea819dd-1822-49fd-948f-09c290a831fd. Total users: 1","timestamp":"2024-09-30T13:09:16.826Z"}
{"level":"info","message":"New connection: lXMTM0feNwNQl5m0AANv","timestamp":"2024-09-30T13:09:16.840Z"}
{"level":"info","message":"User wira joined room 1ea819dd-1822-49fd-948f-09c290a831fd. Total users: 2","timestamp":"2024-09-30T13:09:16.841Z"}
{"level":"info","message":"User wira left room 1ea819dd-1822-49fd-948f-09c290a831fd. Total users: 1","timestamp":"2024-09-30T13:09:16.841Z"}
{"level":"info","message":"User wira joined room 1ea819dd-1822-49fd-948f-09c290a831fd. Total users: 2","timestamp":"2024-09-30T13:09:16.841Z"}
{"level":"info","message":"User wira left room 1ea819dd-1822-49fd-948f-09c290a831fd. Total users: 1","timestamp":"2024-09-30T13:09:16.842Z"}
{"level":"info","message":"New connection: xf8FZTNX-AkI2hO6AANx","timestamp":"2024-09-30T13:09:16.857Z"}
{"level":"info","message":"User wira joined room 1ea819dd-1822-49fd-948f-09c290a831fd. Total users: 2","timestamp":"2024-09-30T13:09:16.858Z"}
{"level":"info","message":"User wira left room 1ea819dd-1822-49fd-948f-09c290a831fd. Total users: 1","timestamp":"2024-09-30T13:09:16.859Z"}
{"level":"info","message":"User wira joined room 1ea819dd-1822-49fd-948f-09c290a831fd. Total users: 2","timestamp":"2024-09-30T13:09:16.860Z"}
{"level":"info","message":"User wira left room 1ea819dd-1822-49fd-948f-09c290a831fd. Total users: 1","timestamp":"2024-09-30T13:09:16.861Z"}
{"level":"info","message":"New connection: jXkCC6V5wvCjHSsJAANz","timestamp":"2024-09-30T13:09:16.871Z"}
{"level":"info","message":"User wira joined room 1ea819dd-1822-49fd-948f-09c290a831fd. Total users: 2","timestamp":"2024-09-30T13:09:16.872Z"}
{"level":"info","message":"User wira left room 1ea819dd-1822-49fd-948f-09c290a831fd. Total users: 1","timestamp":"2024-09-30T13:09:16.872Z"}
{"level":"info","message":"User wira joined room 1ea819dd-1822-49fd-948f-09c290a831fd. Total users: 2","timestamp":"2024-09-30T13:09:16.872Z"}
{"level":"info","message":"User wira left room 1ea819dd-1822-49fd-948f-09c290a831fd. Total users: 1","timestamp":"2024-09-30T13:09:16.874Z"}
{"level":"info","message":"New connection: fxZ6qLiPdT750YTIAAN1","timestamp":"2024-09-30T13:09:16.887Z"}
{"level":"info","message":"User wira joined room 1ea819dd-1822-49fd-948f-09c290a831fd. Total users: 2","timestamp":"2024-09-30T13:09:16.888Z"}
{"level":"info","message":"User wira left room 1ea819dd-1822-49fd-948f-09c290a831fd. Total users: 1","timestamp":"2024-09-30T13:09:16.889Z"}
{"level":"info","message":"User wira joined room 1ea819dd-1822-49fd-948f-09c290a831fd. Total users: 2","timestamp":"2024-09-30T13:09:16.890Z"}
{"level":"info","message":"User wira left room 1ea819dd-1822-49fd-948f-09c290a831fd. Total users: 1","timestamp":"2024-09-30T13:09:16.891Z"}
{"level":"info","message":"New connection: o5jQqRkFZJ7RMOIBAAN3","timestamp":"2024-09-30T13:09:16.902Z"}
{"level":"info","message":"User wira joined room 1ea819dd-1822-49fd-948f-09c290a831fd. Total users: 2","timestamp":"2024-09-30T13:09:16.904Z"}
{"level":"info","message":"User wira left room 1ea819dd-1822-49fd-948f-09c290a831fd. Total users: 1","timestamp":"2024-09-30T13:09:16.906Z"}
{"level":"info","message":"User wira joined room 1ea819dd-1822-49fd-948f-09c290a831fd. Total users: 2","timestamp":"2024-09-30T13:09:16.906Z"}
{"level":"info","message":"User wira left room 1ea819dd-1822-49fd-948f-09c290a831fd. Total users: 1","timestamp":"2024-09-30T13:09:16.907Z"}
{"level":"info","message":"New connection: yewVBO8EPb9i6bajAAN5","timestamp":"2024-09-30T13:09:16.919Z"}
{"level":"info","message":"User wira joined room 1ea819dd-1822-49fd-948f-09c290a831fd. Total users: 2","timestamp":"2024-09-30T13:09:16.919Z"}
{"level":"info","message":"User wira left room 1ea819dd-1822-49fd-948f-09c290a831fd. Total users: 1","timestamp":"2024-09-30T13:09:16.920Z"}
{"level":"info","message":"User wira joined room 1ea819dd-1822-49fd-948f-09c290a831fd. Total users: 2","timestamp":"2024-09-30T13:09:16.920Z"}
{"level":"info","message":"User wira left room 1ea819dd-1822-49fd-948f-09c290a831fd. Total users: 1","timestamp":"2024-09-30T13:09:16.921Z"}
{"level":"info","message":"New connection: 2CEnSo9ypc_Gc83tAAN7","timestamp":"2024-09-30T13:09:16.933Z"}
{"level":"info","message":"User wira joined room 1ea819dd-1822-49fd-948f-09c290a831fd. Total users: 2","timestamp":"2024-09-30T13:09:16.933Z"}
{"level":"info","message":"User wira left room 1ea819dd-1822-49fd-948f-09c290a831fd. Total users: 1","timestamp":"2024-09-30T13:09:16.934Z"}
{"level":"info","message":"User wira joined room 1ea819dd-1822-49fd-948f-09c290a831fd. Total users: 2","timestamp":"2024-09-30T13:09:16.934Z"}
{"level":"info","message":"User wira left room 1ea819dd-1822-49fd-948f-09c290a831fd. Total users: 1","timestamp":"2024-09-30T13:09:16.935Z"}
{"level":"info","message":"New connection: hiyP_vuSyIWTX0i3AAN9","timestamp":"2024-09-30T13:09:16.948Z"}
{"level":"info","message":"User wira joined room 1ea819dd-1822-49fd-948f-09c290a831fd. Total users: 2","timestamp":"2024-09-30T13:09:16.949Z"}
{"level":"info","message":"User wira left room 1ea819dd-1822-49fd-948f-09c290a831fd. Total users: 1","timestamp":"2024-09-30T13:09:16.950Z"}
{"level":"info","message":"User wira joined room 1ea819dd-1822-49fd-948f-09c290a831fd. Total users: 2","timestamp":"2024-09-30T13:09:16.951Z"}
{"level":"info","message":"User wira left room 1ea819dd-1822-49fd-948f-09c290a831fd. Total users: 1","timestamp":"2024-09-30T13:09:16.952Z"}
{"level":"info","message":"New connection: hm-vAL6i9JjQeON5AAN_","timestamp":"2024-09-30T13:09:16.963Z"}
{"level":"info","message":"User wira joined room 1ea819dd-1822-49fd-948f-09c290a831fd. Total users: 2","timestamp":"2024-09-30T13:09:16.964Z"}
{"level":"info","message":"User wira left room 1ea819dd-1822-49fd-948f-09c290a831fd. Total users: 1","timestamp":"2024-09-30T13:09:16.965Z"}
{"level":"info","message":"User wira joined room 1ea819dd-1822-49fd-948f-09c290a831fd. Total users: 2","timestamp":"2024-09-30T13:09:16.965Z"}
{"level":"info","message":"User wira left room 1ea819dd-1822-49fd-948f-09c290a831fd. Total users: 1","timestamp":"2024-09-30T13:09:16.966Z"}
{"level":"info","message":"New connection: pafabvG-iteT3dZWAAOB","timestamp":"2024-09-30T13:09:16.976Z"}
{"level":"info","message":"User wira joined room 1ea819dd-1822-49fd-948f-09c290a831fd. Total users: 2","timestamp":"2024-09-30T13:09:16.977Z"}
{"level":"info","message":"User wira left room 1ea819dd-1822-49fd-948f-09c290a831fd. Total users: 1","timestamp":"2024-09-30T13:09:16.978Z"}
{"level":"info","message":"User wira joined room 1ea819dd-1822-49fd-948f-09c290a831fd. Total users: 2","timestamp":"2024-09-30T13:09:16.978Z"}
{"level":"info","message":"User wira left room 1ea819dd-1822-49fd-948f-09c290a831fd. Total users: 1","timestamp":"2024-09-30T13:09:16.979Z"}
{"level":"info","message":"New connection: BpjSRESY0wSTjKJWAAOD","timestamp":"2024-09-30T13:09:16.993Z"}
{"level":"info","message":"User wira joined room 1ea819dd-1822-49fd-948f-09c290a831fd. Total users: 2","timestamp":"2024-09-30T13:09:16.994Z"}
{"level":"info","message":"User wira left room 1ea819dd-1822-49fd-948f-09c290a831fd. Total users: 1","timestamp":"2024-09-30T13:09:16.994Z"}
{"level":"info","message":"User wira joined room 1ea819dd-1822-49fd-948f-09c290a831fd. Total users: 2","timestamp":"2024-09-30T13:09:16.995Z"}
{"level":"info","message":"User wira left room 1ea819dd-1822-49fd-948f-09c290a831fd. Total users: 1","timestamp":"2024-09-30T13:09:16.995Z"}
{"level":"info","message":"New connection: Q8ml6f953vy5T7wDAAOF","timestamp":"2024-09-30T13:09:17.008Z"}
{"level":"info","message":"User wira joined room 1ea819dd-1822-49fd-948f-09c290a831fd. Total users: 2","timestamp":"2024-09-30T13:09:17.009Z"}
{"level":"info","message":"User wira left room 1ea819dd-1822-49fd-948f-09c290a831fd. Total users: 1","timestamp":"2024-09-30T13:09:17.009Z"}
{"level":"info","message":"User wira joined room 1ea819dd-1822-49fd-948f-09c290a831fd. Total users: 2","timestamp":"2024-09-30T13:09:17.010Z"}
{"level":"info","message":"User wira left room 1ea819dd-1822-49fd-948f-09c290a831fd. Total users: 1","timestamp":"2024-09-30T13:09:17.011Z"}
{"level":"info","message":"New connection: xtppCiq3on7w_N_yAAOH","timestamp":"2024-09-30T13:09:17.024Z"}
{"level":"info","message":"User wira joined room 1ea819dd-1822-49fd-948f-09c290a831fd. Total users: 2","timestamp":"2024-09-30T13:09:17.024Z"}
{"level":"info","message":"User wira left room 1ea819dd-1822-49fd-948f-09c290a831fd. Total users: 1","timestamp":"2024-09-30T13:09:17.025Z"}
{"level":"info","message":"User wira joined room 1ea819dd-1822-49fd-948f-09c290a831fd. Total users: 2","timestamp":"2024-09-30T13:09:17.026Z"}
{"level":"info","message":"User wira left room 1ea819dd-1822-49fd-948f-09c290a831fd. Total users: 1","timestamp":"2024-09-30T13:09:17.026Z"}
{"level":"info","message":"New connection: pZCMnzUPABOI-JnWAAOJ","timestamp":"2024-09-30T13:09:17.040Z"}
{"level":"info","message":"User wira joined room 1ea819dd-1822-49fd-948f-09c290a831fd. Total users: 2","timestamp":"2024-09-30T13:09:17.040Z"}
{"level":"info","message":"User wira left room 1ea819dd-1822-49fd-948f-09c290a831fd. Total users: 1","timestamp":"2024-09-30T13:09:17.041Z"}
{"level":"info","message":"User wira joined room 1ea819dd-1822-49fd-948f-09c290a831fd. Total users: 2","timestamp":"2024-09-30T13:09:17.042Z"}
{"level":"info","message":"User wira left room 1ea819dd-1822-49fd-948f-09c290a831fd. Total users: 1","timestamp":"2024-09-30T13:09:17.043Z"}
{"level":"info","message":"New connection: CdLvwTSlG69mc2GCAAOL","timestamp":"2024-09-30T13:09:17.056Z"}
{"level":"info","message":"User wira joined room 1ea819dd-1822-49fd-948f-09c290a831fd. Total users: 2","timestamp":"2024-09-30T13:09:17.057Z"}
{"level":"info","message":"User wira left room 1ea819dd-1822-49fd-948f-09c290a831fd. Total users: 1","timestamp":"2024-09-30T13:09:17.057Z"}
{"level":"info","message":"User wira joined room 1ea819dd-1822-49fd-948f-09c290a831fd. Total users: 2","timestamp":"2024-09-30T13:09:17.058Z"}
{"level":"info","message":"User wira left room 1ea819dd-1822-49fd-948f-09c290a831fd. Total users: 1","timestamp":"2024-09-30T13:09:17.059Z"}
{"level":"info","message":"New connection: h5_6Mho_3pfSTKr4AAON","timestamp":"2024-09-30T13:09:17.071Z"}
{"level":"info","message":"User wira joined room 1ea819dd-1822-49fd-948f-09c290a831fd. Total users: 2","timestamp":"2024-09-30T13:09:17.072Z"}
{"level":"info","message":"User wira left room 1ea819dd-1822-49fd-948f-09c290a831fd. Total users: 1","timestamp":"2024-09-30T13:09:17.073Z"}
{"level":"info","message":"User wira joined room 1ea819dd-1822-49fd-948f-09c290a831fd. Total users: 2","timestamp":"2024-09-30T13:09:17.073Z"}
{"level":"info","message":"User wira left room 1ea819dd-1822-49fd-948f-09c290a831fd. Total users: 1","timestamp":"2024-09-30T13:09:17.074Z"}
{"level":"info","message":"New connection: 9IWLsJrm65V4hgT4AAOP","timestamp":"2024-09-30T13:09:17.087Z"}
{"level":"info","message":"User wira joined room 1ea819dd-1822-49fd-948f-09c290a831fd. Total users: 2","timestamp":"2024-09-30T13:09:17.088Z"}
{"level":"info","message":"User wira left room 1ea819dd-1822-49fd-948f-09c290a831fd. Total users: 1","timestamp":"2024-09-30T13:09:17.088Z"}
{"level":"info","message":"User wira joined room 1ea819dd-1822-49fd-948f-09c290a831fd. Total users: 2","timestamp":"2024-09-30T13:09:17.089Z"}
{"level":"info","message":"User wira left room 1ea819dd-1822-49fd-948f-09c290a831fd. Total users: 1","timestamp":"2024-09-30T13:09:17.090Z"}
{"level":"info","message":"New connection: RCd7Tltg-e9wndCXAAOR","timestamp":"2024-09-30T13:09:17.103Z"}
{"level":"info","message":"User wira joined room 1ea819dd-1822-49fd-948f-09c290a831fd. Total users: 2","timestamp":"2024-09-30T13:09:17.103Z"}
{"level":"info","message":"User wira left room 1ea819dd-1822-49fd-948f-09c290a831fd. Total users: 1","timestamp":"2024-09-30T13:09:17.104Z"}
{"level":"info","message":"User wira joined room 1ea819dd-1822-49fd-948f-09c290a831fd. Total users: 2","timestamp":"2024-09-30T13:09:17.105Z"}
{"level":"info","message":"User wira left room 1ea819dd-1822-49fd-948f-09c290a831fd. Total users: 1","timestamp":"2024-09-30T13:09:17.106Z"}
{"level":"info","message":"New connection: HEQ4v-QyNLkmKooQAAOT","timestamp":"2024-09-30T13:09:17.117Z"}
{"level":"info","message":"User wira joined room 1ea819dd-1822-49fd-948f-09c290a831fd. Total users: 2","timestamp":"2024-09-30T13:09:17.118Z"}
{"level":"info","message":"User wira left room 1ea819dd-1822-49fd-948f-09c290a831fd. Total users: 1","timestamp":"2024-09-30T13:09:17.119Z"}
{"level":"info","message":"User wira joined room 1ea819dd-1822-49fd-948f-09c290a831fd. Total users: 2","timestamp":"2024-09-30T13:09:17.120Z"}
{"level":"info","message":"User wira left room 1ea819dd-1822-49fd-948f-09c290a831fd. Total users: 1","timestamp":"2024-09-30T13:09:17.121Z"}
{"level":"info","message":"New connection: 8Sj4kjIFcPGsF2PLAAOV","timestamp":"2024-09-30T13:09:17.134Z"}
{"level":"info","message":"User wira joined room 1ea819dd-1822-49fd-948f-09c290a831fd. Total users: 2","timestamp":"2024-09-30T13:09:17.135Z"}
{"level":"info","message":"User wira left room 1ea819dd-1822-49fd-948f-09c290a831fd. Total users: 1","timestamp":"2024-09-30T13:09:17.136Z"}
{"level":"info","message":"User wira joined room 1ea819dd-1822-49fd-948f-09c290a831fd. Total users: 2","timestamp":"2024-09-30T13:09:17.137Z"}
{"level":"info","message":"User wira left room 1ea819dd-1822-49fd-948f-09c290a831fd. Total users: 1","timestamp":"2024-09-30T13:09:17.137Z"}
{"level":"info","message":"New connection: 17EJiNzqoSjG6hEnAAOX","timestamp":"2024-09-30T13:09:17.150Z"}
{"level":"info","message":"User wira joined room 1ea819dd-1822-49fd-948f-09c290a831fd. Total users: 2","timestamp":"2024-09-30T13:09:17.150Z"}
{"level":"info","message":"User wira left room 1ea819dd-1822-49fd-948f-09c290a831fd. Total users: 1","timestamp":"2024-09-30T13:09:17.151Z"}
{"level":"info","message":"User wira joined room 1ea819dd-1822-49fd-948f-09c290a831fd. Total users: 2","timestamp":"2024-09-30T13:09:17.152Z"}
{"level":"info","message":"User wira left room 1ea819dd-1822-49fd-948f-09c290a831fd. Total users: 1","timestamp":"2024-09-30T13:09:17.152Z"}
{"level":"info","message":"New connection: Sim4TQ_QbX8-QCdtAAOZ","timestamp":"2024-09-30T13:09:17.164Z"}
{"level":"info","message":"User wira joined room 1ea819dd-1822-49fd-948f-09c290a831fd. Total users: 2","timestamp":"2024-09-30T13:09:17.164Z"}
{"level":"info","message":"User wira left room 1ea819dd-1822-49fd-948f-09c290a831fd. Total users: 1","timestamp":"2024-09-30T13:09:17.165Z"}
{"level":"info","message":"User wira joined room 1ea819dd-1822-49fd-948f-09c290a831fd. Total users: 2","timestamp":"2024-09-30T13:09:17.166Z"}
{"level":"info","message":"User wira left room 1ea819dd-1822-49fd-948f-09c290a831fd. Total users: 1","timestamp":"2024-09-30T13:09:17.167Z"}
{"level":"info","message":"New connection: yGRrmt_35hsLlv5dAAOb","timestamp":"2024-09-30T13:09:17.181Z"}
{"level":"info","message":"User wira joined room 1ea819dd-1822-49fd-948f-09c290a831fd. Total users: 2","timestamp":"2024-09-30T13:09:17.181Z"}
{"level":"info","message":"User wira left room 1ea819dd-1822-49fd-948f-09c290a831fd. Total users: 1","timestamp":"2024-09-30T13:09:17.182Z"}
{"level":"info","message":"User wira joined room 1ea819dd-1822-49fd-948f-09c290a831fd. Total users: 2","timestamp":"2024-09-30T13:09:17.183Z"}
{"level":"info","message":"User wira left room 1ea819dd-1822-49fd-948f-09c290a831fd. Total users: 1","timestamp":"2024-09-30T13:09:17.184Z"}
{"level":"info","message":"New connection: rGsoReE5peXL7Q7nAAOd","timestamp":"2024-09-30T13:09:17.197Z"}
{"level":"info","message":"User wira joined room 1ea819dd-1822-49fd-948f-09c290a831fd. Total users: 2","timestamp":"2024-09-30T13:09:17.198Z"}
{"level":"info","message":"User wira left room 1ea819dd-1822-49fd-948f-09c290a831fd. Total users: 1","timestamp":"2024-09-30T13:09:17.199Z"}
{"level":"info","message":"User wira joined room 1ea819dd-1822-49fd-948f-09c290a831fd. Total users: 2","timestamp":"2024-09-30T13:09:17.200Z"}
{"level":"info","message":"User wira left room 1ea819dd-1822-49fd-948f-09c290a831fd. Total users: 1","timestamp":"2024-09-30T13:09:17.201Z"}
{"level":"info","message":"New connection: 9Iv5OqPO8SqE0m73AAOf","timestamp":"2024-09-30T13:09:17.220Z"}
{"level":"info","message":"User wira joined room 1ea819dd-1822-49fd-948f-09c290a831fd. Total users: 2","timestamp":"2024-09-30T13:09:17.221Z"}
{"level":"info","message":"User wira left room 1ea819dd-1822-49fd-948f-09c290a831fd. Total users: 1","timestamp":"2024-09-30T13:09:17.222Z"}
{"level":"info","message":"User wira joined room 1ea819dd-1822-49fd-948f-09c290a831fd. Total users: 2","timestamp":"2024-09-30T13:09:17.222Z"}
{"level":"info","message":"User wira left room 1ea819dd-1822-49fd-948f-09c290a831fd. Total users: 1","timestamp":"2024-09-30T13:09:17.223Z"}
{"level":"info","message":"New connection: 6qK0YJ_x5fN09yZxAAOh","timestamp":"2024-09-30T13:09:17.228Z"}
{"level":"info","message":"User wira joined room 1ea819dd-1822-49fd-948f-09c290a831fd. Total users: 2","timestamp":"2024-09-30T13:09:17.229Z"}
{"level":"info","message":"User wira left room 1ea819dd-1822-49fd-948f-09c290a831fd. Total users: 1","timestamp":"2024-09-30T13:09:17.230Z"}
{"level":"info","message":"User wira joined room 1ea819dd-1822-49fd-948f-09c290a831fd. Total users: 2","timestamp":"2024-09-30T13:09:17.231Z"}
{"level":"info","message":"User wira left room 1ea819dd-1822-49fd-948f-09c290a831fd. Total users: 1","timestamp":"2024-09-30T13:09:17.231Z"}
{"level":"info","message":"New connection: uSqdVoeuw5_0apFtAAOj","timestamp":"2024-09-30T13:09:17.245Z"}
{"level":"info","message":"User wira joined room 1ea819dd-1822-49fd-948f-09c290a831fd. Total users: 2","timestamp":"2024-09-30T13:09:17.246Z"}
{"level":"info","message":"User wira left room 1ea819dd-1822-49fd-948f-09c290a831fd. Total users: 1","timestamp":"2024-09-30T13:09:17.247Z"}
{"level":"info","message":"User wira joined room 1ea819dd-1822-49fd-948f-09c290a831fd. Total users: 2","timestamp":"2024-09-30T13:09:17.248Z"}
{"level":"info","message":"User wira left room 1ea819dd-1822-49fd-948f-09c290a831fd. Total users: 1","timestamp":"2024-09-30T13:09:17.249Z"}
{"level":"info","message":"New connection: yTxdSxpPFEVqoRIuAAOl","timestamp":"2024-09-30T13:09:17.257Z"}
{"level":"info","message":"User wira joined room 1ea819dd-1822-49fd-948f-09c290a831fd. Total users: 2","timestamp":"2024-09-30T13:09:17.258Z"}
{"level":"info","message":"User wira left room 1ea819dd-1822-49fd-948f-09c290a831fd. Total users: 1","timestamp":"2024-09-30T13:09:17.259Z"}
{"level":"info","message":"User wira joined room 1ea819dd-1822-49fd-948f-09c290a831fd. Total users: 2","timestamp":"2024-09-30T13:09:17.260Z"}
{"level":"info","message":"User wira left room 1ea819dd-1822-49fd-948f-09c290a831fd. Total users: 1","timestamp":"2024-09-30T13:09:17.260Z"}
{"level":"info","message":"New connection: GVu3scf73SDrn_QVAAOn","timestamp":"2024-09-30T13:09:17.272Z"}
{"level":"info","message":"User wira joined room 1ea819dd-1822-49fd-948f-09c290a831fd. Total users: 2","timestamp":"2024-09-30T13:09:17.272Z"}
{"level":"info","message":"User wira left room 1ea819dd-1822-49fd-948f-09c290a831fd. Total users: 1","timestamp":"2024-09-30T13:09:17.273Z"}
{"level":"info","message":"User wira joined room 1ea819dd-1822-49fd-948f-09c290a831fd. Total users: 2","timestamp":"2024-09-30T13:09:17.274Z"}
{"level":"info","message":"User wira left room 1ea819dd-1822-49fd-948f-09c290a831fd. Total users: 1","timestamp":"2024-09-30T13:09:17.274Z"}
{"level":"info","message":"New connection: TO467tsb73XjYRoQAAOp","timestamp":"2024-09-30T13:09:17.290Z"}
{"level":"info","message":"User wira joined room 1ea819dd-1822-49fd-948f-09c290a831fd. Total users: 2","timestamp":"2024-09-30T13:09:17.291Z"}
{"level":"info","message":"User wira left room 1ea819dd-1822-49fd-948f-09c290a831fd. Total users: 1","timestamp":"2024-09-30T13:09:17.291Z"}
{"level":"info","message":"User wira joined room 1ea819dd-1822-49fd-948f-09c290a831fd. Total users: 2","timestamp":"2024-09-30T13:09:17.292Z"}
{"level":"info","message":"User wira left room 1ea819dd-1822-49fd-948f-09c290a831fd. Total users: 1","timestamp":"2024-09-30T13:09:17.293Z"}
{"level":"info","message":"New connection: QnA8NP0Ra7Hl1wCCAAOr","timestamp":"2024-09-30T13:09:17.305Z"}
{"level":"info","message":"User wira joined room 1ea819dd-1822-49fd-948f-09c290a831fd. Total users: 2","timestamp":"2024-09-30T13:09:17.307Z"}
{"level":"info","message":"User wira left room 1ea819dd-1822-49fd-948f-09c290a831fd. Total users: 1","timestamp":"2024-09-30T13:09:17.308Z"}
{"level":"info","message":"User wira joined room 1ea819dd-1822-49fd-948f-09c290a831fd. Total users: 2","timestamp":"2024-09-30T13:09:17.309Z"}
{"level":"info","message":"User wira left room 1ea819dd-1822-49fd-948f-09c290a831fd. Total users: 1","timestamp":"2024-09-30T13:09:17.310Z"}
{"level":"info","message":"New connection: 8mIgykSvhpf-8ThwAAOt","timestamp":"2024-09-30T13:09:17.316Z"}
{"level":"info","message":"User wira joined room 1ea819dd-1822-49fd-948f-09c290a831fd. Total users: 2","timestamp":"2024-09-30T13:09:17.317Z"}
{"level":"info","message":"User wira left room 1ea819dd-1822-49fd-948f-09c290a831fd. Total users: 1","timestamp":"2024-09-30T13:09:17.317Z"}
{"level":"info","message":"User wira joined room 1ea819dd-1822-49fd-948f-09c290a831fd. Total users: 2","timestamp":"2024-09-30T13:09:17.318Z"}
{"level":"info","message":"User wira left room 1ea819dd-1822-49fd-948f-09c290a831fd. Total users: 1","timestamp":"2024-09-30T13:09:17.319Z"}
{"level":"info","message":"New connection: uaTV9K_LaSBKQI6VAAOv","timestamp":"2024-09-30T13:09:17.328Z"}
{"level":"info","message":"User wira joined room 1ea819dd-1822-49fd-948f-09c290a831fd. Total users: 2","timestamp":"2024-09-30T13:09:17.328Z"}
{"level":"info","message":"User wira left room 1ea819dd-1822-49fd-948f-09c290a831fd. Total users: 1","timestamp":"2024-09-30T13:09:17.329Z"}
{"level":"info","message":"User wira joined room 1ea819dd-1822-49fd-948f-09c290a831fd. Total users: 2","timestamp":"2024-09-30T13:09:17.330Z"}
{"level":"info","message":"User wira left room 1ea819dd-1822-49fd-948f-09c290a831fd. Total users: 1","timestamp":"2024-09-30T13:09:17.330Z"}
{"level":"info","message":"New connection: T_oGuA2PbKJmOcGUAAOx","timestamp":"2024-09-30T13:09:17.338Z"}
{"level":"info","message":"User wira joined room 1ea819dd-1822-49fd-948f-09c290a831fd. Total users: 2","timestamp":"2024-09-30T13:09:17.338Z"}
{"level":"info","message":"User wira left room 1ea819dd-1822-49fd-948f-09c290a831fd. Total users: 1","timestamp":"2024-09-30T13:09:17.339Z"}
{"level":"info","message":"User wira joined room 1ea819dd-1822-49fd-948f-09c290a831fd. Total users: 2","timestamp":"2024-09-30T13:09:17.340Z"}
{"level":"info","message":"User wira left room 1ea819dd-1822-49fd-948f-09c290a831fd. Total users: 1","timestamp":"2024-09-30T13:09:17.340Z"}
{"level":"info","message":"New connection: ppszBHIiGsnSKARFAAOz","timestamp":"2024-09-30T13:09:17.352Z"}
{"level":"info","message":"User wira joined room 1ea819dd-1822-49fd-948f-09c290a831fd. Total users: 2","timestamp":"2024-09-30T13:09:17.353Z"}
{"level":"info","message":"User wira left room 1ea819dd-1822-49fd-948f-09c290a831fd. Total users: 1","timestamp":"2024-09-30T13:09:17.353Z"}
{"level":"info","message":"User wira joined room 1ea819dd-1822-49fd-948f-09c290a831fd. Total users: 2","timestamp":"2024-09-30T13:09:17.354Z"}
{"level":"info","message":"User wira left room 1ea819dd-1822-49fd-948f-09c290a831fd. Total users: 1","timestamp":"2024-09-30T13:09:17.355Z"}
{"level":"info","message":"New connection: vmZNcauLfOxhFhBJAAO1","timestamp":"2024-09-30T13:09:17.368Z"}
{"level":"info","message":"User wira joined room 1ea819dd-1822-49fd-948f-09c290a831fd. Total users: 2","timestamp":"2024-09-30T13:09:17.369Z"}
{"level":"info","message":"User wira left room 1ea819dd-1822-49fd-948f-09c290a831fd. Total users: 1","timestamp":"2024-09-30T13:09:17.369Z"}
{"level":"info","message":"User wira joined room 1ea819dd-1822-49fd-948f-09c290a831fd. Total users: 2","timestamp":"2024-09-30T13:09:17.370Z"}
{"level":"info","message":"User wira left room 1ea819dd-1822-49fd-948f-09c290a831fd. Total users: 1","timestamp":"2024-09-30T13:09:17.370Z"}
{"level":"info","message":"New connection: Dh7o9a7uqHqbKQ0_AAO3","timestamp":"2024-09-30T13:09:17.383Z"}
{"level":"info","message":"User wira joined room 1ea819dd-1822-49fd-948f-09c290a831fd. Total users: 2","timestamp":"2024-09-30T13:09:17.384Z"}
{"level":"info","message":"User wira left room 1ea819dd-1822-49fd-948f-09c290a831fd. Total users: 1","timestamp":"2024-09-30T13:09:17.384Z"}
{"level":"info","message":"User wira joined room 1ea819dd-1822-49fd-948f-09c290a831fd. Total users: 2","timestamp":"2024-09-30T13:09:17.385Z"}
{"level":"info","message":"User wira left room 1ea819dd-1822-49fd-948f-09c290a831fd. Total users: 1","timestamp":"2024-09-30T13:09:17.386Z"}
{"level":"info","message":"New connection: Qz4fSYVXUdKHIC5vAAO5","timestamp":"2024-09-30T13:09:17.399Z"}
{"level":"info","message":"User wira joined room 1ea819dd-1822-49fd-948f-09c290a831fd. Total users: 2","timestamp":"2024-09-30T13:09:17.400Z"}
{"level":"info","message":"User wira left room 1ea819dd-1822-49fd-948f-09c290a831fd. Total users: 1","timestamp":"2024-09-30T13:09:17.400Z"}
{"level":"info","message":"User wira joined room 1ea819dd-1822-49fd-948f-09c290a831fd. Total users: 2","timestamp":"2024-09-30T13:09:17.401Z"}
{"level":"info","message":"User wira left room 1ea819dd-1822-49fd-948f-09c290a831fd. Total users: 1","timestamp":"2024-09-30T13:09:17.401Z"}
{"level":"info","message":"New connection: ziIRmMTxx2aIzNHGAAO7","timestamp":"2024-09-30T13:09:17.414Z"}
{"level":"info","message":"User wira joined room 1ea819dd-1822-49fd-948f-09c290a831fd. Total users: 2","timestamp":"2024-09-30T13:09:17.415Z"}
{"level":"info","message":"User wira left room 1ea819dd-1822-49fd-948f-09c290a831fd. Total users: 1","timestamp":"2024-09-30T13:09:17.415Z"}
{"level":"info","message":"User wira joined room 1ea819dd-1822-49fd-948f-09c290a831fd. Total users: 2","timestamp":"2024-09-30T13:09:17.416Z"}
{"level":"info","message":"User wira left room 1ea819dd-1822-49fd-948f-09c290a831fd. Total users: 1","timestamp":"2024-09-30T13:09:17.416Z"}
{"level":"info","message":"New connection: Ly3Lk4tqMN9KKJ03AAO9","timestamp":"2024-09-30T13:09:17.430Z"}
{"level":"info","message":"User wira joined room 1ea819dd-1822-49fd-948f-09c290a831fd. Total users: 2","timestamp":"2024-09-30T13:09:17.431Z"}
{"level":"info","message":"User wira left room 1ea819dd-1822-49fd-948f-09c290a831fd. Total users: 1","timestamp":"2024-09-30T13:09:17.432Z"}
{"level":"info","message":"User wira joined room 1ea819dd-1822-49fd-948f-09c290a831fd. Total users: 2","timestamp":"2024-09-30T13:09:17.432Z"}
{"level":"info","message":"User wira left room 1ea819dd-1822-49fd-948f-09c290a831fd. Total users: 1","timestamp":"2024-09-30T13:09:17.435Z"}
{"level":"info","message":"New connection: rER4y_oHPnc-pOV6AAO_","timestamp":"2024-09-30T13:09:17.442Z"}
{"level":"info","message":"User wira joined room 1ea819dd-1822-49fd-948f-09c290a831fd. Total users: 2","timestamp":"2024-09-30T13:09:17.442Z"}
{"level":"info","message":"User wira left room 1ea819dd-1822-49fd-948f-09c290a831fd. Total users: 1","timestamp":"2024-09-30T13:09:17.443Z"}
{"level":"info","message":"User wira joined room 1ea819dd-1822-49fd-948f-09c290a831fd. Total users: 2","timestamp":"2024-09-30T13:09:17.443Z"}
{"level":"info","message":"User wira left room 1ea819dd-1822-49fd-948f-09c290a831fd. Total users: 1","timestamp":"2024-09-30T13:09:17.444Z"}
{"level":"info","message":"User aliftan joined room 1ea819dd-1822-49fd-948f-09c290a831fd. Total users: 1","timestamp":"2024-09-30T13:09:17.445Z"}
{"level":"info","message":"New connection: -ub3ugb3te1uK2lgAAPB","timestamp":"2024-09-30T13:09:17.455Z"}
{"level":"info","message":"User wira joined room 1ea819dd-1822-49fd-948f-09c290a831fd. Total users: 2","timestamp":"2024-09-30T13:09:17.456Z"}
{"level":"info","message":"User wira left room 1ea819dd-1822-49fd-948f-09c290a831fd. Total users: 1","timestamp":"2024-09-30T13:09:17.456Z"}
{"level":"info","message":"User wira joined room 1ea819dd-1822-49fd-948f-09c290a831fd. Total users: 2","timestamp":"2024-09-30T13:09:17.457Z"}
{"level":"info","message":"User wira left room 1ea819dd-1822-49fd-948f-09c290a831fd. Total users: 1","timestamp":"2024-09-30T13:09:17.458Z"}
{"level":"info","message":"New connection: agVwGIWhNA_EY1UFAAPD","timestamp":"2024-09-30T13:09:17.469Z"}
{"level":"info","message":"User wira joined room 1ea819dd-1822-49fd-948f-09c290a831fd. Total users: 2","timestamp":"2024-09-30T13:09:17.469Z"}
{"level":"info","message":"User wira left room 1ea819dd-1822-49fd-948f-09c290a831fd. Total users: 1","timestamp":"2024-09-30T13:09:17.470Z"}
{"level":"info","message":"User wira joined room 1ea819dd-1822-49fd-948f-09c290a831fd. Total users: 2","timestamp":"2024-09-30T13:09:17.471Z"}
{"level":"info","message":"User wira left room 1ea819dd-1822-49fd-948f-09c290a831fd. Total users: 1","timestamp":"2024-09-30T13:09:17.472Z"}
{"level":"info","message":"New connection: D32HgeZxGO3gLNpOAAPF","timestamp":"2024-09-30T13:09:17.482Z"}
{"level":"info","message":"User wira joined room 1ea819dd-1822-49fd-948f-09c290a831fd. Total users: 2","timestamp":"2024-09-30T13:09:17.482Z"}
{"level":"info","message":"User wira left room 1ea819dd-1822-49fd-948f-09c290a831fd. Total users: 1","timestamp":"2024-09-30T13:09:17.483Z"}
{"level":"info","message":"User wira joined room 1ea819dd-1822-49fd-948f-09c290a831fd. Total users: 2","timestamp":"2024-09-30T13:09:17.484Z"}
{"level":"info","message":"User wira left room 1ea819dd-1822-49fd-948f-09c290a831fd. Total users: 1","timestamp":"2024-09-30T13:09:17.484Z"}
{"level":"info","message":"New connection: N-tK0yTT8HN7TmVlAAPH","timestamp":"2024-09-30T13:09:17.495Z"}
{"level":"info","message":"User wira joined room 1ea819dd-1822-49fd-948f-09c290a831fd. Total users: 2","timestamp":"2024-09-30T13:09:17.496Z"}
{"level":"info","message":"User wira left room 1ea819dd-1822-49fd-948f-09c290a831fd. Total users: 1","timestamp":"2024-09-30T13:09:17.496Z"}
{"level":"info","message":"User wira joined room 1ea819dd-1822-49fd-948f-09c290a831fd. Total users: 2","timestamp":"2024-09-30T13:09:17.497Z"}
{"level":"info","message":"User wira left room 1ea819dd-1822-49fd-948f-09c290a831fd. Total users: 1","timestamp":"2024-09-30T13:09:17.498Z"}
{"level":"info","message":"New connection: nGRL_Xa4F11DMWKVAAPJ","timestamp":"2024-09-30T13:09:17.507Z"}
{"level":"info","message":"User wira joined room 1ea819dd-1822-49fd-948f-09c290a831fd. Total users: 2","timestamp":"2024-09-30T13:09:17.509Z"}
{"level":"info","message":"User wira left room 1ea819dd-1822-49fd-948f-09c290a831fd. Total users: 1","timestamp":"2024-09-30T13:09:17.511Z"}
{"level":"info","message":"User wira joined room 1ea819dd-1822-49fd-948f-09c290a831fd. Total users: 2","timestamp":"2024-09-30T13:09:17.512Z"}
{"level":"info","message":"User wira left room 1ea819dd-1822-49fd-948f-09c290a831fd. Total users: 1","timestamp":"2024-09-30T13:09:17.513Z"}
{"level":"info","message":"New connection: 4xnWBqQmnLdz3GDQAAPL","timestamp":"2024-09-30T13:09:17.520Z"}
{"level":"info","message":"User wira joined room 1ea819dd-1822-49fd-948f-09c290a831fd. Total users: 2","timestamp":"2024-09-30T13:09:17.521Z"}
{"level":"info","message":"User wira left room 1ea819dd-1822-49fd-948f-09c290a831fd. Total users: 1","timestamp":"2024-09-30T13:09:17.522Z"}
{"level":"info","message":"User wira joined room 1ea819dd-1822-49fd-948f-09c290a831fd. Total users: 2","timestamp":"2024-09-30T13:09:17.523Z"}
{"level":"info","message":"User wira left room 1ea819dd-1822-49fd-948f-09c290a831fd. Total users: 1","timestamp":"2024-09-30T13:09:17.524Z"}
{"level":"info","message":"New connection: w5ewU9Q07_5wgLCKAAPN","timestamp":"2024-09-30T13:09:17.532Z"}
{"level":"info","message":"User wira joined room 1ea819dd-1822-49fd-948f-09c290a831fd. Total users: 2","timestamp":"2024-09-30T13:09:17.533Z"}
{"level":"info","message":"User wira left room 1ea819dd-1822-49fd-948f-09c290a831fd. Total users: 1","timestamp":"2024-09-30T13:09:17.534Z"}
{"level":"info","message":"User wira joined room 1ea819dd-1822-49fd-948f-09c290a831fd. Total users: 2","timestamp":"2024-09-30T13:09:17.535Z"}
{"level":"info","message":"User wira left room 1ea819dd-1822-49fd-948f-09c290a831fd. Total users: 1","timestamp":"2024-09-30T13:09:17.536Z"}
{"level":"info","message":"New connection: svSN7sozpcABS1o2AAPP","timestamp":"2024-09-30T13:09:17.544Z"}
{"level":"info","message":"User wira joined room 1ea819dd-1822-49fd-948f-09c290a831fd. Total users: 2","timestamp":"2024-09-30T13:09:17.545Z"}
{"level":"info","message":"User wira left room 1ea819dd-1822-49fd-948f-09c290a831fd. Total users: 1","timestamp":"2024-09-30T13:09:17.546Z"}
{"level":"info","message":"User wira joined room 1ea819dd-1822-49fd-948f-09c290a831fd. Total users: 2","timestamp":"2024-09-30T13:09:17.546Z"}
{"level":"info","message":"User wira left room 1ea819dd-1822-49fd-948f-09c290a831fd. Total users: 1","timestamp":"2024-09-30T13:09:17.547Z"}
{"level":"info","message":"User aliftan joined room 1ea819dd-1822-49fd-948f-09c290a831fd. Total users: 1","timestamp":"2024-09-30T13:09:17.555Z"}
{"level":"info","message":"New connection: Ldl5EMr-AFTrwoDdAAPR","timestamp":"2024-09-30T13:09:17.557Z"}
{"level":"info","message":"User wira joined room 1ea819dd-1822-49fd-948f-09c290a831fd. Total users: 2","timestamp":"2024-09-30T13:09:17.558Z"}
{"level":"info","message":"User wira left room 1ea819dd-1822-49fd-948f-09c290a831fd. Total users: 1","timestamp":"2024-09-30T13:09:17.559Z"}
{"level":"info","message":"User wira joined room 1ea819dd-1822-49fd-948f-09c290a831fd. Total users: 2","timestamp":"2024-09-30T13:09:17.559Z"}
{"level":"info","message":"User wira left room 1ea819dd-1822-49fd-948f-09c290a831fd. Total users: 1","timestamp":"2024-09-30T13:09:17.560Z"}
{"level":"info","message":"New connection: NpbFGs_88GYY6_bgAAPT","timestamp":"2024-09-30T13:09:17.568Z"}
{"level":"info","message":"User wira joined room 1ea819dd-1822-49fd-948f-09c290a831fd. Total users: 2","timestamp":"2024-09-30T13:09:17.568Z"}
{"level":"info","message":"User wira left room 1ea819dd-1822-49fd-948f-09c290a831fd. Total users: 1","timestamp":"2024-09-30T13:09:17.569Z"}
{"level":"info","message":"User wira joined room 1ea819dd-1822-49fd-948f-09c290a831fd. Total users: 2","timestamp":"2024-09-30T13:09:17.570Z"}
{"level":"info","message":"User wira left room 1ea819dd-1822-49fd-948f-09c290a831fd. Total users: 1","timestamp":"2024-09-30T13:09:17.571Z"}
{"level":"info","message":"New connection: -mo13mnPFLP-BymIAAPW","timestamp":"2024-09-30T13:09:17.618Z"}
{"level":"info","message":"User wira joined room 1ea819dd-1822-49fd-948f-09c290a831fd. Total users: 2","timestamp":"2024-09-30T13:09:17.618Z"}
{"level":"info","message":"User wira left room 1ea819dd-1822-49fd-948f-09c290a831fd. Total users: 1","timestamp":"2024-09-30T13:09:17.619Z"}
{"level":"info","message":"User wira joined room 1ea819dd-1822-49fd-948f-09c290a831fd. Total users: 2","timestamp":"2024-09-30T13:09:17.620Z"}
{"level":"info","message":"User wira left room 1ea819dd-1822-49fd-948f-09c290a831fd. Total users: 1","timestamp":"2024-09-30T13:09:17.621Z"}
{"level":"info","message":"New connection: wPKcXrzKCPIdltkOAAPX","timestamp":"2024-09-30T13:09:17.621Z"}
{"level":"info","message":"User wira joined room 1ea819dd-1822-49fd-948f-09c290a831fd. Total users: 2","timestamp":"2024-09-30T13:09:17.624Z"}
{"level":"info","message":"User wira joined room 1ea819dd-1822-49fd-948f-09c290a831fd. Total users: 2","timestamp":"2024-09-30T13:09:17.625Z"}
{"level":"info","message":"User wira left room 1ea819dd-1822-49fd-948f-09c290a831fd. Total users: 1","timestamp":"2024-09-30T13:09:17.626Z"}
{"level":"info","message":"New connection: Q7MB60g24WgUg4jGAAPa","timestamp":"2024-09-30T13:09:17.637Z"}
{"level":"info","message":"New connection: lhbx_pgr_jET2Yc_AAPb","timestamp":"2024-09-30T13:09:17.638Z"}
{"level":"info","message":"User wira joined room 1ea819dd-1822-49fd-948f-09c290a831fd. Total users: 2","timestamp":"2024-09-30T13:09:17.639Z"}
{"level":"info","message":"User wira left room 1ea819dd-1822-49fd-948f-09c290a831fd. Total users: 1","timestamp":"2024-09-30T13:09:17.640Z"}
{"level":"info","message":"User wira joined room 1ea819dd-1822-49fd-948f-09c290a831fd. Total users: 2","timestamp":"2024-09-30T13:09:17.641Z"}
{"level":"info","message":"User wira joined room 1ea819dd-1822-49fd-948f-09c290a831fd. Total users: 3","timestamp":"2024-09-30T13:09:17.642Z"}
{"level":"info","message":"User wira joined room 1ea819dd-1822-49fd-948f-09c290a831fd. Total users: 3","timestamp":"2024-09-30T13:09:17.642Z"}
{"level":"info","message":"User wira joined room 1ea819dd-1822-49fd-948f-09c290a831fd. Total users: 3","timestamp":"2024-09-30T13:09:17.643Z"}
{"level":"info","message":"User wira left room 1ea819dd-1822-49fd-948f-09c290a831fd. Total users: 2","timestamp":"2024-09-30T13:09:17.644Z"}
{"level":"info","message":"User wira joined room 1ea819dd-1822-49fd-948f-09c290a831fd. Total users: 2","timestamp":"2024-09-30T13:09:17.645Z"}
{"level":"info","message":"User wira joined room 1ea819dd-1822-49fd-948f-09c290a831fd. Total users: 2","timestamp":"2024-09-30T13:09:18.737Z"}
{"level":"info","message":"User wira left room 1ea819dd-1822-49fd-948f-09c290a831fd. Total users: 1","timestamp":"2024-09-30T13:12:12.381Z"}
{"level":"info","message":"User aliftan left room 1ea819dd-1822-49fd-948f-09c290a831fd. Total users: 0","timestamp":"2024-09-30T13:12:12.394Z"}
{"level":"info","message":"Room 1ea819dd-1822-49fd-948f-09c290a831fd deleted as it's empty","timestamp":"2024-09-30T13:12:12.394Z"}
{"level":"info","message":"User wira joined room 1ea819dd-1822-49fd-948f-09c290a831fd. Total users: 1","timestamp":"2024-09-30T13:12:12.428Z"}
{"level":"info","message":"User aliftan joined room 1ea819dd-1822-49fd-948f-09c290a831fd. Total users: 2","timestamp":"2024-09-30T13:12:12.452Z"}
{"level":"info","message":"User wira left room 1ea819dd-1822-49fd-948f-09c290a831fd. Total users: 1","timestamp":"2024-09-30T13:12:27.230Z"}
{"level":"info","message":"User wira joined room 1ea819dd-1822-49fd-948f-09c290a831fd. Total users: 2","timestamp":"2024-09-30T13:12:27.231Z"}
{"level":"info","message":"User aliftan left room 1ea819dd-1822-49fd-948f-09c290a831fd. Total users: 1","timestamp":"2024-09-30T13:12:27.232Z"}
{"level":"info","message":"User aliftan joined room 1ea819dd-1822-49fd-948f-09c290a831fd. Total users: 2","timestamp":"2024-09-30T13:12:27.233Z"}
{"level":"info","message":"User wira left room 1ea819dd-1822-49fd-948f-09c290a831fd. Total users: 1","timestamp":"2024-09-30T13:12:27.698Z"}
{"level":"info","message":"User aliftan left room 1ea819dd-1822-49fd-948f-09c290a831fd. Total users: 0","timestamp":"2024-09-30T13:12:27.700Z"}
{"level":"info","message":"Room 1ea819dd-1822-49fd-948f-09c290a831fd deleted as it's empty","timestamp":"2024-09-30T13:12:27.700Z"}
{"level":"info","message":"User wira joined room 1ea819dd-1822-49fd-948f-09c290a831fd. Total users: 1","timestamp":"2024-09-30T13:12:27.723Z"}
{"level":"info","message":"User aliftan joined room 1ea819dd-1822-49fd-948f-09c290a831fd. Total users: 2","timestamp":"2024-09-30T13:12:27.754Z"}
{"level":"info","message":"User wira left room 1ea819dd-1822-49fd-948f-09c290a831fd. Total users: 1","timestamp":"2024-09-30T13:12:33.127Z"}
{"level":"info","message":"New connection: jn55oduU0kmw3YTWAAPd","timestamp":"2024-09-30T13:12:33.650Z"}
{"level":"info","message":"New connection: xtQEpjfI1CQYfczzAAPf","timestamp":"2024-09-30T13:12:33.681Z"}
{"level":"info","message":"User wira joined room 1ea819dd-1822-49fd-948f-09c290a831fd. Total users: 2","timestamp":"2024-09-30T13:12:33.684Z"}
{"level":"info","message":"User wira left room 1ea819dd-1822-49fd-948f-09c290a831fd. Total users: 1","timestamp":"2024-09-30T13:12:33.685Z"}
{"level":"info","message":"User wira joined room 1ea819dd-1822-49fd-948f-09c290a831fd. Total users: 2","timestamp":"2024-09-30T13:12:33.685Z"}
{"level":"info","message":"User wira left room 1ea819dd-1822-49fd-948f-09c290a831fd. Total users: 1","timestamp":"2024-09-30T13:12:33.685Z"}
{"level":"info","message":"New connection: QIe2K1XYTOeFZKvVAAPh","timestamp":"2024-09-30T13:12:33.734Z"}
{"level":"info","message":"New connection: n7Z8cudRNOMNK5aMAAPj","timestamp":"2024-09-30T13:12:33.748Z"}
{"level":"info","message":"User wira joined room 1ea819dd-1822-49fd-948f-09c290a831fd. Total users: 2","timestamp":"2024-09-30T13:12:33.751Z"}
{"level":"info","message":"User wira left room 1ea819dd-1822-49fd-948f-09c290a831fd. Total users: 1","timestamp":"2024-09-30T13:12:33.752Z"}
{"level":"info","message":"User wira joined room 1ea819dd-1822-49fd-948f-09c290a831fd. Total users: 2","timestamp":"2024-09-30T13:12:33.752Z"}
{"level":"info","message":"User wira left room 1ea819dd-1822-49fd-948f-09c290a831fd. Total users: 1","timestamp":"2024-09-30T13:12:33.753Z"}
{"level":"info","message":"New connection: lfQ_GCx7f0D7gYL1AAPl","timestamp":"2024-09-30T13:12:33.768Z"}
{"level":"info","message":"User wira joined room 1ea819dd-1822-49fd-948f-09c290a831fd. Total users: 2","timestamp":"2024-09-30T13:12:33.770Z"}
{"level":"info","message":"User wira left room 1ea819dd-1822-49fd-948f-09c290a831fd. Total users: 1","timestamp":"2024-09-30T13:12:33.771Z"}
{"level":"info","message":"User wira joined room 1ea819dd-1822-49fd-948f-09c290a831fd. Total users: 2","timestamp":"2024-09-30T13:12:33.772Z"}
{"level":"info","message":"User wira left room 1ea819dd-1822-49fd-948f-09c290a831fd. Total users: 1","timestamp":"2024-09-30T13:12:33.772Z"}
{"level":"info","message":"New connection: jmDssLVY77IBDkL5AAPn","timestamp":"2024-09-30T13:12:33.835Z"}
{"level":"info","message":"User wira joined room 1ea819dd-1822-49fd-948f-09c290a831fd. Total users: 2","timestamp":"2024-09-30T13:12:33.837Z"}
{"level":"info","message":"User wira left room 1ea819dd-1822-49fd-948f-09c290a831fd. Total users: 1","timestamp":"2024-09-30T13:12:33.838Z"}
{"level":"info","message":"User wira joined room 1ea819dd-1822-49fd-948f-09c290a831fd. Total users: 2","timestamp":"2024-09-30T13:12:33.838Z"}
{"level":"info","message":"User wira left room 1ea819dd-1822-49fd-948f-09c290a831fd. Total users: 1","timestamp":"2024-09-30T13:12:33.839Z"}
{"level":"info","message":"New connection: QwJNXvxewnQPVZh9AAPp","timestamp":"2024-09-30T13:12:33.849Z"}
{"level":"info","message":"User wira joined room 1ea819dd-1822-49fd-948f-09c290a831fd. Total users: 2","timestamp":"2024-09-30T13:12:33.852Z"}
{"level":"info","message":"User wira left room 1ea819dd-1822-49fd-948f-09c290a831fd. Total users: 1","timestamp":"2024-09-30T13:12:33.852Z"}
{"level":"info","message":"User wira joined room 1ea819dd-1822-49fd-948f-09c290a831fd. Total users: 2","timestamp":"2024-09-30T13:12:33.853Z"}
{"level":"info","message":"User wira left room 1ea819dd-1822-49fd-948f-09c290a831fd. Total users: 1","timestamp":"2024-09-30T13:12:33.854Z"}
{"level":"info","message":"New connection: fitLAqvUx-ewAvSSAAPr","timestamp":"2024-09-30T13:12:33.864Z"}
{"level":"info","message":"User wira joined room 1ea819dd-1822-49fd-948f-09c290a831fd. Total users: 2","timestamp":"2024-09-30T13:12:33.867Z"}
{"level":"info","message":"User wira left room 1ea819dd-1822-49fd-948f-09c290a831fd. Total users: 1","timestamp":"2024-09-30T13:12:33.868Z"}
{"level":"info","message":"User wira joined room 1ea819dd-1822-49fd-948f-09c290a831fd. Total users: 2","timestamp":"2024-09-30T13:12:33.869Z"}
{"level":"info","message":"User wira left room 1ea819dd-1822-49fd-948f-09c290a831fd. Total users: 1","timestamp":"2024-09-30T13:12:33.870Z"}
{"level":"info","message":"New connection: n8sTgr4HzbfLHo5KAAPu","timestamp":"2024-09-30T13:12:33.880Z"}
{"level":"info","message":"User wira joined room 1ea819dd-1822-49fd-948f-09c290a831fd. Total users: 2","timestamp":"2024-09-30T13:12:33.881Z"}
{"level":"info","message":"User wira left room 1ea819dd-1822-49fd-948f-09c290a831fd. Total users: 1","timestamp":"2024-09-30T13:12:33.883Z"}
{"level":"info","message":"User wira joined room 1ea819dd-1822-49fd-948f-09c290a831fd. Total users: 2","timestamp":"2024-09-30T13:12:33.883Z"}
{"level":"info","message":"User wira left room 1ea819dd-1822-49fd-948f-09c290a831fd. Total users: 1","timestamp":"2024-09-30T13:12:33.886Z"}
{"level":"info","message":"New connection: wjK5EhGYTnpeesnCAAPw","timestamp":"2024-09-30T13:12:33.894Z"}
{"level":"info","message":"User wira joined room 1ea819dd-1822-49fd-948f-09c290a831fd. Total users: 2","timestamp":"2024-09-30T13:12:33.899Z"}
{"level":"info","message":"User wira left room 1ea819dd-1822-49fd-948f-09c290a831fd. Total users: 1","timestamp":"2024-09-30T13:12:33.901Z"}
{"level":"info","message":"User wira joined room 1ea819dd-1822-49fd-948f-09c290a831fd. Total users: 2","timestamp":"2024-09-30T13:12:33.901Z"}
{"level":"info","message":"User wira left room 1ea819dd-1822-49fd-948f-09c290a831fd. Total users: 1","timestamp":"2024-09-30T13:12:33.908Z"}
{"level":"info","message":"New connection: MzRnh4rcLTG4o9-5AAPy","timestamp":"2024-09-30T13:12:33.915Z"}
{"level":"info","message":"User wira joined room 1ea819dd-1822-49fd-948f-09c290a831fd. Total users: 2","timestamp":"2024-09-30T13:12:33.918Z"}
{"level":"info","message":"User wira left room 1ea819dd-1822-49fd-948f-09c290a831fd. Total users: 1","timestamp":"2024-09-30T13:12:33.919Z"}
{"level":"info","message":"User wira joined room 1ea819dd-1822-49fd-948f-09c290a831fd. Total users: 2","timestamp":"2024-09-30T13:12:33.920Z"}
{"level":"info","message":"User wira left room 1ea819dd-1822-49fd-948f-09c290a831fd. Total users: 1","timestamp":"2024-09-30T13:12:33.921Z"}
{"level":"info","message":"New connection: Db_mV6uZVrcoKzzlAAPz","timestamp":"2024-09-30T13:12:33.925Z"}
{"level":"info","message":"User wira joined room 1ea819dd-1822-49fd-948f-09c290a831fd. Total users: 2","timestamp":"2024-09-30T13:12:33.928Z"}
{"level":"info","message":"User wira left room 1ea819dd-1822-49fd-948f-09c290a831fd. Total users: 1","timestamp":"2024-09-30T13:12:33.929Z"}
{"level":"info","message":"User wira joined room 1ea819dd-1822-49fd-948f-09c290a831fd. Total users: 2","timestamp":"2024-09-30T13:12:33.929Z"}
{"level":"info","message":"User wira left room 1ea819dd-1822-49fd-948f-09c290a831fd. Total users: 1","timestamp":"2024-09-30T13:12:33.948Z"}
{"level":"info","message":"New connection: eSPzB7z8U-dRr7xlAAP2","timestamp":"2024-09-30T13:12:33.955Z"}
{"level":"info","message":"User wira joined room 1ea819dd-1822-49fd-948f-09c290a831fd. Total users: 2","timestamp":"2024-09-30T13:12:33.956Z"}
{"level":"info","message":"User wira left room 1ea819dd-1822-49fd-948f-09c290a831fd. Total users: 1","timestamp":"2024-09-30T13:12:33.958Z"}
{"level":"info","message":"User wira joined room 1ea819dd-1822-49fd-948f-09c290a831fd. Total users: 2","timestamp":"2024-09-30T13:12:33.958Z"}
{"level":"info","message":"User wira left room 1ea819dd-1822-49fd-948f-09c290a831fd. Total users: 1","timestamp":"2024-09-30T13:12:33.959Z"}
{"level":"info","message":"New connection: iXb9G26sQLyye1AtAAP3","timestamp":"2024-09-30T13:12:33.960Z"}
{"level":"info","message":"User wira joined room 1ea819dd-1822-49fd-948f-09c290a831fd. Total users: 2","timestamp":"2024-09-30T13:12:33.964Z"}
{"level":"info","message":"User wira joined room 1ea819dd-1822-49fd-948f-09c290a831fd. Total users: 2","timestamp":"2024-09-30T13:12:33.965Z"}
{"level":"info","message":"User wira left room 1ea819dd-1822-49fd-948f-09c290a831fd. Total users: 1","timestamp":"2024-09-30T13:12:33.966Z"}
{"level":"info","message":"New connection: gWiOivIZfhZLblXSAAP6","timestamp":"2024-09-30T13:12:33.979Z"}
{"level":"info","message":"User wira joined room 1ea819dd-1822-49fd-948f-09c290a831fd. Total users: 2","timestamp":"2024-09-30T13:12:33.981Z"}
{"level":"info","message":"User wira left room 1ea819dd-1822-49fd-948f-09c290a831fd. Total users: 1","timestamp":"2024-09-30T13:12:33.982Z"}
{"level":"info","message":"User wira joined room 1ea819dd-1822-49fd-948f-09c290a831fd. Total users: 2","timestamp":"2024-09-30T13:12:33.983Z"}
{"level":"info","message":"User wira left room 1ea819dd-1822-49fd-948f-09c290a831fd. Total users: 1","timestamp":"2024-09-30T13:12:33.986Z"}
{"level":"info","message":"New connection: Vg3P1iPqlVrWTSlyAAP8","timestamp":"2024-09-30T13:12:33.995Z"}
{"level":"info","message":"User wira joined room 1ea819dd-1822-49fd-948f-09c290a831fd. Total users: 2","timestamp":"2024-09-30T13:12:34.001Z"}
{"level":"info","message":"User wira left room 1ea819dd-1822-49fd-948f-09c290a831fd. Total users: 1","timestamp":"2024-09-30T13:12:34.002Z"}
{"level":"info","message":"User wira joined room 1ea819dd-1822-49fd-948f-09c290a831fd. Total users: 2","timestamp":"2024-09-30T13:12:34.003Z"}
{"level":"info","message":"User wira left room 1ea819dd-1822-49fd-948f-09c290a831fd. Total users: 1","timestamp":"2024-09-30T13:12:34.005Z"}
{"level":"info","message":"New connection: 0frVDYRj4EtXoz0aAAP-","timestamp":"2024-09-30T13:12:34.011Z"}
{"level":"info","message":"User wira joined room 1ea819dd-1822-49fd-948f-09c290a831fd. Total users: 2","timestamp":"2024-09-30T13:12:34.015Z"}
{"level":"info","message":"User wira left room 1ea819dd-1822-49fd-948f-09c290a831fd. Total users: 1","timestamp":"2024-09-30T13:12:34.016Z"}
{"level":"info","message":"User wira joined room 1ea819dd-1822-49fd-948f-09c290a831fd. Total users: 2","timestamp":"2024-09-30T13:12:34.017Z"}
{"level":"info","message":"User wira left room 1ea819dd-1822-49fd-948f-09c290a831fd. Total users: 1","timestamp":"2024-09-30T13:12:34.019Z"}
{"level":"info","message":"New connection: uLItMQ1ncDBUxuTSAAQA","timestamp":"2024-09-30T13:12:34.028Z"}
{"level":"info","message":"User wira joined room 1ea819dd-1822-49fd-948f-09c290a831fd. Total users: 2","timestamp":"2024-09-30T13:12:34.032Z"}
{"level":"info","message":"User wira left room 1ea819dd-1822-49fd-948f-09c290a831fd. Total users: 1","timestamp":"2024-09-30T13:12:34.033Z"}
{"level":"info","message":"User wira joined room 1ea819dd-1822-49fd-948f-09c290a831fd. Total users: 2","timestamp":"2024-09-30T13:12:34.033Z"}
{"level":"info","message":"User wira left room 1ea819dd-1822-49fd-948f-09c290a831fd. Total users: 1","timestamp":"2024-09-30T13:12:34.034Z"}
{"level":"info","message":"New connection: DIGKIScPSP46aurEAAQC","timestamp":"2024-09-30T13:12:34.040Z"}
{"level":"info","message":"User wira joined room 1ea819dd-1822-49fd-948f-09c290a831fd. Total users: 2","timestamp":"2024-09-30T13:12:34.045Z"}
{"level":"info","message":"User wira left room 1ea819dd-1822-49fd-948f-09c290a831fd. Total users: 1","timestamp":"2024-09-30T13:12:34.046Z"}
{"level":"info","message":"User wira joined room 1ea819dd-1822-49fd-948f-09c290a831fd. Total users: 2","timestamp":"2024-09-30T13:12:34.047Z"}
{"level":"info","message":"User wira left room 1ea819dd-1822-49fd-948f-09c290a831fd. Total users: 1","timestamp":"2024-09-30T13:12:34.048Z"}
{"level":"info","message":"New connection: K3UBXnFsnKUw5JqJAAQE","timestamp":"2024-09-30T13:12:34.053Z"}
{"level":"info","message":"User wira joined room 1ea819dd-1822-49fd-948f-09c290a831fd. Total users: 2","timestamp":"2024-09-30T13:12:34.068Z"}
{"level":"info","message":"User wira left room 1ea819dd-1822-49fd-948f-09c290a831fd. Total users: 1","timestamp":"2024-09-30T13:12:34.069Z"}
{"level":"info","message":"User wira joined room 1ea819dd-1822-49fd-948f-09c290a831fd. Total users: 2","timestamp":"2024-09-30T13:12:34.070Z"}
{"level":"info","message":"User wira left room 1ea819dd-1822-49fd-948f-09c290a831fd. Total users: 1","timestamp":"2024-09-30T13:12:34.072Z"}
{"level":"info","message":"New connection: xFbActD3jQ3C3bgcAAQG","timestamp":"2024-09-30T13:12:34.076Z"}
{"level":"info","message":"User wira joined room 1ea819dd-1822-49fd-948f-09c290a831fd. Total users: 2","timestamp":"2024-09-30T13:12:34.079Z"}
{"level":"info","message":"User wira left room 1ea819dd-1822-49fd-948f-09c290a831fd. Total users: 1","timestamp":"2024-09-30T13:12:34.080Z"}
{"level":"info","message":"User wira joined room 1ea819dd-1822-49fd-948f-09c290a831fd. Total users: 2","timestamp":"2024-09-30T13:12:34.081Z"}
{"level":"info","message":"User wira left room 1ea819dd-1822-49fd-948f-09c290a831fd. Total users: 1","timestamp":"2024-09-30T13:12:34.082Z"}
{"level":"info","message":"New connection: IGUz682DSKn7GmjOAAQH","timestamp":"2024-09-30T13:12:34.087Z"}
{"level":"info","message":"User wira joined room 1ea819dd-1822-49fd-948f-09c290a831fd. Total users: 2","timestamp":"2024-09-30T13:12:34.094Z"}
{"level":"info","message":"User wira left room 1ea819dd-1822-49fd-948f-09c290a831fd. Total users: 1","timestamp":"2024-09-30T13:12:34.096Z"}
{"level":"info","message":"User wira joined room 1ea819dd-1822-49fd-948f-09c290a831fd. Total users: 2","timestamp":"2024-09-30T13:12:34.097Z"}
{"level":"info","message":"User wira left room 1ea819dd-1822-49fd-948f-09c290a831fd. Total users: 1","timestamp":"2024-09-30T13:12:34.099Z"}
{"level":"info","message":"New connection: SS2rhxsKjagl4i_YAAQK","timestamp":"2024-09-30T13:12:34.107Z"}
{"level":"info","message":"User wira joined room 1ea819dd-1822-49fd-948f-09c290a831fd. Total users: 2","timestamp":"2024-09-30T13:12:34.112Z"}
{"level":"info","message":"User wira left room 1ea819dd-1822-49fd-948f-09c290a831fd. Total users: 1","timestamp":"2024-09-30T13:12:34.114Z"}
{"level":"info","message":"User wira joined room 1ea819dd-1822-49fd-948f-09c290a831fd. Total users: 2","timestamp":"2024-09-30T13:12:34.115Z"}
{"level":"info","message":"User wira left room 1ea819dd-1822-49fd-948f-09c290a831fd. Total users: 1","timestamp":"2024-09-30T13:12:34.119Z"}
{"level":"info","message":"New connection: 8N8PbcQPVOnj-RN0AAQM","timestamp":"2024-09-30T13:12:34.128Z"}
{"level":"info","message":"User wira joined room 1ea819dd-1822-49fd-948f-09c290a831fd. Total users: 2","timestamp":"2024-09-30T13:12:34.146Z"}
{"level":"info","message":"User wira left room 1ea819dd-1822-49fd-948f-09c290a831fd. Total users: 1","timestamp":"2024-09-30T13:12:34.147Z"}
{"level":"info","message":"User wira joined room 1ea819dd-1822-49fd-948f-09c290a831fd. Total users: 2","timestamp":"2024-09-30T13:12:34.148Z"}
{"level":"info","message":"User wira left room 1ea819dd-1822-49fd-948f-09c290a831fd. Total users: 1","timestamp":"2024-09-30T13:12:34.148Z"}
{"level":"info","message":"New connection: y4w974vsy-Mp3hz5AAQN","timestamp":"2024-09-30T13:12:34.153Z"}
{"level":"info","message":"User wira joined room 1ea819dd-1822-49fd-948f-09c290a831fd. Total users: 2","timestamp":"2024-09-30T13:12:34.159Z"}
{"level":"info","message":"User wira left room 1ea819dd-1822-49fd-948f-09c290a831fd. Total users: 1","timestamp":"2024-09-30T13:12:34.160Z"}
{"level":"info","message":"User wira joined room 1ea819dd-1822-49fd-948f-09c290a831fd. Total users: 2","timestamp":"2024-09-30T13:12:34.161Z"}
{"level":"info","message":"User wira left room 1ea819dd-1822-49fd-948f-09c290a831fd. Total users: 1","timestamp":"2024-09-30T13:12:34.163Z"}
{"level":"info","message":"New connection: aAeY1GFCEOVhmmZEAAQQ","timestamp":"2024-09-30T13:12:34.174Z"}
{"level":"info","message":"User wira joined room 1ea819dd-1822-49fd-948f-09c290a831fd. Total users: 2","timestamp":"2024-09-30T13:12:34.177Z"}
{"level":"info","message":"User wira left room 1ea819dd-1822-49fd-948f-09c290a831fd. Total users: 1","timestamp":"2024-09-30T13:12:34.178Z"}
{"level":"info","message":"User wira joined room 1ea819dd-1822-49fd-948f-09c290a831fd. Total users: 2","timestamp":"2024-09-30T13:12:34.178Z"}
{"level":"info","message":"User wira left room 1ea819dd-1822-49fd-948f-09c290a831fd. Total users: 1","timestamp":"2024-09-30T13:12:34.179Z"}
{"level":"info","message":"New connection: AOZI5RLns9UpkrC5AAQR","timestamp":"2024-09-30T13:12:34.180Z"}
{"level":"info","message":"User wira joined room 1ea819dd-1822-49fd-948f-09c290a831fd. Total users: 2","timestamp":"2024-09-30T13:12:34.184Z"}
{"level":"info","message":"User wira joined room 1ea819dd-1822-49fd-948f-09c290a831fd. Total users: 2","timestamp":"2024-09-30T13:12:34.184Z"}
{"level":"info","message":"User wira left room 1ea819dd-1822-49fd-948f-09c290a831fd. Total users: 1","timestamp":"2024-09-30T13:12:34.185Z"}
{"level":"info","message":"New connection: 6UtVv2vhQRLjvgWnAAQT","timestamp":"2024-09-30T13:12:34.193Z"}
{"level":"info","message":"User wira joined room 1ea819dd-1822-49fd-948f-09c290a831fd. Total users: 2","timestamp":"2024-09-30T13:12:34.197Z"}
{"level":"info","message":"User wira left room 1ea819dd-1822-49fd-948f-09c290a831fd. Total users: 1","timestamp":"2024-09-30T13:12:34.198Z"}
{"level":"info","message":"User wira joined room 1ea819dd-1822-49fd-948f-09c290a831fd. Total users: 2","timestamp":"2024-09-30T13:12:34.198Z"}
{"level":"info","message":"User wira left room 1ea819dd-1822-49fd-948f-09c290a831fd. Total users: 1","timestamp":"2024-09-30T13:12:34.200Z"}
{"level":"info","message":"New connection: 2Y-kx90VRXAtXA_rAAQV","timestamp":"2024-09-30T13:12:34.208Z"}
{"level":"info","message":"User wira joined room 1ea819dd-1822-49fd-948f-09c290a831fd. Total users: 2","timestamp":"2024-09-30T13:12:34.210Z"}
{"level":"info","message":"User wira left room 1ea819dd-1822-49fd-948f-09c290a831fd. Total users: 1","timestamp":"2024-09-30T13:12:34.212Z"}
{"level":"info","message":"User wira joined room 1ea819dd-1822-49fd-948f-09c290a831fd. Total users: 2","timestamp":"2024-09-30T13:12:34.213Z"}
{"level":"info","message":"User wira left room 1ea819dd-1822-49fd-948f-09c290a831fd. Total users: 1","timestamp":"2024-09-30T13:12:34.213Z"}
{"level":"info","message":"New connection: 6iTcm-4lbpXdfJcSAAQX","timestamp":"2024-09-30T13:12:34.221Z"}
{"level":"info","message":"User wira joined room 1ea819dd-1822-49fd-948f-09c290a831fd. Total users: 2","timestamp":"2024-09-30T13:12:34.222Z"}
{"level":"info","message":"User wira left room 1ea819dd-1822-49fd-948f-09c290a831fd. Total users: 1","timestamp":"2024-09-30T13:12:34.223Z"}
{"level":"info","message":"User wira joined room 1ea819dd-1822-49fd-948f-09c290a831fd. Total users: 2","timestamp":"2024-09-30T13:12:34.223Z"}
{"level":"info","message":"User wira left room 1ea819dd-1822-49fd-948f-09c290a831fd. Total users: 1","timestamp":"2024-09-30T13:12:34.224Z"}
{"level":"info","message":"New connection: ZmOQF5TuYFYud5KNAAQZ","timestamp":"2024-09-30T13:12:34.231Z"}
{"level":"info","message":"User wira joined room 1ea819dd-1822-49fd-948f-09c290a831fd. Total users: 2","timestamp":"2024-09-30T13:12:34.232Z"}
{"level":"info","message":"User wira left room 1ea819dd-1822-49fd-948f-09c290a831fd. Total users: 1","timestamp":"2024-09-30T13:12:34.233Z"}
{"level":"info","message":"User wira joined room 1ea819dd-1822-49fd-948f-09c290a831fd. Total users: 2","timestamp":"2024-09-30T13:12:34.234Z"}
{"level":"info","message":"User wira left room 1ea819dd-1822-49fd-948f-09c290a831fd. Total users: 1","timestamp":"2024-09-30T13:12:34.234Z"}
{"level":"info","message":"New connection: iK_17we0fsTE4ytXAAQb","timestamp":"2024-09-30T13:12:34.243Z"}
{"level":"info","message":"User wira joined room 1ea819dd-1822-49fd-948f-09c290a831fd. Total users: 2","timestamp":"2024-09-30T13:12:34.246Z"}
{"level":"info","message":"User wira left room 1ea819dd-1822-49fd-948f-09c290a831fd. Total users: 1","timestamp":"2024-09-30T13:12:34.247Z"}
{"level":"info","message":"User wira joined room 1ea819dd-1822-49fd-948f-09c290a831fd. Total users: 2","timestamp":"2024-09-30T13:12:34.247Z"}
{"level":"info","message":"User wira left room 1ea819dd-1822-49fd-948f-09c290a831fd. Total users: 1","timestamp":"2024-09-30T13:12:34.248Z"}
{"level":"info","message":"New connection: gBnm_zq5Su9MLe_1AAQe","timestamp":"2024-09-30T13:12:34.277Z"}
{"level":"info","message":"User wira joined room 1ea819dd-1822-49fd-948f-09c290a831fd. Total users: 2","timestamp":"2024-09-30T13:12:34.278Z"}
{"level":"info","message":"User wira left room 1ea819dd-1822-49fd-948f-09c290a831fd. Total users: 1","timestamp":"2024-09-30T13:12:34.279Z"}
{"level":"info","message":"User wira joined room 1ea819dd-1822-49fd-948f-09c290a831fd. Total users: 2","timestamp":"2024-09-30T13:12:34.279Z"}
{"level":"info","message":"User wira left room 1ea819dd-1822-49fd-948f-09c290a831fd. Total users: 1","timestamp":"2024-09-30T13:12:34.280Z"}
{"level":"info","message":"New connection: 8rpJsPOnjTx40kbwAAQf","timestamp":"2024-09-30T13:12:34.280Z"}
{"level":"info","message":"User wira joined room 1ea819dd-1822-49fd-948f-09c290a831fd. Total users: 2","timestamp":"2024-09-30T13:12:34.286Z"}
{"level":"info","message":"User wira joined room 1ea819dd-1822-49fd-948f-09c290a831fd. Total users: 2","timestamp":"2024-09-30T13:12:34.287Z"}
{"level":"info","message":"User wira left room 1ea819dd-1822-49fd-948f-09c290a831fd. Total users: 1","timestamp":"2024-09-30T13:12:34.289Z"}
{"level":"info","message":"New connection: 6rBdBjyIHJ6PPMzJAAQi","timestamp":"2024-09-30T13:12:34.299Z"}
{"level":"info","message":"User wira joined room 1ea819dd-1822-49fd-948f-09c290a831fd. Total users: 2","timestamp":"2024-09-30T13:12:34.300Z"}
{"level":"info","message":"User wira left room 1ea819dd-1822-49fd-948f-09c290a831fd. Total users: 1","timestamp":"2024-09-30T13:12:34.301Z"}
{"level":"info","message":"User wira joined room 1ea819dd-1822-49fd-948f-09c290a831fd. Total users: 2","timestamp":"2024-09-30T13:12:34.302Z"}
{"level":"info","message":"New connection: 6M8ZYLG3MkBrTXd4AAQj","timestamp":"2024-09-30T13:12:34.303Z"}
{"level":"info","message":"User wira left room 1ea819dd-1822-49fd-948f-09c290a831fd. Total users: 1","timestamp":"2024-09-30T13:12:34.303Z"}
{"level":"info","message":"User wira joined room 1ea819dd-1822-49fd-948f-09c290a831fd. Total users: 2","timestamp":"2024-09-30T13:12:34.310Z"}
{"level":"info","message":"User wira joined room 1ea819dd-1822-49fd-948f-09c290a831fd. Total users: 2","timestamp":"2024-09-30T13:12:34.311Z"}
{"level":"info","message":"User wira left room 1ea819dd-1822-49fd-948f-09c290a831fd. Total users: 1","timestamp":"2024-09-30T13:12:34.312Z"}
{"level":"info","message":"New connection: wL8VZd0bVSeTWDWnAAQm","timestamp":"2024-09-30T13:12:34.324Z"}
{"level":"info","message":"User wira joined room 1ea819dd-1822-49fd-948f-09c290a831fd. Total users: 2","timestamp":"2024-09-30T13:12:34.325Z"}
{"level":"info","message":"User wira left room 1ea819dd-1822-49fd-948f-09c290a831fd. Total users: 1","timestamp":"2024-09-30T13:12:34.326Z"}
{"level":"info","message":"User wira joined room 1ea819dd-1822-49fd-948f-09c290a831fd. Total users: 2","timestamp":"2024-09-30T13:12:34.327Z"}
{"level":"info","message":"User wira left room 1ea819dd-1822-49fd-948f-09c290a831fd. Total users: 1","timestamp":"2024-09-30T13:12:34.327Z"}
{"level":"info","message":"New connection: fg0JtiYoQSL3XcE4AAQn","timestamp":"2024-09-30T13:12:34.331Z"}
{"level":"info","message":"User wira joined room 1ea819dd-1822-49fd-948f-09c290a831fd. Total users: 2","timestamp":"2024-09-30T13:12:34.336Z"}
{"level":"info","message":"User wira left room 1ea819dd-1822-49fd-948f-09c290a831fd. Total users: 1","timestamp":"2024-09-30T13:12:34.336Z"}
{"level":"info","message":"User wira joined room 1ea819dd-1822-49fd-948f-09c290a831fd. Total users: 2","timestamp":"2024-09-30T13:12:34.337Z"}
{"level":"info","message":"User wira left room 1ea819dd-1822-49fd-948f-09c290a831fd. Total users: 1","timestamp":"2024-09-30T13:12:34.359Z"}
{"level":"info","message":"New connection: 2ngSa8KjLVLOu-NvAAQq","timestamp":"2024-09-30T13:12:34.370Z"}
{"level":"info","message":"User wira joined room 1ea819dd-1822-49fd-948f-09c290a831fd. Total users: 2","timestamp":"2024-09-30T13:12:34.372Z"}
{"level":"info","message":"User wira left room 1ea819dd-1822-49fd-948f-09c290a831fd. Total users: 1","timestamp":"2024-09-30T13:12:34.373Z"}
{"level":"info","message":"User wira joined room 1ea819dd-1822-49fd-948f-09c290a831fd. Total users: 2","timestamp":"2024-09-30T13:12:34.373Z"}
{"level":"info","message":"User wira left room 1ea819dd-1822-49fd-948f-09c290a831fd. Total users: 1","timestamp":"2024-09-30T13:12:34.374Z"}
{"level":"info","message":"New connection: XvSZlTr0dPgZeJWIAAQr","timestamp":"2024-09-30T13:12:34.375Z"}
{"level":"info","message":"User wira joined room 1ea819dd-1822-49fd-948f-09c290a831fd. Total users: 2","timestamp":"2024-09-30T13:12:34.379Z"}
{"level":"info","message":"User wira joined room 1ea819dd-1822-49fd-948f-09c290a831fd. Total users: 2","timestamp":"2024-09-30T13:12:34.381Z"}
{"level":"info","message":"User wira left room 1ea819dd-1822-49fd-948f-09c290a831fd. Total users: 1","timestamp":"2024-09-30T13:12:34.384Z"}
{"level":"info","message":"New connection: 1KXNybRqVbizv1Z3AAQu","timestamp":"2024-09-30T13:12:34.421Z"}
{"level":"info","message":"User wira joined room 1ea819dd-1822-49fd-948f-09c290a831fd. Total users: 2","timestamp":"2024-09-30T13:12:34.422Z"}
{"level":"info","message":"User wira left room 1ea819dd-1822-49fd-948f-09c290a831fd. Total users: 1","timestamp":"2024-09-30T13:12:34.423Z"}
{"level":"info","message":"User wira joined room 1ea819dd-1822-49fd-948f-09c290a831fd. Total users: 2","timestamp":"2024-09-30T13:12:34.423Z"}
{"level":"info","message":"User wira left room 1ea819dd-1822-49fd-948f-09c290a831fd. Total users: 1","timestamp":"2024-09-30T13:12:34.424Z"}
{"level":"info","message":"New connection: udoDlFof-DqieSrKAAQv","timestamp":"2024-09-30T13:12:34.425Z"}
{"level":"info","message":"User wira joined room 1ea819dd-1822-49fd-948f-09c290a831fd. Total users: 2","timestamp":"2024-09-30T13:12:34.430Z"}
{"level":"info","message":"User wira joined room 1ea819dd-1822-49fd-948f-09c290a831fd. Total users: 2","timestamp":"2024-09-30T13:12:34.431Z"}
{"level":"info","message":"User wira left room 1ea819dd-1822-49fd-948f-09c290a831fd. Total users: 1","timestamp":"2024-09-30T13:12:34.432Z"}
{"level":"info","message":"New connection: mZzTitAyh6ePitVHAAQx","timestamp":"2024-09-30T13:12:34.439Z"}
{"level":"info","message":"User wira joined room 1ea819dd-1822-49fd-948f-09c290a831fd. Total users: 2","timestamp":"2024-09-30T13:12:34.441Z"}
{"level":"info","message":"User wira left room 1ea819dd-1822-49fd-948f-09c290a831fd. Total users: 1","timestamp":"2024-09-30T13:12:34.441Z"}
{"level":"info","message":"User wira joined room 1ea819dd-1822-49fd-948f-09c290a831fd. Total users: 2","timestamp":"2024-09-30T13:12:34.442Z"}
{"level":"info","message":"User wira left room 1ea819dd-1822-49fd-948f-09c290a831fd. Total users: 1","timestamp":"2024-09-30T13:12:34.443Z"}
{"level":"info","message":"New connection: y9VlZ0esJpCjWDgQAAQz","timestamp":"2024-09-30T13:12:34.450Z"}
{"level":"info","message":"User wira joined room 1ea819dd-1822-49fd-948f-09c290a831fd. Total users: 2","timestamp":"2024-09-30T13:12:34.450Z"}
{"level":"info","message":"User wira left room 1ea819dd-1822-49fd-948f-09c290a831fd. Total users: 1","timestamp":"2024-09-30T13:12:34.450Z"}
{"level":"info","message":"User wira joined room 1ea819dd-1822-49fd-948f-09c290a831fd. Total users: 2","timestamp":"2024-09-30T13:12:34.451Z"}
{"level":"info","message":"User wira left room 1ea819dd-1822-49fd-948f-09c290a831fd. Total users: 1","timestamp":"2024-09-30T13:12:34.452Z"}
{"level":"info","message":"New connection: LIYo4EN3tyhrWqGzAAQ1","timestamp":"2024-09-30T13:12:34.457Z"}
{"level":"info","message":"User wira joined room 1ea819dd-1822-49fd-948f-09c290a831fd. Total users: 2","timestamp":"2024-09-30T13:12:34.458Z"}
{"level":"info","message":"User wira left room 1ea819dd-1822-49fd-948f-09c290a831fd. Total users: 1","timestamp":"2024-09-30T13:12:34.459Z"}
{"level":"info","message":"User wira joined room 1ea819dd-1822-49fd-948f-09c290a831fd. Total users: 2","timestamp":"2024-09-30T13:12:34.459Z"}
{"level":"info","message":"User wira left room 1ea819dd-1822-49fd-948f-09c290a831fd. Total users: 1","timestamp":"2024-09-30T13:12:34.461Z"}
{"level":"info","message":"New connection: zpe8ID4erUE9m2brAAQ3","timestamp":"2024-09-30T13:12:34.477Z"}
{"level":"info","message":"User wira joined room 1ea819dd-1822-49fd-948f-09c290a831fd. Total users: 2","timestamp":"2024-09-30T13:12:34.478Z"}
{"level":"info","message":"User wira left room 1ea819dd-1822-49fd-948f-09c290a831fd. Total users: 1","timestamp":"2024-09-30T13:12:34.479Z"}
{"level":"info","message":"User wira joined room 1ea819dd-1822-49fd-948f-09c290a831fd. Total users: 2","timestamp":"2024-09-30T13:12:34.479Z"}
{"level":"info","message":"User wira left room 1ea819dd-1822-49fd-948f-09c290a831fd. Total users: 1","timestamp":"2024-09-30T13:12:34.480Z"}
{"level":"info","message":"New connection: nMqHnYXdpbhY2MYhAAQ6","timestamp":"2024-09-30T13:12:34.521Z"}
{"level":"info","message":"User wira joined room 1ea819dd-1822-49fd-948f-09c290a831fd. Total users: 2","timestamp":"2024-09-30T13:12:34.523Z"}
{"level":"info","message":"User wira left room 1ea819dd-1822-49fd-948f-09c290a831fd. Total users: 1","timestamp":"2024-09-30T13:12:34.524Z"}
{"level":"info","message":"User wira joined room 1ea819dd-1822-49fd-948f-09c290a831fd. Total users: 2","timestamp":"2024-09-30T13:12:34.524Z"}
{"level":"info","message":"User wira left room 1ea819dd-1822-49fd-948f-09c290a831fd. Total users: 1","timestamp":"2024-09-30T13:12:34.525Z"}
{"level":"info","message":"New connection: M3m8J_r3ChxkIXzjAAQ8","timestamp":"2024-09-30T13:12:34.529Z"}
{"level":"info","message":"User wira joined room 1ea819dd-1822-49fd-948f-09c290a831fd. Total users: 2","timestamp":"2024-09-30T13:12:34.534Z"}
{"level":"info","message":"User wira left room 1ea819dd-1822-49fd-948f-09c290a831fd. Total users: 1","timestamp":"2024-09-30T13:12:34.535Z"}
{"level":"info","message":"User wira joined room 1ea819dd-1822-49fd-948f-09c290a831fd. Total users: 2","timestamp":"2024-09-30T13:12:34.535Z"}
{"level":"info","message":"User wira left room 1ea819dd-1822-49fd-948f-09c290a831fd. Total users: 1","timestamp":"2024-09-30T13:12:34.536Z"}
{"level":"info","message":"New connection: jdnpkFTzMQFJ5ahEAAQ-","timestamp":"2024-09-30T13:12:34.540Z"}
{"level":"info","message":"User wira joined room 1ea819dd-1822-49fd-948f-09c290a831fd. Total users: 2","timestamp":"2024-09-30T13:12:34.543Z"}
{"level":"info","message":"User wira left room 1ea819dd-1822-49fd-948f-09c290a831fd. Total users: 1","timestamp":"2024-09-30T13:12:34.544Z"}
{"level":"info","message":"User wira joined room 1ea819dd-1822-49fd-948f-09c290a831fd. Total users: 2","timestamp":"2024-09-30T13:12:34.545Z"}
{"level":"info","message":"User wira left room 1ea819dd-1822-49fd-948f-09c290a831fd. Total users: 1","timestamp":"2024-09-30T13:12:34.546Z"}
{"level":"info","message":"New connection: 3yWll-F1UAoM1jJlAARA","timestamp":"2024-09-30T13:12:34.552Z"}
{"level":"info","message":"User wira joined room 1ea819dd-1822-49fd-948f-09c290a831fd. Total users: 2","timestamp":"2024-09-30T13:12:34.557Z"}
{"level":"info","message":"User wira left room 1ea819dd-1822-49fd-948f-09c290a831fd. Total users: 1","timestamp":"2024-09-30T13:12:34.558Z"}
{"level":"info","message":"User wira joined room 1ea819dd-1822-49fd-948f-09c290a831fd. Total users: 2","timestamp":"2024-09-30T13:12:34.559Z"}
{"level":"info","message":"User wira left room 1ea819dd-1822-49fd-948f-09c290a831fd. Total users: 1","timestamp":"2024-09-30T13:12:34.560Z"}
{"level":"info","message":"New connection: C4tQMRf718N1K8KuAARC","timestamp":"2024-09-30T13:12:34.565Z"}
{"level":"info","message":"User wira joined room 1ea819dd-1822-49fd-948f-09c290a831fd. Total users: 2","timestamp":"2024-09-30T13:12:34.568Z"}
{"level":"info","message":"User wira left room 1ea819dd-1822-49fd-948f-09c290a831fd. Total users: 1","timestamp":"2024-09-30T13:12:34.569Z"}
{"level":"info","message":"User wira joined room 1ea819dd-1822-49fd-948f-09c290a831fd. Total users: 2","timestamp":"2024-09-30T13:12:34.570Z"}
{"level":"info","message":"User wira left room 1ea819dd-1822-49fd-948f-09c290a831fd. Total users: 1","timestamp":"2024-09-30T13:12:34.570Z"}
{"level":"info","message":"New connection: ltA8L1CgqLveZy4WAARE","timestamp":"2024-09-30T13:12:34.577Z"}
{"level":"info","message":"User wira joined room 1ea819dd-1822-49fd-948f-09c290a831fd. Total users: 2","timestamp":"2024-09-30T13:12:34.581Z"}
{"level":"info","message":"User wira left room 1ea819dd-1822-49fd-948f-09c290a831fd. Total users: 1","timestamp":"2024-09-30T13:12:34.582Z"}
{"level":"info","message":"User wira joined room 1ea819dd-1822-49fd-948f-09c290a831fd. Total users: 2","timestamp":"2024-09-30T13:12:34.583Z"}
{"level":"info","message":"User wira left room 1ea819dd-1822-49fd-948f-09c290a831fd. Total users: 1","timestamp":"2024-09-30T13:12:34.584Z"}
{"level":"info","message":"New connection: hzTUMaf_gEXoNoHXAARG","timestamp":"2024-09-30T13:12:34.592Z"}
{"level":"info","message":"User wira joined room 1ea819dd-1822-49fd-948f-09c290a831fd. Total users: 2","timestamp":"2024-09-30T13:12:34.598Z"}
{"level":"info","message":"User wira left room 1ea819dd-1822-49fd-948f-09c290a831fd. Total users: 1","timestamp":"2024-09-30T13:12:34.599Z"}
{"level":"info","message":"User wira joined room 1ea819dd-1822-49fd-948f-09c290a831fd. Total users: 2","timestamp":"2024-09-30T13:12:34.600Z"}
{"level":"info","message":"User wira left room 1ea819dd-1822-49fd-948f-09c290a831fd. Total users: 1","timestamp":"2024-09-30T13:12:34.618Z"}
{"level":"info","message":"New connection: MBHT4O6nwSRCU06GAARI","timestamp":"2024-09-30T13:12:34.625Z"}
{"level":"info","message":"User wira joined room 1ea819dd-1822-49fd-948f-09c290a831fd. Total users: 2","timestamp":"2024-09-30T13:12:34.628Z"}
{"level":"info","message":"User wira left room 1ea819dd-1822-49fd-948f-09c290a831fd. Total users: 1","timestamp":"2024-09-30T13:12:34.629Z"}
{"level":"info","message":"User wira joined room 1ea819dd-1822-49fd-948f-09c290a831fd. Total users: 2","timestamp":"2024-09-30T13:12:34.630Z"}
{"level":"info","message":"User wira left room 1ea819dd-1822-49fd-948f-09c290a831fd. Total users: 1","timestamp":"2024-09-30T13:12:34.632Z"}
{"level":"info","message":"New connection: UDUTz1yBZyD19I9hAARK","timestamp":"2024-09-30T13:12:34.637Z"}
{"level":"info","message":"User wira joined room 1ea819dd-1822-49fd-948f-09c290a831fd. Total users: 2","timestamp":"2024-09-30T13:12:34.654Z"}
{"level":"info","message":"User wira left room 1ea819dd-1822-49fd-948f-09c290a831fd. Total users: 1","timestamp":"2024-09-30T13:12:34.655Z"}
{"level":"info","message":"User wira joined room 1ea819dd-1822-49fd-948f-09c290a831fd. Total users: 2","timestamp":"2024-09-30T13:12:34.655Z"}
{"level":"info","message":"User wira left room 1ea819dd-1822-49fd-948f-09c290a831fd. Total users: 1","timestamp":"2024-09-30T13:12:34.657Z"}
{"level":"info","message":"New connection: qaUHb46Q5XMB0iblAARM","timestamp":"2024-09-30T13:12:34.661Z"}
{"level":"info","message":"User wira joined room 1ea819dd-1822-49fd-948f-09c290a831fd. Total users: 2","timestamp":"2024-09-30T13:12:34.664Z"}
{"level":"info","message":"User wira left room 1ea819dd-1822-49fd-948f-09c290a831fd. Total users: 1","timestamp":"2024-09-30T13:12:34.665Z"}
{"level":"info","message":"User wira joined room 1ea819dd-1822-49fd-948f-09c290a831fd. Total users: 2","timestamp":"2024-09-30T13:12:34.665Z"}
{"level":"info","message":"User wira left room 1ea819dd-1822-49fd-948f-09c290a831fd. Total users: 1","timestamp":"2024-09-30T13:12:34.666Z"}
{"level":"info","message":"New connection: oyjmie9xT0hPp7rdAARN","timestamp":"2024-09-30T13:12:34.669Z"}
{"level":"info","message":"User wira joined room 1ea819dd-1822-49fd-948f-09c290a831fd. Total users: 2","timestamp":"2024-09-30T13:12:34.672Z"}
{"level":"info","message":"User wira left room 1ea819dd-1822-49fd-948f-09c290a831fd. Total users: 1","timestamp":"2024-09-30T13:12:34.673Z"}
{"level":"info","message":"User wira joined room 1ea819dd-1822-49fd-948f-09c290a831fd. Total users: 2","timestamp":"2024-09-30T13:12:34.673Z"}
{"level":"info","message":"User wira left room 1ea819dd-1822-49fd-948f-09c290a831fd. Total users: 1","timestamp":"2024-09-30T13:12:34.674Z"}
{"level":"info","message":"New connection: 7qiaIBhC30sMNzoJAARP","timestamp":"2024-09-30T13:12:34.682Z"}
{"level":"info","message":"User wira joined room 1ea819dd-1822-49fd-948f-09c290a831fd. Total users: 2","timestamp":"2024-09-30T13:12:34.683Z"}
{"level":"info","message":"User wira left room 1ea819dd-1822-49fd-948f-09c290a831fd. Total users: 1","timestamp":"2024-09-30T13:12:34.684Z"}
{"level":"info","message":"User wira joined room 1ea819dd-1822-49fd-948f-09c290a831fd. Total users: 2","timestamp":"2024-09-30T13:12:34.684Z"}
{"level":"info","message":"User wira left room 1ea819dd-1822-49fd-948f-09c290a831fd. Total users: 1","timestamp":"2024-09-30T13:12:34.685Z"}
{"level":"info","message":"New connection: 1O_peQSvlEg9iQhNAARR","timestamp":"2024-09-30T13:12:34.696Z"}
{"level":"info","message":"User wira joined room 1ea819dd-1822-49fd-948f-09c290a831fd. Total users: 2","timestamp":"2024-09-30T13:12:34.697Z"}
{"level":"info","message":"User wira left room 1ea819dd-1822-49fd-948f-09c290a831fd. Total users: 1","timestamp":"2024-09-30T13:12:34.698Z"}
{"level":"info","message":"User wira joined room 1ea819dd-1822-49fd-948f-09c290a831fd. Total users: 2","timestamp":"2024-09-30T13:12:34.699Z"}
{"level":"info","message":"User wira left room 1ea819dd-1822-49fd-948f-09c290a831fd. Total users: 1","timestamp":"2024-09-30T13:12:34.704Z"}
{"level":"info","message":"New connection: QgIzcD-B_-4jSgOnAART","timestamp":"2024-09-30T13:12:34.711Z"}
{"level":"info","message":"User wira joined room 1ea819dd-1822-49fd-948f-09c290a831fd. Total users: 2","timestamp":"2024-09-30T13:12:34.711Z"}
{"level":"info","message":"User wira left room 1ea819dd-1822-49fd-948f-09c290a831fd. Total users: 1","timestamp":"2024-09-30T13:12:34.713Z"}
{"level":"info","message":"User wira joined room 1ea819dd-1822-49fd-948f-09c290a831fd. Total users: 2","timestamp":"2024-09-30T13:12:34.713Z"}
{"level":"info","message":"User wira left room 1ea819dd-1822-49fd-948f-09c290a831fd. Total users: 1","timestamp":"2024-09-30T13:12:34.714Z"}
{"level":"info","message":"New connection: ZNkV8_4Gk565HNqSAARV","timestamp":"2024-09-30T13:12:34.722Z"}
{"level":"info","message":"User wira joined room 1ea819dd-1822-49fd-948f-09c290a831fd. Total users: 2","timestamp":"2024-09-30T13:12:34.724Z"}
{"level":"info","message":"User wira left room 1ea819dd-1822-49fd-948f-09c290a831fd. Total users: 1","timestamp":"2024-09-30T13:12:34.725Z"}
{"level":"info","message":"User wira joined room 1ea819dd-1822-49fd-948f-09c290a831fd. Total users: 2","timestamp":"2024-09-30T13:12:34.726Z"}
{"level":"info","message":"User wira left room 1ea819dd-1822-49fd-948f-09c290a831fd. Total users: 1","timestamp":"2024-09-30T13:12:34.726Z"}
{"level":"info","message":"New connection: rhDf9j6XqBo6kHzKAARY","timestamp":"2024-09-30T13:12:34.750Z"}
{"level":"info","message":"User wira joined room 1ea819dd-1822-49fd-948f-09c290a831fd. Total users: 2","timestamp":"2024-09-30T13:12:34.751Z"}
{"level":"info","message":"User wira left room 1ea819dd-1822-49fd-948f-09c290a831fd. Total users: 1","timestamp":"2024-09-30T13:12:34.751Z"}
{"level":"info","message":"User wira joined room 1ea819dd-1822-49fd-948f-09c290a831fd. Total users: 2","timestamp":"2024-09-30T13:12:34.752Z"}
{"level":"info","message":"User wira left room 1ea819dd-1822-49fd-948f-09c290a831fd. Total users: 1","timestamp":"2024-09-30T13:12:34.753Z"}
{"level":"info","message":"New connection: dH1GLevLLIQKpXRyAARZ","timestamp":"2024-09-30T13:12:34.754Z"}
{"level":"info","message":"User wira joined room 1ea819dd-1822-49fd-948f-09c290a831fd. Total users: 2","timestamp":"2024-09-30T13:12:34.758Z"}
{"level":"info","message":"User wira joined room 1ea819dd-1822-49fd-948f-09c290a831fd. Total users: 2","timestamp":"2024-09-30T13:12:34.759Z"}
{"level":"info","message":"User wira left room 1ea819dd-1822-49fd-948f-09c290a831fd. Total users: 1","timestamp":"2024-09-30T13:12:34.760Z"}
{"level":"info","message":"New connection: N9tDl31CBDaARX-vAARb","timestamp":"2024-09-30T13:12:34.766Z"}
{"level":"info","message":"User wira joined room 1ea819dd-1822-49fd-948f-09c290a831fd. Total users: 2","timestamp":"2024-09-30T13:12:34.767Z"}
{"level":"info","message":"User wira left room 1ea819dd-1822-49fd-948f-09c290a831fd. Total users: 1","timestamp":"2024-09-30T13:12:34.767Z"}
{"level":"info","message":"User wira joined room 1ea819dd-1822-49fd-948f-09c290a831fd. Total users: 2","timestamp":"2024-09-30T13:12:34.769Z"}
{"level":"info","message":"User wira left room 1ea819dd-1822-49fd-948f-09c290a831fd. Total users: 1","timestamp":"2024-09-30T13:12:34.770Z"}
{"level":"info","message":"New connection: hLsG3WJ0SUDg86QzAARd","timestamp":"2024-09-30T13:12:34.781Z"}
{"level":"info","message":"User wira joined room 1ea819dd-1822-49fd-948f-09c290a831fd. Total users: 2","timestamp":"2024-09-30T13:12:34.782Z"}
{"level":"info","message":"User wira left room 1ea819dd-1822-49fd-948f-09c290a831fd. Total users: 1","timestamp":"2024-09-30T13:12:34.783Z"}
{"level":"info","message":"User wira joined room 1ea819dd-1822-49fd-948f-09c290a831fd. Total users: 2","timestamp":"2024-09-30T13:12:34.783Z"}
{"level":"info","message":"User wira left room 1ea819dd-1822-49fd-948f-09c290a831fd. Total users: 1","timestamp":"2024-09-30T13:12:34.784Z"}
{"level":"info","message":"New connection: jM-LwYMz0DdGj1OMAARf","timestamp":"2024-09-30T13:12:34.796Z"}
{"level":"info","message":"User wira joined room 1ea819dd-1822-49fd-948f-09c290a831fd. Total users: 2","timestamp":"2024-09-30T13:12:34.800Z"}
{"level":"info","message":"User wira left room 1ea819dd-1822-49fd-948f-09c290a831fd. Total users: 1","timestamp":"2024-09-30T13:12:34.801Z"}
{"level":"info","message":"User wira joined room 1ea819dd-1822-49fd-948f-09c290a831fd. Total users: 2","timestamp":"2024-09-30T13:12:34.802Z"}
{"level":"info","message":"User wira left room 1ea819dd-1822-49fd-948f-09c290a831fd. Total users: 1","timestamp":"2024-09-30T13:12:34.803Z"}
{"level":"info","message":"New connection: f8HXUtEZmsJLS5SXAARi","timestamp":"2024-09-30T13:12:34.812Z"}
{"level":"info","message":"User wira joined room 1ea819dd-1822-49fd-948f-09c290a831fd. Total users: 2","timestamp":"2024-09-30T13:12:34.813Z"}
{"level":"info","message":"User wira left room 1ea819dd-1822-49fd-948f-09c290a831fd. Total users: 1","timestamp":"2024-09-30T13:12:34.813Z"}
{"level":"info","message":"User wira joined room 1ea819dd-1822-49fd-948f-09c290a831fd. Total users: 2","timestamp":"2024-09-30T13:12:34.814Z"}
{"level":"info","message":"User wira left room 1ea819dd-1822-49fd-948f-09c290a831fd. Total users: 1","timestamp":"2024-09-30T13:12:34.815Z"}
{"level":"info","message":"New connection: WWHHrgdLliBxUwLGAARj","timestamp":"2024-09-30T13:12:34.820Z"}
{"level":"info","message":"User wira joined room 1ea819dd-1822-49fd-948f-09c290a831fd. Total users: 2","timestamp":"2024-09-30T13:12:34.823Z"}
{"level":"info","message":"User wira left room 1ea819dd-1822-49fd-948f-09c290a831fd. Total users: 1","timestamp":"2024-09-30T13:12:34.824Z"}
{"level":"info","message":"User wira joined room 1ea819dd-1822-49fd-948f-09c290a831fd. Total users: 2","timestamp":"2024-09-30T13:12:34.825Z"}
{"level":"info","message":"User wira left room 1ea819dd-1822-49fd-948f-09c290a831fd. Total users: 1","timestamp":"2024-09-30T13:12:34.826Z"}
{"level":"info","message":"New connection: YxjeEW8WfXQRWYH6AARl","timestamp":"2024-09-30T13:12:34.833Z"}
{"level":"info","message":"User wira joined room 1ea819dd-1822-49fd-948f-09c290a831fd. Total users: 2","timestamp":"2024-09-30T13:12:34.833Z"}
{"level":"info","message":"User wira left room 1ea819dd-1822-49fd-948f-09c290a831fd. Total users: 1","timestamp":"2024-09-30T13:12:34.834Z"}
{"level":"info","message":"User wira joined room 1ea819dd-1822-49fd-948f-09c290a831fd. Total users: 2","timestamp":"2024-09-30T13:12:34.835Z"}
{"level":"info","message":"User wira left room 1ea819dd-1822-49fd-948f-09c290a831fd. Total users: 1","timestamp":"2024-09-30T13:12:34.835Z"}
{"level":"info","message":"New connection: xglP5vX8JwKLJyfKAARo","timestamp":"2024-09-30T13:12:34.862Z"}
{"level":"info","message":"User wira joined room 1ea819dd-1822-49fd-948f-09c290a831fd. Total users: 2","timestamp":"2024-09-30T13:12:34.863Z"}
{"level":"info","message":"User wira left room 1ea819dd-1822-49fd-948f-09c290a831fd. Total users: 1","timestamp":"2024-09-30T13:12:34.864Z"}
{"level":"info","message":"User wira joined room 1ea819dd-1822-49fd-948f-09c290a831fd. Total users: 2","timestamp":"2024-09-30T13:12:34.864Z"}
{"level":"info","message":"User wira left room 1ea819dd-1822-49fd-948f-09c290a831fd. Total users: 1","timestamp":"2024-09-30T13:12:34.864Z"}
{"level":"info","message":"New connection: mpK3AhquJVyB0H-mAARp","timestamp":"2024-09-30T13:12:34.865Z"}
{"level":"info","message":"User wira joined room 1ea819dd-1822-49fd-948f-09c290a831fd. Total users: 2","timestamp":"2024-09-30T13:12:34.869Z"}
{"level":"info","message":"User wira joined room 1ea819dd-1822-49fd-948f-09c290a831fd. Total users: 2","timestamp":"2024-09-30T13:12:34.870Z"}
{"level":"info","message":"User wira left room 1ea819dd-1822-49fd-948f-09c290a831fd. Total users: 1","timestamp":"2024-09-30T13:12:34.870Z"}
{"level":"info","message":"New connection: Yorw1OzJUPJV_RlqAARr","timestamp":"2024-09-30T13:12:34.879Z"}
{"level":"info","message":"User wira joined room 1ea819dd-1822-49fd-948f-09c290a831fd. Total users: 2","timestamp":"2024-09-30T13:12:34.881Z"}
{"level":"info","message":"User wira left room 1ea819dd-1822-49fd-948f-09c290a831fd. Total users: 1","timestamp":"2024-09-30T13:12:34.882Z"}
{"level":"info","message":"User wira joined room 1ea819dd-1822-49fd-948f-09c290a831fd. Total users: 2","timestamp":"2024-09-30T13:12:34.883Z"}
{"level":"info","message":"User wira left room 1ea819dd-1822-49fd-948f-09c290a831fd. Total users: 1","timestamp":"2024-09-30T13:12:34.883Z"}
{"level":"info","message":"New connection: IzdM9LuPNogwK-MuAARt","timestamp":"2024-09-30T13:12:34.888Z"}
{"level":"info","message":"User wira joined room 1ea819dd-1822-49fd-948f-09c290a831fd. Total users: 2","timestamp":"2024-09-30T13:12:34.890Z"}
{"level":"info","message":"User wira left room 1ea819dd-1822-49fd-948f-09c290a831fd. Total users: 1","timestamp":"2024-09-30T13:12:34.892Z"}
{"level":"info","message":"User wira joined room 1ea819dd-1822-49fd-948f-09c290a831fd. Total users: 2","timestamp":"2024-09-30T13:12:34.892Z"}
{"level":"info","message":"User wira left room 1ea819dd-1822-49fd-948f-09c290a831fd. Total users: 1","timestamp":"2024-09-30T13:12:34.894Z"}
{"level":"info","message":"New connection: Jk3DzEnNYQTOLEQyAARv","timestamp":"2024-09-30T13:12:34.903Z"}
{"level":"info","message":"User wira joined room 1ea819dd-1822-49fd-948f-09c290a831fd. Total users: 2","timestamp":"2024-09-30T13:12:34.904Z"}
{"level":"info","message":"User wira left room 1ea819dd-1822-49fd-948f-09c290a831fd. Total users: 1","timestamp":"2024-09-30T13:12:34.905Z"}
{"level":"info","message":"User wira joined room 1ea819dd-1822-49fd-948f-09c290a831fd. Total users: 2","timestamp":"2024-09-30T13:12:34.906Z"}
{"level":"info","message":"User wira left room 1ea819dd-1822-49fd-948f-09c290a831fd. Total users: 1","timestamp":"2024-09-30T13:12:34.909Z"}
{"level":"info","message":"New connection: QnPUV1nWHVEHrPWkAARx","timestamp":"2024-09-30T13:12:34.918Z"}
{"level":"info","message":"User wira joined room 1ea819dd-1822-49fd-948f-09c290a831fd. Total users: 2","timestamp":"2024-09-30T13:12:34.919Z"}
{"level":"info","message":"User wira left room 1ea819dd-1822-49fd-948f-09c290a831fd. Total users: 1","timestamp":"2024-09-30T13:12:34.920Z"}
{"level":"info","message":"User wira joined room 1ea819dd-1822-49fd-948f-09c290a831fd. Total users: 2","timestamp":"2024-09-30T13:12:34.920Z"}
{"level":"info","message":"User wira left room 1ea819dd-1822-49fd-948f-09c290a831fd. Total users: 1","timestamp":"2024-09-30T13:12:34.921Z"}
{"level":"info","message":"New connection: qAagDlLrGjsiwp87AARz","timestamp":"2024-09-30T13:12:34.926Z"}
{"level":"info","message":"User wira joined room 1ea819dd-1822-49fd-948f-09c290a831fd. Total users: 2","timestamp":"2024-09-30T13:12:34.927Z"}
{"level":"info","message":"User wira left room 1ea819dd-1822-49fd-948f-09c290a831fd. Total users: 1","timestamp":"2024-09-30T13:12:34.927Z"}
{"level":"info","message":"User wira joined room 1ea819dd-1822-49fd-948f-09c290a831fd. Total users: 2","timestamp":"2024-09-30T13:12:34.928Z"}
{"level":"info","message":"User wira left room 1ea819dd-1822-49fd-948f-09c290a831fd. Total users: 1","timestamp":"2024-09-30T13:12:34.928Z"}
{"level":"info","message":"New connection: n9upyW-bU8LBweERAAR1","timestamp":"2024-09-30T13:12:34.935Z"}
{"level":"info","message":"User wira joined room 1ea819dd-1822-49fd-948f-09c290a831fd. Total users: 2","timestamp":"2024-09-30T13:12:34.935Z"}
{"level":"info","message":"User wira left room 1ea819dd-1822-49fd-948f-09c290a831fd. Total users: 1","timestamp":"2024-09-30T13:12:34.936Z"}
{"level":"info","message":"User wira joined room 1ea819dd-1822-49fd-948f-09c290a831fd. Total users: 2","timestamp":"2024-09-30T13:12:34.936Z"}
{"level":"info","message":"User wira left room 1ea819dd-1822-49fd-948f-09c290a831fd. Total users: 1","timestamp":"2024-09-30T13:12:34.937Z"}
{"level":"info","message":"New connection: AQbcNakLF4oHIMnbAAR3","timestamp":"2024-09-30T13:12:34.948Z"}
{"level":"info","message":"User wira joined room 1ea819dd-1822-49fd-948f-09c290a831fd. Total users: 2","timestamp":"2024-09-30T13:12:34.949Z"}
{"level":"info","message":"User wira left room 1ea819dd-1822-49fd-948f-09c290a831fd. Total users: 1","timestamp":"2024-09-30T13:12:34.950Z"}
{"level":"info","message":"User wira joined room 1ea819dd-1822-49fd-948f-09c290a831fd. Total users: 2","timestamp":"2024-09-30T13:12:34.950Z"}
{"level":"info","message":"User wira left room 1ea819dd-1822-49fd-948f-09c290a831fd. Total users: 1","timestamp":"2024-09-30T13:12:34.951Z"}
{"level":"info","message":"New connection: N4ipN2O_R3c5sKSHAAR5","timestamp":"2024-09-30T13:12:34.965Z"}
{"level":"info","message":"User wira joined room 1ea819dd-1822-49fd-948f-09c290a831fd. Total users: 2","timestamp":"2024-09-30T13:12:34.967Z"}
{"level":"info","message":"User wira left room 1ea819dd-1822-49fd-948f-09c290a831fd. Total users: 1","timestamp":"2024-09-30T13:12:34.967Z"}
{"level":"info","message":"User wira joined room 1ea819dd-1822-49fd-948f-09c290a831fd. Total users: 2","timestamp":"2024-09-30T13:12:34.968Z"}
{"level":"info","message":"User wira left room 1ea819dd-1822-49fd-948f-09c290a831fd. Total users: 1","timestamp":"2024-09-30T13:12:34.968Z"}
{"level":"info","message":"New connection: WdGVbqcTADsvRmYOAAR7","timestamp":"2024-09-30T13:12:34.979Z"}
{"level":"info","message":"User wira joined room 1ea819dd-1822-49fd-948f-09c290a831fd. Total users: 2","timestamp":"2024-09-30T13:12:34.980Z"}
{"level":"info","message":"User wira left room 1ea819dd-1822-49fd-948f-09c290a831fd. Total users: 1","timestamp":"2024-09-30T13:12:34.982Z"}
{"level":"info","message":"User wira joined room 1ea819dd-1822-49fd-948f-09c290a831fd. Total users: 2","timestamp":"2024-09-30T13:12:34.982Z"}
{"level":"info","message":"User wira left room 1ea819dd-1822-49fd-948f-09c290a831fd. Total users: 1","timestamp":"2024-09-30T13:12:34.983Z"}
{"level":"info","message":"New connection: nD0nj6LB_9qAIIGNAAR9","timestamp":"2024-09-30T13:12:34.993Z"}
{"level":"info","message":"User wira joined room 1ea819dd-1822-49fd-948f-09c290a831fd. Total users: 2","timestamp":"2024-09-30T13:12:34.998Z"}
{"level":"info","message":"User wira left room 1ea819dd-1822-49fd-948f-09c290a831fd. Total users: 1","timestamp":"2024-09-30T13:12:35.000Z"}
{"level":"info","message":"User wira joined room 1ea819dd-1822-49fd-948f-09c290a831fd. Total users: 2","timestamp":"2024-09-30T13:12:35.000Z"}
{"level":"info","message":"User wira left room 1ea819dd-1822-49fd-948f-09c290a831fd. Total users: 1","timestamp":"2024-09-30T13:12:35.003Z"}
{"level":"info","message":"New connection: CjK1-8_vBlmcB4sIAAR_","timestamp":"2024-09-30T13:12:35.014Z"}
{"level":"info","message":"User wira joined room 1ea819dd-1822-49fd-948f-09c290a831fd. Total users: 2","timestamp":"2024-09-30T13:12:35.017Z"}
{"level":"info","message":"User wira left room 1ea819dd-1822-49fd-948f-09c290a831fd. Total users: 1","timestamp":"2024-09-30T13:12:35.018Z"}
{"level":"info","message":"User wira joined room 1ea819dd-1822-49fd-948f-09c290a831fd. Total users: 2","timestamp":"2024-09-30T13:12:35.019Z"}
{"level":"info","message":"User wira left room 1ea819dd-1822-49fd-948f-09c290a831fd. Total users: 1","timestamp":"2024-09-30T13:12:35.020Z"}
{"level":"info","message":"New connection: n-96xthdmZ8QOvT8AASB","timestamp":"2024-09-30T13:12:35.026Z"}
{"level":"info","message":"User wira joined room 1ea819dd-1822-49fd-948f-09c290a831fd. Total users: 2","timestamp":"2024-09-30T13:12:35.056Z"}
{"level":"info","message":"User wira left room 1ea819dd-1822-49fd-948f-09c290a831fd. Total users: 1","timestamp":"2024-09-30T13:12:35.057Z"}
{"level":"info","message":"User wira joined room 1ea819dd-1822-49fd-948f-09c290a831fd. Total users: 2","timestamp":"2024-09-30T13:12:35.058Z"}
{"level":"info","message":"User wira left room 1ea819dd-1822-49fd-948f-09c290a831fd. Total users: 1","timestamp":"2024-09-30T13:12:35.059Z"}
{"level":"info","message":"New connection: a6v3Ntm6YfBMiEnyAASE","timestamp":"2024-09-30T13:12:35.069Z"}
{"level":"info","message":"User wira joined room 1ea819dd-1822-49fd-948f-09c290a831fd. Total users: 2","timestamp":"2024-09-30T13:12:35.072Z"}
{"level":"info","message":"User wira left room 1ea819dd-1822-49fd-948f-09c290a831fd. Total users: 1","timestamp":"2024-09-30T13:12:35.073Z"}
{"level":"info","message":"User wira joined room 1ea819dd-1822-49fd-948f-09c290a831fd. Total users: 2","timestamp":"2024-09-30T13:12:35.073Z"}
{"level":"info","message":"New connection: ft-Lg92GDkG6C0qTAASF","timestamp":"2024-09-30T13:12:35.074Z"}
{"level":"info","message":"User wira left room 1ea819dd-1822-49fd-948f-09c290a831fd. Total users: 1","timestamp":"2024-09-30T13:12:35.075Z"}
{"level":"info","message":"User wira joined room 1ea819dd-1822-49fd-948f-09c290a831fd. Total users: 2","timestamp":"2024-09-30T13:12:35.080Z"}
{"level":"info","message":"User wira joined room 1ea819dd-1822-49fd-948f-09c290a831fd. Total users: 2","timestamp":"2024-09-30T13:12:35.081Z"}
{"level":"info","message":"User wira left room 1ea819dd-1822-49fd-948f-09c290a831fd. Total users: 1","timestamp":"2024-09-30T13:12:35.085Z"}
{"level":"info","message":"New connection: i3jfbwRw-Pr6iQmrAASI","timestamp":"2024-09-30T13:12:35.093Z"}
{"level":"info","message":"New connection: vzG-lGrVreRtjmaZAASJ","timestamp":"2024-09-30T13:12:35.094Z"}
{"level":"info","message":"User wira joined room 1ea819dd-1822-49fd-948f-09c290a831fd. Total users: 2","timestamp":"2024-09-30T13:12:35.095Z"}
{"level":"info","message":"User wira left room 1ea819dd-1822-49fd-948f-09c290a831fd. Total users: 1","timestamp":"2024-09-30T13:12:35.096Z"}
{"level":"info","message":"User wira joined room 1ea819dd-1822-49fd-948f-09c290a831fd. Total users: 2","timestamp":"2024-09-30T13:12:35.096Z"}
{"level":"info","message":"User wira left room 1ea819dd-1822-49fd-948f-09c290a831fd. Total users: 1","timestamp":"2024-09-30T13:12:35.097Z"}
{"level":"info","message":"User wira joined room 1ea819dd-1822-49fd-948f-09c290a831fd. Total users: 2","timestamp":"2024-09-30T13:12:35.098Z"}
{"level":"info","message":"User wira joined room 1ea819dd-1822-49fd-948f-09c290a831fd. Total users: 2","timestamp":"2024-09-30T13:12:35.099Z"}
{"level":"info","message":"User wira joined room 1ea819dd-1822-49fd-948f-09c290a831fd. Total users: 2","timestamp":"2024-09-30T13:12:35.099Z"}
{"level":"info","message":"User wira joined room 1ea819dd-1822-49fd-948f-09c290a831fd. Total users: 2","timestamp":"2024-09-30T13:12:35.100Z"}
{"level":"info","message":"User wira joined room 1ea819dd-1822-49fd-948f-09c290a831fd. Total users: 2","timestamp":"2024-09-30T13:12:36.342Z"}
{"level":"info","message":"User wira left room 1ea819dd-1822-49fd-948f-09c290a831fd. Total users: 1","timestamp":"2024-09-30T13:14:02.658Z"}
{"level":"info","message":"User aliftan left room 1ea819dd-1822-49fd-948f-09c290a831fd. Total users: 0","timestamp":"2024-09-30T13:14:02.702Z"}
{"level":"info","message":"Room 1ea819dd-1822-49fd-948f-09c290a831fd deleted as it's empty","timestamp":"2024-09-30T13:14:02.703Z"}
{"level":"info","message":"User wira joined room 1ea819dd-1822-49fd-948f-09c290a831fd. Total users: 1","timestamp":"2024-09-30T13:14:02.704Z"}
{"level":"info","message":"User aliftan joined room 1ea819dd-1822-49fd-948f-09c290a831fd. Total users: 2","timestamp":"2024-09-30T13:14:02.733Z"}
{"level":"info","message":"User aliftan left room 1ea819dd-1822-49fd-948f-09c290a831fd. Total users: 1","timestamp":"2024-09-30T13:14:07.510Z"}
{"level":"info","message":"New connection: 2I699XteeEHuqYnvAASL","timestamp":"2024-09-30T13:14:08.468Z"}
{"level":"info","message":"New connection: e2tIHFJdhRtvd99CAASN","timestamp":"2024-09-30T13:14:08.486Z"}
{"level":"info","message":"User aliftan joined room 1ea819dd-1822-49fd-948f-09c290a831fd. Total users: 2","timestamp":"2024-09-30T13:14:08.489Z"}
{"level":"info","message":"User aliftan left room 1ea819dd-1822-49fd-948f-09c290a831fd. Total users: 1","timestamp":"2024-09-30T13:14:08.490Z"}
{"level":"info","message":"User aliftan joined room 1ea819dd-1822-49fd-948f-09c290a831fd. Total users: 2","timestamp":"2024-09-30T13:14:08.490Z"}
{"level":"info","message":"User aliftan left room 1ea819dd-1822-49fd-948f-09c290a831fd. Total users: 1","timestamp":"2024-09-30T13:14:08.491Z"}
{"level":"info","message":"New connection: s73cBXMaQz5rc2ubAASQ","timestamp":"2024-09-30T13:14:08.509Z"}
{"level":"info","message":"User aliftan joined room 1ea819dd-1822-49fd-948f-09c290a831fd. Total users: 2","timestamp":"2024-09-30T13:14:08.511Z"}
{"level":"info","message":"User aliftan left room 1ea819dd-1822-49fd-948f-09c290a831fd. Total users: 1","timestamp":"2024-09-30T13:14:08.512Z"}
{"level":"info","message":"User aliftan joined room 1ea819dd-1822-49fd-948f-09c290a831fd. Total users: 2","timestamp":"2024-09-30T13:14:08.512Z"}
{"level":"info","message":"New connection: fK5q6gHvMgV53gbGAASR","timestamp":"2024-09-30T13:14:08.514Z"}
{"level":"info","message":"User aliftan left room 1ea819dd-1822-49fd-948f-09c290a831fd. Total users: 1","timestamp":"2024-09-30T13:14:08.516Z"}
{"level":"info","message":"User aliftan joined room 1ea819dd-1822-49fd-948f-09c290a831fd. Total users: 2","timestamp":"2024-09-30T13:14:08.529Z"}
{"level":"info","message":"User aliftan joined room 1ea819dd-1822-49fd-948f-09c290a831fd. Total users: 2","timestamp":"2024-09-30T13:14:08.530Z"}
{"level":"info","message":"User aliftan left room 1ea819dd-1822-49fd-948f-09c290a831fd. Total users: 1","timestamp":"2024-09-30T13:14:08.532Z"}
{"level":"info","message":"New connection: -nl7e62ypFe4il-7AAST","timestamp":"2024-09-30T13:14:08.550Z"}
{"level":"info","message":"User aliftan joined room 1ea819dd-1822-49fd-948f-09c290a831fd. Total users: 2","timestamp":"2024-09-30T13:14:08.553Z"}
{"level":"info","message":"User aliftan left room 1ea819dd-1822-49fd-948f-09c290a831fd. Total users: 1","timestamp":"2024-09-30T13:14:08.554Z"}
{"level":"info","message":"User aliftan joined room 1ea819dd-1822-49fd-948f-09c290a831fd. Total users: 2","timestamp":"2024-09-30T13:14:08.554Z"}
{"level":"info","message":"User aliftan left room 1ea819dd-1822-49fd-948f-09c290a831fd. Total users: 1","timestamp":"2024-09-30T13:14:08.556Z"}
{"level":"info","message":"New connection: sU9qohhXR-UQKXcnAASW","timestamp":"2024-09-30T13:14:08.568Z"}
{"level":"info","message":"User aliftan joined room 1ea819dd-1822-49fd-948f-09c290a831fd. Total users: 2","timestamp":"2024-09-30T13:14:08.571Z"}
{"level":"info","message":"User aliftan left room 1ea819dd-1822-49fd-948f-09c290a831fd. Total users: 1","timestamp":"2024-09-30T13:14:08.574Z"}
{"level":"info","message":"User aliftan joined room 1ea819dd-1822-49fd-948f-09c290a831fd. Total users: 2","timestamp":"2024-09-30T13:14:08.576Z"}
{"level":"info","message":"User aliftan left room 1ea819dd-1822-49fd-948f-09c290a831fd. Total users: 1","timestamp":"2024-09-30T13:14:08.583Z"}
{"level":"info","message":"New connection: X8oKpSK_eC5Q-GAaAASX","timestamp":"2024-09-30T13:14:08.587Z"}
{"level":"info","message":"User aliftan joined room 1ea819dd-1822-49fd-948f-09c290a831fd. Total users: 2","timestamp":"2024-09-30T13:14:08.594Z"}
{"level":"info","message":"User aliftan left room 1ea819dd-1822-49fd-948f-09c290a831fd. Total users: 1","timestamp":"2024-09-30T13:14:08.597Z"}
{"level":"info","message":"User aliftan joined room 1ea819dd-1822-49fd-948f-09c290a831fd. Total users: 2","timestamp":"2024-09-30T13:14:08.598Z"}
{"level":"info","message":"User aliftan left room 1ea819dd-1822-49fd-948f-09c290a831fd. Total users: 1","timestamp":"2024-09-30T13:14:08.600Z"}
{"level":"info","message":"New connection: GTM_WE9fvyha2en0AASZ","timestamp":"2024-09-30T13:14:08.607Z"}
{"level":"info","message":"User aliftan joined room 1ea819dd-1822-49fd-948f-09c290a831fd. Total users: 2","timestamp":"2024-09-30T13:14:08.611Z"}
{"level":"info","message":"User aliftan left room 1ea819dd-1822-49fd-948f-09c290a831fd. Total users: 1","timestamp":"2024-09-30T13:14:08.612Z"}
{"level":"info","message":"User aliftan joined room 1ea819dd-1822-49fd-948f-09c290a831fd. Total users: 2","timestamp":"2024-09-30T13:14:08.613Z"}
{"level":"info","message":"User aliftan left room 1ea819dd-1822-49fd-948f-09c290a831fd. Total users: 1","timestamp":"2024-09-30T13:14:08.616Z"}
{"level":"info","message":"New connection: VGQhNFv_QzpcopvfAASb","timestamp":"2024-09-30T13:14:08.625Z"}
{"level":"info","message":"New connection: XleUBhnXDrdq7X0MAASd","timestamp":"2024-09-30T13:14:08.676Z"}
{"level":"info","message":"New connection: 9S2CptzFsB9sdGBdAASf","timestamp":"2024-09-30T13:14:08.691Z"}
{"level":"info","message":"User aliftan joined room 1ea819dd-1822-49fd-948f-09c290a831fd. Total users: 2","timestamp":"2024-09-30T13:14:08.698Z"}
{"level":"info","message":"User aliftan left room 1ea819dd-1822-49fd-948f-09c290a831fd. Total users: 1","timestamp":"2024-09-30T13:14:08.699Z"}
{"level":"info","message":"User aliftan joined room 1ea819dd-1822-49fd-948f-09c290a831fd. Total users: 2","timestamp":"2024-09-30T13:14:08.699Z"}
{"level":"info","message":"User aliftan left room 1ea819dd-1822-49fd-948f-09c290a831fd. Total users: 1","timestamp":"2024-09-30T13:14:08.701Z"}
{"level":"info","message":"New connection: i9UFSftoCrUj6yG2AASh","timestamp":"2024-09-30T13:14:08.726Z"}
{"level":"info","message":"User aliftan joined room 1ea819dd-1822-49fd-948f-09c290a831fd. Total users: 2","timestamp":"2024-09-30T13:14:08.733Z"}
{"level":"info","message":"User aliftan left room 1ea819dd-1822-49fd-948f-09c290a831fd. Total users: 1","timestamp":"2024-09-30T13:14:08.734Z"}
{"level":"info","message":"User aliftan joined room 1ea819dd-1822-49fd-948f-09c290a831fd. Total users: 2","timestamp":"2024-09-30T13:14:08.734Z"}
{"level":"info","message":"User aliftan left room 1ea819dd-1822-49fd-948f-09c290a831fd. Total users: 1","timestamp":"2024-09-30T13:14:08.736Z"}
{"level":"info","message":"New connection: Y07mEFjhVAF01KqfAASj","timestamp":"2024-09-30T13:14:08.844Z"}
{"level":"info","message":"User aliftan joined room 1ea819dd-1822-49fd-948f-09c290a831fd. Total users: 2","timestamp":"2024-09-30T13:14:08.854Z"}
{"level":"info","message":"User aliftan left room 1ea819dd-1822-49fd-948f-09c290a831fd. Total users: 1","timestamp":"2024-09-30T13:14:08.855Z"}
{"level":"info","message":"User aliftan joined room 1ea819dd-1822-49fd-948f-09c290a831fd. Total users: 2","timestamp":"2024-09-30T13:14:08.856Z"}
{"level":"info","message":"User aliftan left room 1ea819dd-1822-49fd-948f-09c290a831fd. Total users: 1","timestamp":"2024-09-30T13:14:08.858Z"}
{"level":"info","message":"New connection: DI-0dIvfb_cjaQ8vAASl","timestamp":"2024-09-30T13:14:08.869Z"}
{"level":"info","message":"User aliftan joined room 1ea819dd-1822-49fd-948f-09c290a831fd. Total users: 2","timestamp":"2024-09-30T13:14:08.874Z"}
{"level":"info","message":"User aliftan left room 1ea819dd-1822-49fd-948f-09c290a831fd. Total users: 1","timestamp":"2024-09-30T13:14:08.875Z"}
{"level":"info","message":"User aliftan joined room 1ea819dd-1822-49fd-948f-09c290a831fd. Total users: 2","timestamp":"2024-09-30T13:14:08.876Z"}
{"level":"info","message":"User aliftan left room 1ea819dd-1822-49fd-948f-09c290a831fd. Total users: 1","timestamp":"2024-09-30T13:14:08.880Z"}
{"level":"info","message":"New connection: aCb88CUunS3F_xvHAASo","timestamp":"2024-09-30T13:14:08.887Z"}
{"level":"info","message":"User aliftan joined room 1ea819dd-1822-49fd-948f-09c290a831fd. Total users: 2","timestamp":"2024-09-30T13:14:08.892Z"}
{"level":"info","message":"User aliftan left room 1ea819dd-1822-49fd-948f-09c290a831fd. Total users: 1","timestamp":"2024-09-30T13:14:08.893Z"}
{"level":"info","message":"User aliftan joined room 1ea819dd-1822-49fd-948f-09c290a831fd. Total users: 2","timestamp":"2024-09-30T13:14:08.894Z"}
{"level":"info","message":"User aliftan left room 1ea819dd-1822-49fd-948f-09c290a831fd. Total users: 1","timestamp":"2024-09-30T13:14:08.900Z"}
{"level":"info","message":"New connection: LKcE0bg_nJCETESVAASq","timestamp":"2024-09-30T13:14:08.908Z"}
{"level":"info","message":"User aliftan joined room 1ea819dd-1822-49fd-948f-09c290a831fd. Total users: 2","timestamp":"2024-09-30T13:14:08.913Z"}
{"level":"info","message":"User aliftan left room 1ea819dd-1822-49fd-948f-09c290a831fd. Total users: 1","timestamp":"2024-09-30T13:14:08.914Z"}
{"level":"info","message":"User aliftan joined room 1ea819dd-1822-49fd-948f-09c290a831fd. Total users: 2","timestamp":"2024-09-30T13:14:08.915Z"}
{"level":"info","message":"User aliftan left room 1ea819dd-1822-49fd-948f-09c290a831fd. Total users: 1","timestamp":"2024-09-30T13:14:08.918Z"}
{"level":"info","message":"New connection: 7X63XV8JuG0RVq2nAASs","timestamp":"2024-09-30T13:14:08.927Z"}
{"level":"info","message":"User aliftan joined room 1ea819dd-1822-49fd-948f-09c290a831fd. Total users: 2","timestamp":"2024-09-30T13:14:08.933Z"}
{"level":"info","message":"User aliftan left room 1ea819dd-1822-49fd-948f-09c290a831fd. Total users: 1","timestamp":"2024-09-30T13:14:08.935Z"}
{"level":"info","message":"User aliftan joined room 1ea819dd-1822-49fd-948f-09c290a831fd. Total users: 2","timestamp":"2024-09-30T13:14:08.936Z"}
{"level":"info","message":"User aliftan left room 1ea819dd-1822-49fd-948f-09c290a831fd. Total users: 1","timestamp":"2024-09-30T13:14:08.938Z"}
{"level":"info","message":"New connection: hNnOQE8mcLP7lCHWAASu","timestamp":"2024-09-30T13:14:08.945Z"}
{"level":"info","message":"User aliftan joined room 1ea819dd-1822-49fd-948f-09c290a831fd. Total users: 2","timestamp":"2024-09-30T13:14:08.950Z"}
{"level":"info","message":"User aliftan left room 1ea819dd-1822-49fd-948f-09c290a831fd. Total users: 1","timestamp":"2024-09-30T13:14:08.951Z"}
{"level":"info","message":"User aliftan joined room 1ea819dd-1822-49fd-948f-09c290a831fd. Total users: 2","timestamp":"2024-09-30T13:14:08.952Z"}
{"level":"info","message":"User aliftan left room 1ea819dd-1822-49fd-948f-09c290a831fd. Total users: 1","timestamp":"2024-09-30T13:14:08.955Z"}
{"level":"info","message":"New connection: Dngo3-VjpKDZk7bvAASw","timestamp":"2024-09-30T13:14:08.966Z"}
{"level":"info","message":"User aliftan joined room 1ea819dd-1822-49fd-948f-09c290a831fd. Total users: 2","timestamp":"2024-09-30T13:14:08.981Z"}
{"level":"info","message":"User aliftan joined room 1ea819dd-1822-49fd-948f-09c290a831fd. Total users: 2","timestamp":"2024-09-30T13:14:08.983Z"}
{"level":"info","message":"User aliftan left room 1ea819dd-1822-49fd-948f-09c290a831fd. Total users: 1","timestamp":"2024-09-30T13:14:08.986Z"}
{"level":"info","message":"New connection: Gyz-UnnABPY7PCvnAASy","timestamp":"2024-09-30T13:14:08.997Z"}
{"level":"info","message":"User aliftan joined room 1ea819dd-1822-49fd-948f-09c290a831fd. Total users: 2","timestamp":"2024-09-30T13:14:09.003Z"}
{"level":"info","message":"User aliftan left room 1ea819dd-1822-49fd-948f-09c290a831fd. Total users: 1","timestamp":"2024-09-30T13:14:09.005Z"}
{"level":"info","message":"User aliftan joined room 1ea819dd-1822-49fd-948f-09c290a831fd. Total users: 2","timestamp":"2024-09-30T13:14:09.006Z"}
{"level":"info","message":"User aliftan left room 1ea819dd-1822-49fd-948f-09c290a831fd. Total users: 1","timestamp":"2024-09-30T13:14:09.009Z"}
{"level":"info","message":"New connection: t_HpZtejBUZtX9fuAAS0","timestamp":"2024-09-30T13:14:09.017Z"}
{"level":"info","message":"User aliftan joined room 1ea819dd-1822-49fd-948f-09c290a831fd. Total users: 2","timestamp":"2024-09-30T13:14:09.021Z"}
{"level":"info","message":"User aliftan left room 1ea819dd-1822-49fd-948f-09c290a831fd. Total users: 1","timestamp":"2024-09-30T13:14:09.023Z"}
{"level":"info","message":"User aliftan joined room 1ea819dd-1822-49fd-948f-09c290a831fd. Total users: 2","timestamp":"2024-09-30T13:14:09.024Z"}
{"level":"info","message":"User aliftan left room 1ea819dd-1822-49fd-948f-09c290a831fd. Total users: 1","timestamp":"2024-09-30T13:14:09.028Z"}
{"level":"info","message":"New connection: 2ClGdHz6KQcsM30uAAS2","timestamp":"2024-09-30T13:14:09.034Z"}
{"level":"info","message":"User aliftan joined room 1ea819dd-1822-49fd-948f-09c290a831fd. Total users: 2","timestamp":"2024-09-30T13:14:09.047Z"}
{"level":"info","message":"User aliftan left room 1ea819dd-1822-49fd-948f-09c290a831fd. Total users: 1","timestamp":"2024-09-30T13:14:09.049Z"}
{"level":"info","message":"User aliftan joined room 1ea819dd-1822-49fd-948f-09c290a831fd. Total users: 2","timestamp":"2024-09-30T13:14:09.050Z"}
{"level":"info","message":"User aliftan left room 1ea819dd-1822-49fd-948f-09c290a831fd. Total users: 1","timestamp":"2024-09-30T13:14:09.051Z"}
{"level":"info","message":"New connection: JM-jkcIIUVFd9C5OAAS4","timestamp":"2024-09-30T13:14:09.058Z"}
{"level":"info","message":"User aliftan joined room 1ea819dd-1822-49fd-948f-09c290a831fd. Total users: 2","timestamp":"2024-09-30T13:14:09.061Z"}
{"level":"info","message":"User aliftan left room 1ea819dd-1822-49fd-948f-09c290a831fd. Total users: 1","timestamp":"2024-09-30T13:14:09.062Z"}
{"level":"info","message":"User aliftan joined room 1ea819dd-1822-49fd-948f-09c290a831fd. Total users: 2","timestamp":"2024-09-30T13:14:09.063Z"}
{"level":"info","message":"User aliftan left room 1ea819dd-1822-49fd-948f-09c290a831fd. Total users: 1","timestamp":"2024-09-30T13:14:09.065Z"}
{"level":"info","message":"New connection: z84p8fcoqeDQoDBZAAS6","timestamp":"2024-09-30T13:14:09.071Z"}
{"level":"info","message":"User aliftan joined room 1ea819dd-1822-49fd-948f-09c290a831fd. Total users: 2","timestamp":"2024-09-30T13:14:09.074Z"}
{"level":"info","message":"User aliftan left room 1ea819dd-1822-49fd-948f-09c290a831fd. Total users: 1","timestamp":"2024-09-30T13:14:09.076Z"}
{"level":"info","message":"User aliftan joined room 1ea819dd-1822-49fd-948f-09c290a831fd. Total users: 2","timestamp":"2024-09-30T13:14:09.076Z"}
{"level":"info","message":"User aliftan left room 1ea819dd-1822-49fd-948f-09c290a831fd. Total users: 1","timestamp":"2024-09-30T13:14:09.078Z"}
{"level":"info","message":"New connection: FJyhSrieR8NmDlBIAAS8","timestamp":"2024-09-30T13:14:09.086Z"}
{"level":"info","message":"User aliftan joined room 1ea819dd-1822-49fd-948f-09c290a831fd. Total users: 2","timestamp":"2024-09-30T13:14:09.089Z"}
{"level":"info","message":"User aliftan left room 1ea819dd-1822-49fd-948f-09c290a831fd. Total users: 1","timestamp":"2024-09-30T13:14:09.090Z"}
{"level":"info","message":"User aliftan joined room 1ea819dd-1822-49fd-948f-09c290a831fd. Total users: 2","timestamp":"2024-09-30T13:14:09.090Z"}
{"level":"info","message":"User aliftan left room 1ea819dd-1822-49fd-948f-09c290a831fd. Total users: 1","timestamp":"2024-09-30T13:14:09.105Z"}
{"level":"info","message":"New connection: LiADLXkcDKmQxWY5AAS-","timestamp":"2024-09-30T13:14:09.112Z"}
{"level":"info","message":"User aliftan joined room 1ea819dd-1822-49fd-948f-09c290a831fd. Total users: 2","timestamp":"2024-09-30T13:14:09.117Z"}
{"level":"info","message":"User aliftan left room 1ea819dd-1822-49fd-948f-09c290a831fd. Total users: 1","timestamp":"2024-09-30T13:14:09.118Z"}
{"level":"info","message":"User aliftan joined room 1ea819dd-1822-49fd-948f-09c290a831fd. Total users: 2","timestamp":"2024-09-30T13:14:09.119Z"}
{"level":"info","message":"User aliftan left room 1ea819dd-1822-49fd-948f-09c290a831fd. Total users: 1","timestamp":"2024-09-30T13:14:09.121Z"}
{"level":"info","message":"New connection: JIauE1orSjRd2zUCAATA","timestamp":"2024-09-30T13:14:09.128Z"}
{"level":"info","message":"User aliftan joined room 1ea819dd-1822-49fd-948f-09c290a831fd. Total users: 2","timestamp":"2024-09-30T13:14:09.131Z"}
{"level":"info","message":"User aliftan left room 1ea819dd-1822-49fd-948f-09c290a831fd. Total users: 1","timestamp":"2024-09-30T13:14:09.132Z"}
{"level":"info","message":"User aliftan joined room 1ea819dd-1822-49fd-948f-09c290a831fd. Total users: 2","timestamp":"2024-09-30T13:14:09.133Z"}
{"level":"info","message":"User aliftan left room 1ea819dd-1822-49fd-948f-09c290a831fd. Total users: 1","timestamp":"2024-09-30T13:14:09.134Z"}
{"level":"info","message":"New connection: 5a7RiHQ2_SCTyzKPAATC","timestamp":"2024-09-30T13:14:09.140Z"}
{"level":"info","message":"User aliftan joined room 1ea819dd-1822-49fd-948f-09c290a831fd. Total users: 2","timestamp":"2024-09-30T13:14:09.154Z"}
{"level":"info","message":"User aliftan left room 1ea819dd-1822-49fd-948f-09c290a831fd. Total users: 1","timestamp":"2024-09-30T13:14:09.155Z"}
{"level":"info","message":"User aliftan joined room 1ea819dd-1822-49fd-948f-09c290a831fd. Total users: 2","timestamp":"2024-09-30T13:14:09.156Z"}
{"level":"info","message":"New connection: p3MYP89SXt-fEHnpAATD","timestamp":"2024-09-30T13:14:09.158Z"}
{"level":"info","message":"User aliftan left room 1ea819dd-1822-49fd-948f-09c290a831fd. Total users: 1","timestamp":"2024-09-30T13:14:09.159Z"}
{"level":"info","message":"User aliftan joined room 1ea819dd-1822-49fd-948f-09c290a831fd. Total users: 2","timestamp":"2024-09-30T13:14:09.165Z"}
{"level":"info","message":"User aliftan joined room 1ea819dd-1822-49fd-948f-09c290a831fd. Total users: 2","timestamp":"2024-09-30T13:14:09.166Z"}
{"level":"info","message":"User aliftan left room 1ea819dd-1822-49fd-948f-09c290a831fd. Total users: 1","timestamp":"2024-09-30T13:14:09.167Z"}
{"level":"info","message":"New connection: z11bwk_3QshCdm4XAATG","timestamp":"2024-09-30T13:14:09.178Z"}
{"level":"info","message":"User aliftan joined room 1ea819dd-1822-49fd-948f-09c290a831fd. Total users: 2","timestamp":"2024-09-30T13:14:09.180Z"}
{"level":"info","message":"User aliftan left room 1ea819dd-1822-49fd-948f-09c290a831fd. Total users: 1","timestamp":"2024-09-30T13:14:09.181Z"}
{"level":"info","message":"User aliftan joined room 1ea819dd-1822-49fd-948f-09c290a831fd. Total users: 2","timestamp":"2024-09-30T13:14:09.182Z"}
{"level":"info","message":"User aliftan left room 1ea819dd-1822-49fd-948f-09c290a831fd. Total users: 1","timestamp":"2024-09-30T13:14:09.183Z"}
{"level":"info","message":"New connection: ad71PXRgYB4xh9QCAATH","timestamp":"2024-09-30T13:14:09.184Z"}
{"level":"info","message":"User aliftan joined room 1ea819dd-1822-49fd-948f-09c290a831fd. Total users: 2","timestamp":"2024-09-30T13:14:09.189Z"}
{"level":"info","message":"User aliftan joined room 1ea819dd-1822-49fd-948f-09c290a831fd. Total users: 2","timestamp":"2024-09-30T13:14:09.191Z"}
{"level":"info","message":"User aliftan left room 1ea819dd-1822-49fd-948f-09c290a831fd. Total users: 1","timestamp":"2024-09-30T13:14:09.192Z"}
{"level":"info","message":"New connection: 7y9PhWXOibxl3T2EAATK","timestamp":"2024-09-30T13:14:09.204Z"}
{"level":"info","message":"User aliftan joined room 1ea819dd-1822-49fd-948f-09c290a831fd. Total users: 2","timestamp":"2024-09-30T13:14:09.206Z"}
{"level":"info","message":"User aliftan left room 1ea819dd-1822-49fd-948f-09c290a831fd. Total users: 1","timestamp":"2024-09-30T13:14:09.208Z"}
{"level":"info","message":"User aliftan joined room 1ea819dd-1822-49fd-948f-09c290a831fd. Total users: 2","timestamp":"2024-09-30T13:14:09.208Z"}
{"level":"info","message":"New connection: xUfNL7sZwGqVJVcuAATL","timestamp":"2024-09-30T13:14:09.209Z"}
{"level":"info","message":"User aliftan left room 1ea819dd-1822-49fd-948f-09c290a831fd. Total users: 1","timestamp":"2024-09-30T13:14:09.212Z"}
{"level":"info","message":"User aliftan joined room 1ea819dd-1822-49fd-948f-09c290a831fd. Total users: 2","timestamp":"2024-09-30T13:14:09.217Z"}
{"level":"info","message":"User aliftan joined room 1ea819dd-1822-49fd-948f-09c290a831fd. Total users: 2","timestamp":"2024-09-30T13:14:09.218Z"}
{"level":"info","message":"User aliftan left room 1ea819dd-1822-49fd-948f-09c290a831fd. Total users: 1","timestamp":"2024-09-30T13:14:09.221Z"}
{"level":"info","message":"New connection: _anx6JzbrA8XZ44KAATO","timestamp":"2024-09-30T13:14:09.234Z"}
{"level":"info","message":"User aliftan joined room 1ea819dd-1822-49fd-948f-09c290a831fd. Total users: 2","timestamp":"2024-09-30T13:14:09.237Z"}
{"level":"info","message":"User aliftan left room 1ea819dd-1822-49fd-948f-09c290a831fd. Total users: 1","timestamp":"2024-09-30T13:14:09.238Z"}
{"level":"info","message":"User aliftan joined room 1ea819dd-1822-49fd-948f-09c290a831fd. Total users: 2","timestamp":"2024-09-30T13:14:09.239Z"}
{"level":"info","message":"New connection: RBTwJtkFNGHoQ9drAATP","timestamp":"2024-09-30T13:14:09.245Z"}
{"level":"info","message":"User aliftan joined room 1ea819dd-1822-49fd-948f-09c290a831fd. Total users: 3","timestamp":"2024-09-30T13:14:09.262Z"}
{"level":"info","message":"User aliftan joined room 1ea819dd-1822-49fd-948f-09c290a831fd. Total users: 3","timestamp":"2024-09-30T13:14:09.264Z"}
{"level":"info","message":"User aliftan joined room 1ea819dd-1822-49fd-948f-09c290a831fd. Total users: 3","timestamp":"2024-09-30T13:14:09.265Z"}
{"level":"info","message":"User aliftan left room 1ea819dd-1822-49fd-948f-09c290a831fd. Total users: 2","timestamp":"2024-09-30T13:14:09.267Z"}
{"level":"info","message":"User aliftan joined room 1ea819dd-1822-49fd-948f-09c290a831fd. Total users: 2","timestamp":"2024-09-30T13:14:09.269Z"}
{"level":"info","message":"User aliftan joined room 1ea819dd-1822-49fd-948f-09c290a831fd. Total users: 2","timestamp":"2024-09-30T13:14:09.801Z"}
{"level":"info","message":"User aliftan left room 1ea819dd-1822-49fd-948f-09c290a831fd. Total users: 1","timestamp":"2024-09-30T13:16:58.919Z"}
{"level":"info","message":"User wira left room 1ea819dd-1822-49fd-948f-09c290a831fd. Total users: 0","timestamp":"2024-09-30T13:16:58.921Z"}
{"level":"info","message":"Room 1ea819dd-1822-49fd-948f-09c290a831fd deleted as it's empty","timestamp":"2024-09-30T13:16:58.921Z"}
{"level":"info","message":"New connection: MKw9kGrbH2p6onKnAATS","timestamp":"2024-09-30T13:16:58.934Z"}
{"level":"info","message":"User aliftan joined room 1ea819dd-1822-49fd-948f-09c290a831fd. Total users: 1","timestamp":"2024-09-30T13:16:58.939Z"}
{"level":"info","message":"User aliftan joined room 1ea819dd-1822-49fd-948f-09c290a831fd. Total users: 1","timestamp":"2024-09-30T13:16:58.967Z"}
{"level":"info","message":"New connection: Fh9TpgKBBInzuvKbAATT","timestamp":"2024-09-30T13:16:58.969Z"}
{"level":"info","message":"User wira joined room 1ea819dd-1822-49fd-948f-09c290a831fd. Total users: 2","timestamp":"2024-09-30T13:16:58.971Z"}
{"level":"info","message":"User aliftan joined room 1ea819dd-1822-49fd-948f-09c290a831fd. Total users: 2","timestamp":"2024-09-30T13:16:58.984Z"}
{"level":"info","message":"User wira joined room 1ea819dd-1822-49fd-948f-09c290a831fd. Total users: 2","timestamp":"2024-09-30T13:16:58.987Z"}
{"level":"info","message":"User wira joined room 1ea819dd-1822-49fd-948f-09c290a831fd. Total users: 2","timestamp":"2024-09-30T13:16:59.011Z"}
{"level":"info","message":"User aliftan left room 1ea819dd-1822-49fd-948f-09c290a831fd. Total users: 1","timestamp":"2024-09-30T13:17:04.026Z"}
{"level":"info","message":"User wira left room 1ea819dd-1822-49fd-948f-09c290a831fd. Total users: 0","timestamp":"2024-09-30T13:17:04.715Z"}
{"level":"info","message":"Room 1ea819dd-1822-49fd-948f-09c290a831fd deleted as it's empty","timestamp":"2024-09-30T13:17:04.715Z"}
{"level":"info","message":"New connection: ZOa7bB7R6gwgUWwUAATX","timestamp":"2024-09-30T13:17:05.438Z"}
{"level":"info","message":"New connection: NZIbuh1H6fnt5vY7AATY","timestamp":"2024-09-30T13:17:05.557Z"}
{"level":"info","message":"New connection: RRaJTHV9FPGWxpH6AATZ","timestamp":"2024-09-30T13:17:05.558Z"}
{"level":"info","message":"User aliftan joined room 1ea819dd-1822-49fd-948f-09c290a831fd. Total users: 1","timestamp":"2024-09-30T13:17:05.573Z"}
{"level":"info","message":"User aliftan joined room 1ea819dd-1822-49fd-948f-09c290a831fd. Total users: 1","timestamp":"2024-09-30T13:17:05.574Z"}
{"level":"info","message":"User aliftan joined room 1ea819dd-1822-49fd-948f-09c290a831fd. Total users: 1","timestamp":"2024-09-30T13:17:05.575Z"}
{"level":"info","message":"New connection: WLCACFBjgyQRGjT4AATb","timestamp":"2024-09-30T13:17:05.577Z"}
{"level":"info","message":"User wira joined room 1ea819dd-1822-49fd-948f-09c290a831fd. Total users: 2","timestamp":"2024-09-30T13:17:05.583Z"}
{"level":"info","message":"User wira left room 1ea819dd-1822-49fd-948f-09c290a831fd. Total users: 1","timestamp":"2024-09-30T13:17:05.584Z"}
{"level":"info","message":"User wira joined room 1ea819dd-1822-49fd-948f-09c290a831fd. Total users: 2","timestamp":"2024-09-30T13:17:05.586Z"}
{"level":"info","message":"User wira left room 1ea819dd-1822-49fd-948f-09c290a831fd. Total users: 1","timestamp":"2024-09-30T13:17:05.586Z"}
{"level":"info","message":"User aliftan left room 1ea819dd-1822-49fd-948f-09c290a831fd. Total users: 0","timestamp":"2024-09-30T13:17:05.593Z"}
{"level":"info","message":"Room 1ea819dd-1822-49fd-948f-09c290a831fd deleted as it's empty","timestamp":"2024-09-30T13:17:05.594Z"}
{"level":"info","message":"User aliftan joined room 1ea819dd-1822-49fd-948f-09c290a831fd. Total users: 1","timestamp":"2024-09-30T13:17:05.594Z"}
{"level":"info","message":"New connection: ozos_AoHpiLRecNNAATd","timestamp":"2024-09-30T13:17:05.608Z"}
{"level":"info","message":"New connection: qi_HInLuMbTVW-brAATf","timestamp":"2024-09-30T13:17:05.706Z"}
{"level":"info","message":"User wira joined room 1ea819dd-1822-49fd-948f-09c290a831fd. Total users: 2","timestamp":"2024-09-30T13:17:05.707Z"}
{"level":"info","message":"User wira left room 1ea819dd-1822-49fd-948f-09c290a831fd. Total users: 1","timestamp":"2024-09-30T13:17:05.708Z"}
{"level":"info","message":"User wira joined room 1ea819dd-1822-49fd-948f-09c290a831fd. Total users: 2","timestamp":"2024-09-30T13:17:05.709Z"}
{"level":"info","message":"User wira left room 1ea819dd-1822-49fd-948f-09c290a831fd. Total users: 1","timestamp":"2024-09-30T13:17:05.712Z"}
{"level":"info","message":"New connection: Xu5lH6f2M5cXK_KuAATi","timestamp":"2024-09-30T13:17:05.730Z"}
{"level":"info","message":"User wira joined room 1ea819dd-1822-49fd-948f-09c290a831fd. Total users: 2","timestamp":"2024-09-30T13:17:05.736Z"}
{"level":"info","message":"User wira left room 1ea819dd-1822-49fd-948f-09c290a831fd. Total users: 1","timestamp":"2024-09-30T13:17:05.737Z"}
{"level":"info","message":"User wira joined room 1ea819dd-1822-49fd-948f-09c290a831fd. Total users: 2","timestamp":"2024-09-30T13:17:05.738Z"}
{"level":"info","message":"User wira left room 1ea819dd-1822-49fd-948f-09c290a831fd. Total users: 1","timestamp":"2024-09-30T13:17:05.739Z"}
{"level":"info","message":"New connection: QwAByWpcPI-f_XN4AATj","timestamp":"2024-09-30T13:17:05.740Z"}
{"level":"info","message":"User wira joined room 1ea819dd-1822-49fd-948f-09c290a831fd. Total users: 2","timestamp":"2024-09-30T13:17:05.749Z"}
{"level":"info","message":"User wira joined room 1ea819dd-1822-49fd-948f-09c290a831fd. Total users: 2","timestamp":"2024-09-30T13:17:05.751Z"}
{"level":"info","message":"User wira left room 1ea819dd-1822-49fd-948f-09c290a831fd. Total users: 1","timestamp":"2024-09-30T13:17:05.756Z"}
{"level":"info","message":"New connection: FRhprTN67siOUuHuAATm","timestamp":"2024-09-30T13:17:05.772Z"}
{"level":"info","message":"User wira joined room 1ea819dd-1822-49fd-948f-09c290a831fd. Total users: 2","timestamp":"2024-09-30T13:17:05.775Z"}
{"level":"info","message":"User wira left room 1ea819dd-1822-49fd-948f-09c290a831fd. Total users: 1","timestamp":"2024-09-30T13:17:05.777Z"}
{"level":"info","message":"User wira joined room 1ea819dd-1822-49fd-948f-09c290a831fd. Total users: 2","timestamp":"2024-09-30T13:17:05.778Z"}
{"level":"info","message":"User wira left room 1ea819dd-1822-49fd-948f-09c290a831fd. Total users: 1","timestamp":"2024-09-30T13:17:05.779Z"}
{"level":"info","message":"New connection: ZlYXSwpNwx-ZBGvAAATo","timestamp":"2024-09-30T13:17:05.795Z"}
{"level":"info","message":"User wira joined room 1ea819dd-1822-49fd-948f-09c290a831fd. Total users: 2","timestamp":"2024-09-30T13:17:05.801Z"}
{"level":"info","message":"User wira left room 1ea819dd-1822-49fd-948f-09c290a831fd. Total users: 1","timestamp":"2024-09-30T13:17:05.803Z"}
{"level":"info","message":"User wira joined room 1ea819dd-1822-49fd-948f-09c290a831fd. Total users: 2","timestamp":"2024-09-30T13:17:05.804Z"}
{"level":"info","message":"New connection: BDF3GYPdn_nzRpUEAATp","timestamp":"2024-09-30T13:17:05.806Z"}
{"level":"info","message":"User wira left room 1ea819dd-1822-49fd-948f-09c290a831fd. Total users: 1","timestamp":"2024-09-30T13:17:05.809Z"}
{"level":"info","message":"User wira joined room 1ea819dd-1822-49fd-948f-09c290a831fd. Total users: 2","timestamp":"2024-09-30T13:17:05.815Z"}
{"level":"info","message":"User wira joined room 1ea819dd-1822-49fd-948f-09c290a831fd. Total users: 2","timestamp":"2024-09-30T13:17:05.817Z"}
{"level":"info","message":"User wira left room 1ea819dd-1822-49fd-948f-09c290a831fd. Total users: 1","timestamp":"2024-09-30T13:17:05.827Z"}
{"level":"info","message":"New connection: NQ8nZEuF7g6EKTWKAATs","timestamp":"2024-09-30T13:17:05.871Z"}
{"level":"info","message":"New connection: y6uEw52WKIjeWzo-AATt","timestamp":"2024-09-30T13:17:05.873Z"}
{"level":"info","message":"User wira joined room 1ea819dd-1822-49fd-948f-09c290a831fd. Total users: 2","timestamp":"2024-09-30T13:17:05.876Z"}
{"level":"info","message":"User wira left room 1ea819dd-1822-49fd-948f-09c290a831fd. Total users: 1","timestamp":"2024-09-30T13:17:05.878Z"}
{"level":"info","message":"User wira joined room 1ea819dd-1822-49fd-948f-09c290a831fd. Total users: 2","timestamp":"2024-09-30T13:17:05.879Z"}
{"level":"info","message":"User wira joined room 1ea819dd-1822-49fd-948f-09c290a831fd. Total users: 3","timestamp":"2024-09-30T13:17:05.880Z"}
{"level":"info","message":"User wira joined room 1ea819dd-1822-49fd-948f-09c290a831fd. Total users: 3","timestamp":"2024-09-30T13:17:05.881Z"}
{"level":"info","message":"User wira joined room 1ea819dd-1822-49fd-948f-09c290a831fd. Total users: 3","timestamp":"2024-09-30T13:17:05.882Z"}
{"level":"info","message":"User wira left room 1ea819dd-1822-49fd-948f-09c290a831fd. Total users: 2","timestamp":"2024-09-30T13:17:05.883Z"}
{"level":"info","message":"User wira joined room 1ea819dd-1822-49fd-948f-09c290a831fd. Total users: 2","timestamp":"2024-09-30T13:17:05.886Z"}
{"level":"info","message":"User aliftan joined room 1ea819dd-1822-49fd-948f-09c290a831fd. Total users: 2","timestamp":"2024-09-30T13:17:06.216Z"}
{"level":"info","message":"User aliftan joined room 1ea819dd-1822-49fd-948f-09c290a831fd. Total users: 2","timestamp":"2024-09-30T13:17:06.288Z"}
{"level":"info","message":"User wira joined room 1ea819dd-1822-49fd-948f-09c290a831fd. Total users: 2","timestamp":"2024-09-30T13:17:06.601Z"}
